Timing Analyzer report for hello
Sun Mar 29 22:34:51 2026
Quartus Prime Version 24.1std.0 Build 1077 03/04/2025 SC Lite Edition


---------------------
; Table of Contents ;
---------------------
  1. Legal Notice
  2. Timing Analyzer Summary
  3. Parallel Compilation
  4. SDC File List
  5. Clocks
  6. Slow 1200mV 85C Model Fmax Summary
  7. Timing Closure Recommendations
  8. Slow 1200mV 85C Model Setup Summary
  9. Slow 1200mV 85C Model Hold Summary
 10. Slow 1200mV 85C Model Recovery Summary
 11. Slow 1200mV 85C Model Removal Summary
 12. Slow 1200mV 85C Model Minimum Pulse Width Summary
 13. Slow 1200mV 85C Model Setup: 'clk'
 14. Slow 1200mV 85C Model Hold: 'clk'
 15. Slow 1200mV 85C Model Metastability Summary
 16. Slow 1200mV 0C Model Fmax Summary
 17. Slow 1200mV 0C Model Setup Summary
 18. Slow 1200mV 0C Model Hold Summary
 19. Slow 1200mV 0C Model Recovery Summary
 20. Slow 1200mV 0C Model Removal Summary
 21. Slow 1200mV 0C Model Minimum Pulse Width Summary
 22. Slow 1200mV 0C Model Setup: 'clk'
 23. Slow 1200mV 0C Model Hold: 'clk'
 24. Slow 1200mV 0C Model Metastability Summary
 25. Fast 1200mV 0C Model Setup Summary
 26. Fast 1200mV 0C Model Hold Summary
 27. Fast 1200mV 0C Model Recovery Summary
 28. Fast 1200mV 0C Model Removal Summary
 29. Fast 1200mV 0C Model Minimum Pulse Width Summary
 30. Fast 1200mV 0C Model Setup: 'clk'
 31. Fast 1200mV 0C Model Hold: 'clk'
 32. Fast 1200mV 0C Model Metastability Summary
 33. Multicorner Timing Analysis Summary
 34. Board Trace Model Assignments
 35. Input Transition Times
 36. Signal Integrity Metrics (Slow 1200mv 0c Model)
 37. Signal Integrity Metrics (Slow 1200mv 85c Model)
 38. Signal Integrity Metrics (Fast 1200mv 0c Model)
 39. Setup Transfers
 40. Hold Transfers
 41. Report TCCS
 42. Report RSKM
 43. Unconstrained Paths Summary
 44. Clock Status Summary
 45. Unconstrained Input Ports
 46. Unconstrained Output Ports
 47. Unconstrained Input Ports
 48. Unconstrained Output Ports
 49. Timing Analyzer Messages



----------------
; Legal Notice ;
----------------
Copyright (C) 2025  Altera Corporation. All rights reserved.
Your use of Altera Corporation's design tools, logic functions 
and other software and tools, and any partner logic 
functions, and any output files from any of the foregoing 
(including device programming or simulation files), and any 
associated documentation or information are expressly subject 
to the terms and conditions of the Altera Program License 
Subscription Agreement, the Altera Quartus Prime License Agreement,
the Altera IP License Agreement, or other applicable license
agreement, including, without limitation, that your use is for
the sole purpose of programming logic devices manufactured by
Altera and sold by Altera or its authorized distributors.  Please
refer to the Altera Software License Subscription Agreements 
on the Quartus Prime software download page.



+---------------------------------------------------------------------------------+
; Timing Analyzer Summary                                                         ;
+-----------------------+---------------------------------------------------------+
; Quartus Prime Version ; Version 24.1std.0 Build 1077 03/04/2025 SC Lite Edition ;
; Timing Analyzer       ; Timing Analyzer                                         ;
; Revision Name         ; hello                                                   ;
; Device Family         ; Cyclone 10 LP                                           ;
; Device Name           ; 10CL006YE144C8G                                         ;
; Timing Models         ; Final                                                   ;
; Delay Model           ; Combined                                                ;
; Rise/Fall Delays      ; Enabled                                                 ;
+-----------------------+---------------------------------------------------------+


+------------------------------------------+
; Parallel Compilation                     ;
+----------------------------+-------------+
; Processors                 ; Number      ;
+----------------------------+-------------+
; Number detected on machine ; 20          ;
; Maximum allowed            ; 12          ;
;                            ;             ;
; Average used               ; 1.85        ;
; Maximum used               ; 12          ;
;                            ;             ;
; Usage by Processor         ; % Time Used ;
;     Processor 1            ; 100.0%      ;
;     Processors 2-12        ;   7.7%      ;
+----------------------------+-------------+


+---------------------------------------------------+
; SDC File List                                     ;
+---------------+--------+--------------------------+
; SDC File Path ; Status ; Read at                  ;
+---------------+--------+--------------------------+
; hello.sdc     ; OK     ; Sun Mar 29 22:34:50 2026 ;
+---------------+--------+--------------------------+


+---------------------------------------------------------------------------------------------------------------------------------------------------------------------------------+
; Clocks                                                                                                                                                                          ;
+------------+------+--------+-----------+-------+--------+------------+-----------+-------------+-------+--------+-----------+------------+----------+--------+--------+---------+
; Clock Name ; Type ; Period ; Frequency ; Rise  ; Fall   ; Duty Cycle ; Divide by ; Multiply by ; Phase ; Offset ; Edge List ; Edge Shift ; Inverted ; Master ; Source ; Targets ;
+------------+------+--------+-----------+-------+--------+------------+-----------+-------------+-------+--------+-----------+------------+----------+--------+--------+---------+
; clk        ; Base ; 20.000 ; 50.0 MHz  ; 0.000 ; 10.000 ;            ;           ;             ;       ;        ;           ;            ;          ;        ;        ; { clk } ;
+------------+------+--------+-----------+-------+--------+------------+-----------+-------------+-------+--------+-----------+------------+----------+--------+--------+---------+


+-------------------------------------------------+
; Slow 1200mV 85C Model Fmax Summary              ;
+-----------+-----------------+------------+------+
; Fmax      ; Restricted Fmax ; Clock Name ; Note ;
+-----------+-----------------+------------+------+
; 60.14 MHz ; 60.14 MHz       ; clk        ;      ;
+-----------+-----------------+------------+------+
This panel reports FMAX for every clock in the design, regardless of the user-specified clock periods.  FMAX is only computed for paths where the source and destination registers or ports are driven by the same clock.  Paths of different clocks, including generated clocks, are ignored.  For paths between a clock and its inversion, FMAX is computed as if the rising and falling edges are scaled along with FMAX, such that the duty cycle (in terms of a percentage) is maintained. Altera recommends that you always use clock constraints and other slack reports for sign-off analysis.


----------------------------------
; Timing Closure Recommendations ;
----------------------------------
HTML report is unavailable in plain text report export.


+-------------------------------------+
; Slow 1200mV 85C Model Setup Summary ;
+-------+-------+---------------------+
; Clock ; Slack ; End Point TNS       ;
+-------+-------+---------------------+
; clk   ; 3.372 ; 0.000               ;
+-------+-------+---------------------+


+------------------------------------+
; Slow 1200mV 85C Model Hold Summary ;
+-------+-------+--------------------+
; Clock ; Slack ; End Point TNS      ;
+-------+-------+--------------------+
; clk   ; 0.452 ; 0.000              ;
+-------+-------+--------------------+


------------------------------------------
; Slow 1200mV 85C Model Recovery Summary ;
------------------------------------------
No paths to report.


-----------------------------------------
; Slow 1200mV 85C Model Removal Summary ;
-----------------------------------------
No paths to report.


+---------------------------------------------------+
; Slow 1200mV 85C Model Minimum Pulse Width Summary ;
+-------+-------+-----------------------------------+
; Clock ; Slack ; End Point TNS                     ;
+-------+-------+-----------------------------------+
; clk   ; 9.737 ; 0.000                             ;
+-------+-------+-----------------------------------+


+--------------------------------------------------------------------------------------------------------------------------------------------------------------------+
; Slow 1200mV 85C Model Setup: 'clk'                                                                                                                                 ;
+-------+--------------------------------------------+-----------------------------------------+--------------+-------------+--------------+------------+------------+
; Slack ; From Node                                  ; To Node                                 ; Launch Clock ; Latch Clock ; Relationship ; Clock Skew ; Data Delay ;
+-------+--------------------------------------------+-----------------------------------------+--------------+-------------+--------------+------------+------------+
; 3.372 ; pollard:pollard0|multiply:mul0|shifter[9]  ; pollard:pollard0|multiply:mul0|res[124] ; clk          ; clk         ; 20.000       ; -0.072     ; 16.577     ;
; 3.431 ; pollard:pollard0|multiply:mul0|shifter[9]  ; pollard:pollard0|multiply:mul0|res[127] ; clk          ; clk         ; 20.000       ; -0.072     ; 16.518     ;
; 3.553 ; pollard:pollard0|multiply:mul0|shifter[10] ; pollard:pollard0|multiply:mul0|res[124] ; clk          ; clk         ; 20.000       ; -0.072     ; 16.396     ;
; 3.612 ; pollard:pollard0|multiply:mul0|shifter[10] ; pollard:pollard0|multiply:mul0|res[127] ; clk          ; clk         ; 20.000       ; -0.072     ; 16.337     ;
; 3.633 ; pollard:pollard0|multiply:mul0|inter[11]   ; pollard:pollard0|multiply:mul0|res[124] ; clk          ; clk         ; 20.000       ; -0.076     ; 16.312     ;
; 3.640 ; pollard:pollard0|multiply:mul0|shifter[11] ; pollard:pollard0|multiply:mul0|res[124] ; clk          ; clk         ; 20.000       ; -0.072     ; 16.309     ;
; 3.699 ; pollard:pollard0|multiply:mul0|shifter[11] ; pollard:pollard0|multiply:mul0|res[127] ; clk          ; clk         ; 20.000       ; -0.072     ; 16.250     ;
; 3.730 ; pollard:pollard0|multiply:mul0|shifter[7]  ; pollard:pollard0|multiply:mul0|res[124] ; clk          ; clk         ; 20.000       ; -0.072     ; 16.219     ;
; 3.741 ; pollard:pollard0|multiply:mul0|shifter[9]  ; pollard:pollard0|multiply:mul0|res[125] ; clk          ; clk         ; 20.000       ; -0.072     ; 16.208     ;
; 3.772 ; pollard:pollard0|multiply:mul0|shifter[2]  ; pollard:pollard0|multiply:mul0|res[124] ; clk          ; clk         ; 20.000       ; -0.072     ; 16.177     ;
; 3.789 ; pollard:pollard0|multiply:mul0|shifter[7]  ; pollard:pollard0|multiply:mul0|res[127] ; clk          ; clk         ; 20.000       ; -0.072     ; 16.160     ;
; 3.794 ; pollard:pollard0|multiply:mul1|shifter[2]  ; pollard:pollard0|multiply:mul1|res[126] ; clk          ; clk         ; 20.000       ; -0.080     ; 16.147     ;
; 3.803 ; pollard:pollard0|multiply:mul0|inter[11]   ; pollard:pollard0|multiply:mul0|res[127] ; clk          ; clk         ; 20.000       ; -0.076     ; 16.142     ;
; 3.829 ; pollard:pollard0|multiply:mul0|shifter[1]  ; pollard:pollard0|multiply:mul0|res[124] ; clk          ; clk         ; 20.000       ; -0.072     ; 16.120     ;
; 3.850 ; pollard:pollard0|multiply:mul0|shifter[9]  ; pollard:pollard0|multiply:mul0|res[126] ; clk          ; clk         ; 20.000       ; -0.072     ; 16.099     ;
; 3.851 ; pollard:pollard0|multiply:mul0|shifter[12] ; pollard:pollard0|multiply:mul0|res[124] ; clk          ; clk         ; 20.000       ; -0.072     ; 16.098     ;
; 3.887 ; pollard:pollard0|multiply:mul0|shifter[9]  ; pollard:pollard0|multiply:mul0|res[123] ; clk          ; clk         ; 20.000       ; -0.072     ; 16.062     ;
; 3.888 ; pollard:pollard0|multiply:mul0|shifter[1]  ; pollard:pollard0|multiply:mul0|res[127] ; clk          ; clk         ; 20.000       ; -0.072     ; 16.061     ;
; 3.896 ; pollard:pollard0|multiply:mul0|inter[10]   ; pollard:pollard0|multiply:mul0|res[124] ; clk          ; clk         ; 20.000       ; -0.068     ; 16.057     ;
; 3.896 ; pollard:pollard0|multiply:mul1|shifter[2]  ; pollard:pollard0|multiply:mul1|res[125] ; clk          ; clk         ; 20.000       ; -0.080     ; 16.045     ;
; 3.910 ; pollard:pollard0|multiply:mul0|shifter[12] ; pollard:pollard0|multiply:mul0|res[127] ; clk          ; clk         ; 20.000       ; -0.072     ; 16.039     ;
; 3.911 ; pollard:pollard0|multiply:mul0|shifter[8]  ; pollard:pollard0|multiply:mul0|res[124] ; clk          ; clk         ; 20.000       ; -0.072     ; 16.038     ;
; 3.917 ; pollard:pollard0|multiply:mul1|shifter[2]  ; pollard:pollard0|multiply:mul1|res[123] ; clk          ; clk         ; 20.000       ; -0.080     ; 16.024     ;
; 3.922 ; pollard:pollard0|multiply:mul0|shifter[10] ; pollard:pollard0|multiply:mul0|res[125] ; clk          ; clk         ; 20.000       ; -0.072     ; 16.027     ;
; 3.938 ; pollard:pollard0|multiply:mul1|shifter[2]  ; pollard:pollard0|multiply:mul1|res[124] ; clk          ; clk         ; 20.000       ; -0.080     ; 16.003     ;
; 3.944 ; pollard:pollard0|multiply:mul1|shifter[2]  ; pollard:pollard0|multiply:mul1|res[127] ; clk          ; clk         ; 20.000       ; -0.080     ; 15.997     ;
; 3.950 ; pollard:pollard0|multiply:mul0|shifter[14] ; pollard:pollard0|multiply:mul0|res[124] ; clk          ; clk         ; 20.000       ; -0.072     ; 15.999     ;
; 3.955 ; pollard:pollard0|multiply:mul0|inter[10]   ; pollard:pollard0|multiply:mul0|res[127] ; clk          ; clk         ; 20.000       ; -0.068     ; 15.998     ;
; 3.970 ; pollard:pollard0|multiply:mul0|shifter[8]  ; pollard:pollard0|multiply:mul0|res[127] ; clk          ; clk         ; 20.000       ; -0.072     ; 15.979     ;
; 3.971 ; pollard:pollard0|multiply:mul1|shifter[1]  ; pollard:pollard0|multiply:mul1|res[126] ; clk          ; clk         ; 20.000       ; -0.080     ; 15.970     ;
; 3.976 ; pollard:pollard0|multiply:mul0|ops[2]      ; pollard:pollard0|multiply:mul0|res[126] ; clk          ; clk         ; 20.000       ; -0.068     ; 15.977     ;
; 3.978 ; pollard:pollard0|multiply:mul0|shifter[9]  ; pollard:pollard0|multiply:mul0|res[122] ; clk          ; clk         ; 20.000       ; -0.072     ; 15.971     ;
; 4.001 ; pollard:pollard0|multiply:mul0|shifter[2]  ; pollard:pollard0|multiply:mul0|res[127] ; clk          ; clk         ; 20.000       ; -0.072     ; 15.948     ;
; 4.009 ; pollard:pollard0|multiply:mul0|shifter[14] ; pollard:pollard0|multiply:mul0|res[127] ; clk          ; clk         ; 20.000       ; -0.072     ; 15.940     ;
; 4.009 ; pollard:pollard0|multiply:mul0|shifter[11] ; pollard:pollard0|multiply:mul0|res[125] ; clk          ; clk         ; 20.000       ; -0.072     ; 15.940     ;
; 4.019 ; pollard:pollard0|multiply:mul0|shifter[9]  ; pollard:pollard0|multiply:mul0|res[119] ; clk          ; clk         ; 20.000       ; -0.072     ; 15.930     ;
; 4.031 ; pollard:pollard0|multiply:mul0|shifter[10] ; pollard:pollard0|multiply:mul0|res[126] ; clk          ; clk         ; 20.000       ; -0.072     ; 15.918     ;
; 4.033 ; pollard:pollard0|multiply:mul1|inter[1]    ; pollard:pollard0|multiply:mul1|res[126] ; clk          ; clk         ; 20.000       ; -0.079     ; 15.909     ;
; 4.033 ; pollard:pollard0|multiply:mul0|shifter[9]  ; pollard:pollard0|multiply:mul0|res[121] ; clk          ; clk         ; 20.000       ; -0.072     ; 15.916     ;
; 4.035 ; pollard:pollard0|multiply:mul1|inter[0]    ; pollard:pollard0|multiply:mul1|res[126] ; clk          ; clk         ; 20.000       ; -0.081     ; 15.905     ;
; 4.042 ; pollard:pollard0|multiply:mul0|inter[7]    ; pollard:pollard0|multiply:mul0|res[124] ; clk          ; clk         ; 20.000       ; -0.076     ; 15.903     ;
; 4.062 ; pollard:pollard0|multiply:mul1|shifter[2]  ; pollard:pollard0|multiply:mul1|res[121] ; clk          ; clk         ; 20.000       ; -0.080     ; 15.879     ;
; 4.068 ; pollard:pollard0|multiply:mul0|shifter[10] ; pollard:pollard0|multiply:mul0|res[123] ; clk          ; clk         ; 20.000       ; -0.072     ; 15.881     ;
; 4.073 ; pollard:pollard0|multiply:mul1|shifter[1]  ; pollard:pollard0|multiply:mul1|res[125] ; clk          ; clk         ; 20.000       ; -0.080     ; 15.868     ;
; 4.094 ; pollard:pollard0|multiply:mul1|shifter[1]  ; pollard:pollard0|multiply:mul1|res[123] ; clk          ; clk         ; 20.000       ; -0.080     ; 15.847     ;
; 4.099 ; pollard:pollard0|multiply:mul0|shifter[7]  ; pollard:pollard0|multiply:mul0|res[125] ; clk          ; clk         ; 20.000       ; -0.072     ; 15.850     ;
; 4.111 ; pollard:pollard0|multiply:mul0|inter[11]   ; pollard:pollard0|multiply:mul0|res[126] ; clk          ; clk         ; 20.000       ; -0.076     ; 15.834     ;
; 4.113 ; pollard:pollard0|multiply:mul0|inter[11]   ; pollard:pollard0|multiply:mul0|res[125] ; clk          ; clk         ; 20.000       ; -0.076     ; 15.832     ;
; 4.115 ; pollard:pollard0|multiply:mul1|shifter[1]  ; pollard:pollard0|multiply:mul1|res[124] ; clk          ; clk         ; 20.000       ; -0.080     ; 15.826     ;
; 4.118 ; pollard:pollard0|multiply:mul0|shifter[11] ; pollard:pollard0|multiply:mul0|res[126] ; clk          ; clk         ; 20.000       ; -0.072     ; 15.831     ;
; 4.118 ; pollard:pollard0|multiply:mul0|ops[2]      ; pollard:pollard0|multiply:mul0|res[124] ; clk          ; clk         ; 20.000       ; -0.068     ; 15.835     ;
; 4.121 ; pollard:pollard0|multiply:mul1|shifter[1]  ; pollard:pollard0|multiply:mul1|res[127] ; clk          ; clk         ; 20.000       ; -0.080     ; 15.820     ;
; 4.137 ; pollard:pollard0|multiply:mul1|inter[0]    ; pollard:pollard0|multiply:mul1|res[125] ; clk          ; clk         ; 20.000       ; -0.081     ; 15.803     ;
; 4.155 ; pollard:pollard0|multiply:mul0|shifter[11] ; pollard:pollard0|multiply:mul0|res[123] ; clk          ; clk         ; 20.000       ; -0.072     ; 15.794     ;
; 4.158 ; pollard:pollard0|multiply:mul1|inter[0]    ; pollard:pollard0|multiply:mul1|res[123] ; clk          ; clk         ; 20.000       ; -0.081     ; 15.782     ;
; 4.159 ; pollard:pollard0|multiply:mul0|shifter[10] ; pollard:pollard0|multiply:mul0|res[122] ; clk          ; clk         ; 20.000       ; -0.072     ; 15.790     ;
; 4.176 ; pollard:pollard0|multiply:mul0|inter[13]   ; pollard:pollard0|multiply:mul0|res[124] ; clk          ; clk         ; 20.000       ; -0.075     ; 15.770     ;
; 4.177 ; pollard:pollard0|multiply:mul1|inter[1]    ; pollard:pollard0|multiply:mul1|res[124] ; clk          ; clk         ; 20.000       ; -0.079     ; 15.765     ;
; 4.179 ; pollard:pollard0|multiply:mul1|inter[0]    ; pollard:pollard0|multiply:mul1|res[124] ; clk          ; clk         ; 20.000       ; -0.081     ; 15.761     ;
; 4.185 ; pollard:pollard0|multiply:mul1|inter[0]    ; pollard:pollard0|multiply:mul1|res[127] ; clk          ; clk         ; 20.000       ; -0.081     ; 15.755     ;
; 4.195 ; pollard:pollard0|multiply:mul0|inter[7]    ; pollard:pollard0|multiply:mul0|res[127] ; clk          ; clk         ; 20.000       ; -0.076     ; 15.750     ;
; 4.198 ; pollard:pollard0|multiply:mul0|shifter[1]  ; pollard:pollard0|multiply:mul0|res[125] ; clk          ; clk         ; 20.000       ; -0.072     ; 15.751     ;
; 4.200 ; pollard:pollard0|multiply:mul0|shifter[10] ; pollard:pollard0|multiply:mul0|res[119] ; clk          ; clk         ; 20.000       ; -0.072     ; 15.749     ;
; 4.206 ; pollard:pollard0|multiply:mul1|inter[2]    ; pollard:pollard0|multiply:mul1|res[126] ; clk          ; clk         ; 20.000       ; -0.079     ; 15.736     ;
; 4.207 ; pollard:pollard0|multiply:mul0|shifter[9]  ; pollard:pollard0|multiply:mul0|res[117] ; clk          ; clk         ; 20.000       ; -0.072     ; 15.742     ;
; 4.208 ; pollard:pollard0|multiply:mul0|shifter[7]  ; pollard:pollard0|multiply:mul0|res[126] ; clk          ; clk         ; 20.000       ; -0.072     ; 15.741     ;
; 4.210 ; pollard:pollard0|multiply:mul1|inter[7]    ; pollard:pollard0|multiply:mul1|res[126] ; clk          ; clk         ; 20.000       ; -0.079     ; 15.732     ;
; 4.214 ; pollard:pollard0|multiply:mul0|shifter[10] ; pollard:pollard0|multiply:mul0|res[121] ; clk          ; clk         ; 20.000       ; -0.072     ; 15.735     ;
; 4.220 ; pollard:pollard0|multiply:mul0|shifter[12] ; pollard:pollard0|multiply:mul0|res[125] ; clk          ; clk         ; 20.000       ; -0.072     ; 15.729     ;
; 4.231 ; pollard:pollard0|multiply:mul0|shifter[9]  ; pollard:pollard0|multiply:mul0|res[118] ; clk          ; clk         ; 20.000       ; -0.072     ; 15.718     ;
; 4.235 ; pollard:pollard0|multiply:mul0|inter[13]   ; pollard:pollard0|multiply:mul0|res[127] ; clk          ; clk         ; 20.000       ; -0.075     ; 15.711     ;
; 4.236 ; pollard:pollard0|multiply:mul0|inter[14]   ; pollard:pollard0|multiply:mul0|res[124] ; clk          ; clk         ; 20.000       ; -0.066     ; 15.719     ;
; 4.239 ; pollard:pollard0|multiply:mul1|shifter[1]  ; pollard:pollard0|multiply:mul1|res[121] ; clk          ; clk         ; 20.000       ; -0.080     ; 15.702     ;
; 4.240 ; pollard:pollard0|multiply:mul0|inter[1]    ; pollard:pollard0|multiply:mul0|res[124] ; clk          ; clk         ; 20.000       ; -0.072     ; 15.709     ;
; 4.245 ; pollard:pollard0|multiply:mul0|shifter[7]  ; pollard:pollard0|multiply:mul0|res[123] ; clk          ; clk         ; 20.000       ; -0.072     ; 15.704     ;
; 4.246 ; pollard:pollard0|multiply:mul0|shifter[11] ; pollard:pollard0|multiply:mul0|res[122] ; clk          ; clk         ; 20.000       ; -0.072     ; 15.703     ;
; 4.246 ; pollard:pollard0|multiply:mul1|inter[1]    ; pollard:pollard0|multiply:mul1|res[125] ; clk          ; clk         ; 20.000       ; -0.079     ; 15.696     ;
; 4.250 ; pollard:pollard0|multiply:mul0|shifter[2]  ; pollard:pollard0|multiply:mul0|res[126] ; clk          ; clk         ; 20.000       ; -0.072     ; 15.699     ;
; 4.252 ; pollard:pollard0|multiply:mul1|shifter[8]  ; pollard:pollard0|multiply:mul1|res[126] ; clk          ; clk         ; 20.000       ; -0.080     ; 15.689     ;
; 4.255 ; pollard:pollard0|multiply:mul0|inter[0]    ; pollard:pollard0|multiply:mul0|res[124] ; clk          ; clk         ; 20.000       ; -0.067     ; 15.699     ;
; 4.257 ; pollard:pollard0|multiply:mul1|inter[3]    ; pollard:pollard0|multiply:mul1|res[126] ; clk          ; clk         ; 20.000       ; -0.079     ; 15.685     ;
; 4.258 ; pollard:pollard0|multiply:mul0|inter[11]   ; pollard:pollard0|multiply:mul0|res[122] ; clk          ; clk         ; 20.000       ; -0.076     ; 15.687     ;
; 4.259 ; pollard:pollard0|multiply:mul0|inter[11]   ; pollard:pollard0|multiply:mul0|res[123] ; clk          ; clk         ; 20.000       ; -0.076     ; 15.686     ;
; 4.265 ; pollard:pollard0|multiply:mul0|inter[10]   ; pollard:pollard0|multiply:mul0|res[125] ; clk          ; clk         ; 20.000       ; -0.068     ; 15.688     ;
; 4.267 ; pollard:pollard0|multiply:mul1|inter[1]    ; pollard:pollard0|multiply:mul1|res[123] ; clk          ; clk         ; 20.000       ; -0.079     ; 15.675     ;
; 4.280 ; pollard:pollard0|multiply:mul0|shifter[8]  ; pollard:pollard0|multiply:mul0|res[125] ; clk          ; clk         ; 20.000       ; -0.072     ; 15.669     ;
; 4.281 ; pollard:pollard0|multiply:mul0|shifter[13] ; pollard:pollard0|multiply:mul0|res[124] ; clk          ; clk         ; 20.000       ; -0.072     ; 15.668     ;
; 4.287 ; pollard:pollard0|multiply:mul0|shifter[11] ; pollard:pollard0|multiply:mul0|res[119] ; clk          ; clk         ; 20.000       ; -0.072     ; 15.662     ;
; 4.292 ; pollard:pollard0|multiply:mul0|shifter[15] ; pollard:pollard0|multiply:mul0|res[124] ; clk          ; clk         ; 20.000       ; -0.072     ; 15.657     ;
; 4.293 ; pollard:pollard0|multiply:mul0|shifter[9]  ; pollard:pollard0|multiply:mul0|res[120] ; clk          ; clk         ; 20.000       ; -0.072     ; 15.656     ;
; 4.294 ; pollard:pollard0|multiply:mul1|inter[1]    ; pollard:pollard0|multiply:mul1|res[127] ; clk          ; clk         ; 20.000       ; -0.079     ; 15.648     ;
; 4.295 ; pollard:pollard0|multiply:mul0|inter[14]   ; pollard:pollard0|multiply:mul0|res[127] ; clk          ; clk         ; 20.000       ; -0.066     ; 15.660     ;
; 4.301 ; pollard:pollard0|multiply:mul0|shifter[11] ; pollard:pollard0|multiply:mul0|res[121] ; clk          ; clk         ; 20.000       ; -0.072     ; 15.648     ;
; 4.303 ; pollard:pollard0|multiply:mul1|inter[0]    ; pollard:pollard0|multiply:mul1|res[121] ; clk          ; clk         ; 20.000       ; -0.081     ; 15.637     ;
; 4.307 ; pollard:pollard0|multiply:mul0|shifter[1]  ; pollard:pollard0|multiply:mul0|res[126] ; clk          ; clk         ; 20.000       ; -0.072     ; 15.642     ;
; 4.308 ; pollard:pollard0|multiply:mul1|inter[2]    ; pollard:pollard0|multiply:mul1|res[125] ; clk          ; clk         ; 20.000       ; -0.079     ; 15.634     ;
; 4.311 ; pollard:pollard0|multiply:mul0|shifter[2]  ; pollard:pollard0|multiply:mul0|res[125] ; clk          ; clk         ; 20.000       ; -0.072     ; 15.638     ;
; 4.314 ; pollard:pollard0|multiply:mul0|inter[0]    ; pollard:pollard0|multiply:mul0|res[127] ; clk          ; clk         ; 20.000       ; -0.067     ; 15.640     ;
; 4.319 ; pollard:pollard0|multiply:mul0|shifter[14] ; pollard:pollard0|multiply:mul0|res[125] ; clk          ; clk         ; 20.000       ; -0.072     ; 15.630     ;
; 4.325 ; pollard:pollard0|multiply:mul0|inter[1]    ; pollard:pollard0|multiply:mul0|res[127] ; clk          ; clk         ; 20.000       ; -0.072     ; 15.624     ;
+-------+--------------------------------------------+-----------------------------------------+--------------+-------------+--------------+------------+------------+


+-------------------------------------------------------------------------------------------------------------------------------------------------------------------------+
; Slow 1200mV 85C Model Hold: 'clk'                                                                                                                                       ;
+-------+---------------------------------------------+---------------------------------------------+--------------+-------------+--------------+------------+------------+
; Slack ; From Node                                   ; To Node                                     ; Launch Clock ; Latch Clock ; Relationship ; Clock Skew ; Data Delay ;
+-------+---------------------------------------------+---------------------------------------------+--------------+-------------+--------------+------------+------------+
; 0.452 ; pollard:pollard0|multiply:mul1|sizer[0]     ; pollard:pollard0|multiply:mul1|sizer[0]     ; clk          ; clk         ; 0.000        ; 0.082      ; 0.746      ;
; 0.452 ; pollard:pollard0|state.00010                ; pollard:pollard0|state.00010                ; clk          ; clk         ; 0.000        ; 0.082      ; 0.746      ;
; 0.452 ; pollard:pollard0|multiply:mul0|res[0]       ; pollard:pollard0|multiply:mul0|res[0]       ; clk          ; clk         ; 0.000        ; 0.082      ; 0.746      ;
; 0.452 ; pollard:pollard0|multiply:mul1|i[2]         ; pollard:pollard0|multiply:mul1|i[2]         ; clk          ; clk         ; 0.000        ; 0.082      ; 0.746      ;
; 0.452 ; pollard:pollard0|multiply:mul1|i[1]         ; pollard:pollard0|multiply:mul1|i[1]         ; clk          ; clk         ; 0.000        ; 0.082      ; 0.746      ;
; 0.452 ; pollard:pollard0|mul1_x[18]                 ; pollard:pollard0|mul1_x[18]                 ; clk          ; clk         ; 0.000        ; 0.082      ; 0.746      ;
; 0.452 ; pollard:pollard0|state.00101                ; pollard:pollard0|state.00101                ; clk          ; clk         ; 0.000        ; 0.082      ; 0.746      ;
; 0.452 ; pollard:pollard0|mul1_x[63]                 ; pollard:pollard0|mul1_x[63]                 ; clk          ; clk         ; 0.000        ; 0.082      ; 0.746      ;
; 0.452 ; pollard:pollard0|multiply:mul0|i[1]         ; pollard:pollard0|multiply:mul0|i[1]         ; clk          ; clk         ; 0.000        ; 0.082      ; 0.746      ;
; 0.452 ; pollard:pollard0|multiply:mul1|ls.011       ; pollard:pollard0|multiply:mul1|ls.011       ; clk          ; clk         ; 0.000        ; 0.082      ; 0.746      ;
; 0.452 ; pollard:pollard0|multiply:mul0|i[2]         ; pollard:pollard0|multiply:mul0|i[2]         ; clk          ; clk         ; 0.000        ; 0.082      ; 0.746      ;
; 0.452 ; pollard:pollard0|multiply:mul1|stop         ; pollard:pollard0|multiply:mul1|stop         ; clk          ; clk         ; 0.000        ; 0.082      ; 0.746      ;
; 0.452 ; pollard:pollard0|state.01000                ; pollard:pollard0|state.01000                ; clk          ; clk         ; 0.000        ; 0.082      ; 0.746      ;
; 0.452 ; pollard:pollard0|multiply:mul1|state.0001   ; pollard:pollard0|multiply:mul1|state.0001   ; clk          ; clk         ; 0.000        ; 0.082      ; 0.746      ;
; 0.452 ; pollard:pollard0|multiply:mul1|res[0]       ; pollard:pollard0|multiply:mul1|res[0]       ; clk          ; clk         ; 0.000        ; 0.082      ; 0.746      ;
; 0.452 ; pollard:pollard0|multiply:mul0|ls.011       ; pollard:pollard0|multiply:mul0|ls.011       ; clk          ; clk         ; 0.000        ; 0.082      ; 0.746      ;
; 0.453 ; pollard:pollard0|multiply:mul0|state.0001   ; pollard:pollard0|multiply:mul0|state.0001   ; clk          ; clk         ; 0.000        ; 0.081      ; 0.746      ;
; 0.453 ; send_number:senn|uart_transmit:send0|tx     ; send_number:senn|uart_transmit:send0|tx     ; clk          ; clk         ; 0.000        ; 0.081      ; 0.746      ;
; 0.453 ; send_number:senn|uart_transmit:send0|bit[3] ; send_number:senn|uart_transmit:send0|bit[3] ; clk          ; clk         ; 0.000        ; 0.081      ; 0.746      ;
; 0.453 ; send_number:senn|uart_transmit:send0|bit[1] ; send_number:senn|uart_transmit:send0|bit[1] ; clk          ; clk         ; 0.000        ; 0.081      ; 0.746      ;
; 0.453 ; send_number:senn|uart_transmit:send0|bit[2] ; send_number:senn|uart_transmit:send0|bit[2] ; clk          ; clk         ; 0.000        ; 0.081      ; 0.746      ;
; 0.453 ; send_number:senn|uart_transmit:send0|bit[0] ; send_number:senn|uart_transmit:send0|bit[0] ; clk          ; clk         ; 0.000        ; 0.081      ; 0.746      ;
; 0.453 ; pollard:pollard0|mul1_y[0]                  ; pollard:pollard0|mul1_y[0]                  ; clk          ; clk         ; 0.000        ; 0.081      ; 0.746      ;
; 0.453 ; pollard:pollard0|mul1_y[3]                  ; pollard:pollard0|mul1_y[3]                  ; clk          ; clk         ; 0.000        ; 0.081      ; 0.746      ;
; 0.453 ; pollard:pollard0|mul1_x[41]                 ; pollard:pollard0|mul1_x[41]                 ; clk          ; clk         ; 0.000        ; 0.081      ; 0.746      ;
; 0.453 ; pollard:pollard0|mul1_x[9]                  ; pollard:pollard0|mul1_x[9]                  ; clk          ; clk         ; 0.000        ; 0.081      ; 0.746      ;
; 0.453 ; send_number:senn|state[1]                   ; send_number:senn|state[1]                   ; clk          ; clk         ; 0.000        ; 0.081      ; 0.746      ;
; 0.453 ; send_number:senn|state[0]                   ; send_number:senn|state[0]                   ; clk          ; clk         ; 0.000        ; 0.081      ; 0.746      ;
; 0.453 ; pollard:pollard0|mul1_x[10]                 ; pollard:pollard0|mul1_x[10]                 ; clk          ; clk         ; 0.000        ; 0.081      ; 0.746      ;
; 0.453 ; pollard:pollard0|multiply:mul0|sizer[0]     ; pollard:pollard0|multiply:mul0|sizer[0]     ; clk          ; clk         ; 0.000        ; 0.081      ; 0.746      ;
; 0.453 ; pollard:pollard0|mul1_x[11]                 ; pollard:pollard0|mul1_x[11]                 ; clk          ; clk         ; 0.000        ; 0.081      ; 0.746      ;
; 0.453 ; pollard:pollard0|mul1_x[12]                 ; pollard:pollard0|mul1_x[12]                 ; clk          ; clk         ; 0.000        ; 0.081      ; 0.746      ;
; 0.453 ; pollard:pollard0|mul1_x[13]                 ; pollard:pollard0|mul1_x[13]                 ; clk          ; clk         ; 0.000        ; 0.081      ; 0.746      ;
; 0.453 ; pollard:pollard0|mul1_x[14]                 ; pollard:pollard0|mul1_x[14]                 ; clk          ; clk         ; 0.000        ; 0.081      ; 0.746      ;
; 0.453 ; pollard:pollard0|mul1_x[15]                 ; pollard:pollard0|mul1_x[15]                 ; clk          ; clk         ; 0.000        ; 0.081      ; 0.746      ;
; 0.453 ; pollard:pollard0|mul1_x[40]                 ; pollard:pollard0|mul1_x[40]                 ; clk          ; clk         ; 0.000        ; 0.081      ; 0.746      ;
; 0.453 ; pollard:pollard0|mul1_x[44]                 ; pollard:pollard0|mul1_x[44]                 ; clk          ; clk         ; 0.000        ; 0.081      ; 0.746      ;
; 0.453 ; pollard:pollard0|mul1_x[42]                 ; pollard:pollard0|mul1_x[42]                 ; clk          ; clk         ; 0.000        ; 0.081      ; 0.746      ;
; 0.453 ; pollard:pollard0|mul1_x[46]                 ; pollard:pollard0|mul1_x[46]                 ; clk          ; clk         ; 0.000        ; 0.081      ; 0.746      ;
; 0.453 ; pollard:pollard0|mul1_x[34]                 ; pollard:pollard0|mul1_x[34]                 ; clk          ; clk         ; 0.000        ; 0.081      ; 0.746      ;
; 0.453 ; pollard:pollard0|mul1_x[32]                 ; pollard:pollard0|mul1_x[32]                 ; clk          ; clk         ; 0.000        ; 0.081      ; 0.746      ;
; 0.453 ; pollard:pollard0|mul1_x[36]                 ; pollard:pollard0|mul1_x[36]                 ; clk          ; clk         ; 0.000        ; 0.081      ; 0.746      ;
; 0.453 ; pollard:pollard0|mul1_x[30]                 ; pollard:pollard0|mul1_x[30]                 ; clk          ; clk         ; 0.000        ; 0.081      ; 0.746      ;
; 0.453 ; pollard:pollard0|mul1_x[26]                 ; pollard:pollard0|mul1_x[26]                 ; clk          ; clk         ; 0.000        ; 0.081      ; 0.746      ;
; 0.453 ; pollard:pollard0|mul1_x[28]                 ; pollard:pollard0|mul1_x[28]                 ; clk          ; clk         ; 0.000        ; 0.081      ; 0.746      ;
; 0.453 ; pollard:pollard0|mul1_x[16]                 ; pollard:pollard0|mul1_x[16]                 ; clk          ; clk         ; 0.000        ; 0.081      ; 0.746      ;
; 0.453 ; pollard:pollard0|mul1_x[22]                 ; pollard:pollard0|mul1_x[22]                 ; clk          ; clk         ; 0.000        ; 0.081      ; 0.746      ;
; 0.453 ; pollard:pollard0|mul1_x[58]                 ; pollard:pollard0|mul1_x[58]                 ; clk          ; clk         ; 0.000        ; 0.081      ; 0.746      ;
; 0.453 ; pollard:pollard0|mul1_x[62]                 ; pollard:pollard0|mul1_x[62]                 ; clk          ; clk         ; 0.000        ; 0.081      ; 0.746      ;
; 0.453 ; pollard:pollard0|mul1_x[60]                 ; pollard:pollard0|mul1_x[60]                 ; clk          ; clk         ; 0.000        ; 0.081      ; 0.746      ;
; 0.453 ; pollard:pollard0|mul1_x[56]                 ; pollard:pollard0|mul1_x[56]                 ; clk          ; clk         ; 0.000        ; 0.081      ; 0.746      ;
; 0.453 ; pollard:pollard0|mul1_x[48]                 ; pollard:pollard0|mul1_x[48]                 ; clk          ; clk         ; 0.000        ; 0.081      ; 0.746      ;
; 0.453 ; pollard:pollard0|mul1_x[50]                 ; pollard:pollard0|mul1_x[50]                 ; clk          ; clk         ; 0.000        ; 0.081      ; 0.746      ;
; 0.453 ; pollard:pollard0|mul1_x[54]                 ; pollard:pollard0|mul1_x[54]                 ; clk          ; clk         ; 0.000        ; 0.081      ; 0.746      ;
; 0.453 ; pollard:pollard0|mul1_x[17]                 ; pollard:pollard0|mul1_x[17]                 ; clk          ; clk         ; 0.000        ; 0.081      ; 0.746      ;
; 0.453 ; pollard:pollard0|mul1_x[21]                 ; pollard:pollard0|mul1_x[21]                 ; clk          ; clk         ; 0.000        ; 0.081      ; 0.746      ;
; 0.453 ; pollard:pollard0|mul1_x[23]                 ; pollard:pollard0|mul1_x[23]                 ; clk          ; clk         ; 0.000        ; 0.081      ; 0.746      ;
; 0.453 ; pollard:pollard0|mul1_x[19]                 ; pollard:pollard0|mul1_x[19]                 ; clk          ; clk         ; 0.000        ; 0.081      ; 0.746      ;
; 0.453 ; pollard:pollard0|mul1_x[31]                 ; pollard:pollard0|mul1_x[31]                 ; clk          ; clk         ; 0.000        ; 0.081      ; 0.746      ;
; 0.453 ; pollard:pollard0|mul1_x[27]                 ; pollard:pollard0|mul1_x[27]                 ; clk          ; clk         ; 0.000        ; 0.081      ; 0.746      ;
; 0.453 ; pollard:pollard0|mul1_x[29]                 ; pollard:pollard0|mul1_x[29]                 ; clk          ; clk         ; 0.000        ; 0.081      ; 0.746      ;
; 0.453 ; pollard:pollard0|mul1_x[25]                 ; pollard:pollard0|mul1_x[25]                 ; clk          ; clk         ; 0.000        ; 0.081      ; 0.746      ;
; 0.453 ; pollard:pollard0|mul1_x[55]                 ; pollard:pollard0|mul1_x[55]                 ; clk          ; clk         ; 0.000        ; 0.081      ; 0.746      ;
; 0.453 ; pollard:pollard0|x[1]                       ; pollard:pollard0|x[1]                       ; clk          ; clk         ; 0.000        ; 0.081      ; 0.746      ;
; 0.453 ; pollard:pollard0|mul1_x[51]                 ; pollard:pollard0|mul1_x[51]                 ; clk          ; clk         ; 0.000        ; 0.081      ; 0.746      ;
; 0.453 ; pollard:pollard0|mul1_x[53]                 ; pollard:pollard0|mul1_x[53]                 ; clk          ; clk         ; 0.000        ; 0.081      ; 0.746      ;
; 0.453 ; pollard:pollard0|mul1_x[49]                 ; pollard:pollard0|mul1_x[49]                 ; clk          ; clk         ; 0.000        ; 0.081      ; 0.746      ;
; 0.453 ; pollard:pollard0|mul1_x[57]                 ; pollard:pollard0|mul1_x[57]                 ; clk          ; clk         ; 0.000        ; 0.081      ; 0.746      ;
; 0.453 ; pollard:pollard0|mul1_x[61]                 ; pollard:pollard0|mul1_x[61]                 ; clk          ; clk         ; 0.000        ; 0.081      ; 0.746      ;
; 0.453 ; pollard:pollard0|multiply:mul0|stop         ; pollard:pollard0|multiply:mul0|stop         ; clk          ; clk         ; 0.000        ; 0.081      ; 0.746      ;
; 0.453 ; pollard:pollard0|mul1_x[37]                 ; pollard:pollard0|mul1_x[37]                 ; clk          ; clk         ; 0.000        ; 0.081      ; 0.746      ;
; 0.453 ; pollard:pollard0|mul1_x[39]                 ; pollard:pollard0|mul1_x[39]                 ; clk          ; clk         ; 0.000        ; 0.081      ; 0.746      ;
; 0.453 ; pollard:pollard0|mul1_x[43]                 ; pollard:pollard0|mul1_x[43]                 ; clk          ; clk         ; 0.000        ; 0.081      ; 0.746      ;
; 0.453 ; pollard:pollard0|mul1_start                 ; pollard:pollard0|mul1_start                 ; clk          ; clk         ; 0.000        ; 0.081      ; 0.746      ;
; 0.453 ; pollard:pollard0|gcd:gcd0|state             ; pollard:pollard0|gcd:gcd0|state             ; clk          ; clk         ; 0.000        ; 0.081      ; 0.746      ;
; 0.453 ; pollard:pollard0|mul1_x[45]                 ; pollard:pollard0|mul1_x[45]                 ; clk          ; clk         ; 0.000        ; 0.081      ; 0.746      ;
; 0.453 ; pollard:pollard0|state.01110                ; pollard:pollard0|state.01110                ; clk          ; clk         ; 0.000        ; 0.081      ; 0.746      ;
; 0.453 ; pollard:pollard0|state.10100                ; pollard:pollard0|state.10100                ; clk          ; clk         ; 0.000        ; 0.081      ; 0.746      ;
; 0.453 ; pollard:pollard0|mul1_x[52]                 ; pollard:pollard0|mul1_x[52]                 ; clk          ; clk         ; 0.000        ; 0.081      ; 0.746      ;
; 0.453 ; pollard:pollard0|state.10001                ; pollard:pollard0|state.10001                ; clk          ; clk         ; 0.000        ; 0.081      ; 0.746      ;
; 0.454 ; pollard:pollard0|finish                     ; pollard:pollard0|finish                     ; clk          ; clk         ; 0.000        ; 0.080      ; 0.746      ;
; 0.454 ; pollard:pollard0|state.00000                ; pollard:pollard0|state.00000                ; clk          ; clk         ; 0.000        ; 0.080      ; 0.746      ;
; 0.454 ; pollard:pollard0|state.11110                ; pollard:pollard0|state.11110                ; clk          ; clk         ; 0.000        ; 0.080      ; 0.746      ;
; 0.454 ; pollard:pollard0|mul1_y[5]                  ; pollard:pollard0|mul1_y[5]                  ; clk          ; clk         ; 0.000        ; 0.080      ; 0.746      ;
; 0.454 ; pollard:pollard0|y[1]                       ; pollard:pollard0|y[1]                       ; clk          ; clk         ; 0.000        ; 0.080      ; 0.746      ;
; 0.454 ; send_number:senn|start_tx                   ; send_number:senn|start_tx                   ; clk          ; clk         ; 0.000        ; 0.080      ; 0.746      ;
; 0.454 ; pollard:pollard0|state.11011                ; pollard:pollard0|state.11011                ; clk          ; clk         ; 0.000        ; 0.080      ; 0.746      ;
; 0.454 ; pollard:pollard0|mul1_x[38]                 ; pollard:pollard0|mul1_x[38]                 ; clk          ; clk         ; 0.000        ; 0.080      ; 0.746      ;
; 0.454 ; pollard:pollard0|mul1_x[24]                 ; pollard:pollard0|mul1_x[24]                 ; clk          ; clk         ; 0.000        ; 0.080      ; 0.746      ;
; 0.454 ; pollard:pollard0|mul1_x[20]                 ; pollard:pollard0|mul1_x[20]                 ; clk          ; clk         ; 0.000        ; 0.080      ; 0.746      ;
; 0.454 ; pollard:pollard0|mul1_x[59]                 ; pollard:pollard0|mul1_x[59]                 ; clk          ; clk         ; 0.000        ; 0.080      ; 0.746      ;
; 0.454 ; pollard:pollard0|gcd_start                  ; pollard:pollard0|gcd_start                  ; clk          ; clk         ; 0.000        ; 0.080      ; 0.746      ;
; 0.454 ; pollard:pollard0|mul1_x[33]                 ; pollard:pollard0|mul1_x[33]                 ; clk          ; clk         ; 0.000        ; 0.080      ; 0.746      ;
; 0.454 ; pollard:pollard0|mul1_x[35]                 ; pollard:pollard0|mul1_x[35]                 ; clk          ; clk         ; 0.000        ; 0.080      ; 0.746      ;
; 0.454 ; pollard:pollard0|mul1_x[47]                 ; pollard:pollard0|mul1_x[47]                 ; clk          ; clk         ; 0.000        ; 0.080      ; 0.746      ;
; 0.454 ; pollard:pollard0|gcd:gcd0|stop              ; pollard:pollard0|gcd:gcd0|stop              ; clk          ; clk         ; 0.000        ; 0.080      ; 0.746      ;
; 0.464 ; pollard:pollard0|multiply:mul0|i[0]         ; pollard:pollard0|multiply:mul0|i[0]         ; clk          ; clk         ; 0.000        ; 0.082      ; 0.758      ;
; 0.464 ; pollard:pollard0|multiply:mul1|i[0]         ; pollard:pollard0|multiply:mul1|i[0]         ; clk          ; clk         ; 0.000        ; 0.082      ; 0.758      ;
; 0.464 ; pollard:pollard0|multiply:mul1|j[0]         ; pollard:pollard0|multiply:mul1|j[0]         ; clk          ; clk         ; 0.000        ; 0.082      ; 0.758      ;
; 0.466 ; send_number:senn|uart_transmit:send0|busy   ; send_number:senn|uart_transmit:send0|busy   ; clk          ; clk         ; 0.000        ; 0.080      ; 0.758      ;
+-------+---------------------------------------------+---------------------------------------------+--------------+-------------+--------------+------------+------------+


-----------------------------------------------
; Slow 1200mV 85C Model Metastability Summary ;
-----------------------------------------------
No synchronizer chains to report.


+-------------------------------------------------+
; Slow 1200mV 0C Model Fmax Summary               ;
+-----------+-----------------+------------+------+
; Fmax      ; Restricted Fmax ; Clock Name ; Note ;
+-----------+-----------------+------------+------+
; 67.12 MHz ; 67.12 MHz       ; clk        ;      ;
+-----------+-----------------+------------+------+
This panel reports FMAX for every clock in the design, regardless of the user-specified clock periods.  FMAX is only computed for paths where the source and destination registers or ports are driven by the same clock.  Paths of different clocks, including generated clocks, are ignored.  For paths between a clock and its inversion, FMAX is computed as if the rising and falling edges are scaled along with FMAX, such that the duty cycle (in terms of a percentage) is maintained. Altera recommends that you always use clock constraints and other slack reports for sign-off analysis.


+------------------------------------+
; Slow 1200mV 0C Model Setup Summary ;
+-------+-------+--------------------+
; Clock ; Slack ; End Point TNS      ;
+-------+-------+--------------------+
; clk   ; 5.101 ; 0.000              ;
+-------+-------+--------------------+


+-----------------------------------+
; Slow 1200mV 0C Model Hold Summary ;
+-------+-------+-------------------+
; Clock ; Slack ; End Point TNS     ;
+-------+-------+-------------------+
; clk   ; 0.401 ; 0.000             ;
+-------+-------+-------------------+


-----------------------------------------
; Slow 1200mV 0C Model Recovery Summary ;
-----------------------------------------
No paths to report.


----------------------------------------
; Slow 1200mV 0C Model Removal Summary ;
----------------------------------------
No paths to report.


+--------------------------------------------------+
; Slow 1200mV 0C Model Minimum Pulse Width Summary ;
+-------+-------+----------------------------------+
; Clock ; Slack ; End Point TNS                    ;
+-------+-------+----------------------------------+
; clk   ; 9.734 ; 0.000                            ;
+-------+-------+----------------------------------+


+--------------------------------------------------------------------------------------------------------------------------------------------------------------------+
; Slow 1200mV 0C Model Setup: 'clk'                                                                                                                                  ;
+-------+--------------------------------------------+-----------------------------------------+--------------+-------------+--------------+------------+------------+
; Slack ; From Node                                  ; To Node                                 ; Launch Clock ; Latch Clock ; Relationship ; Clock Skew ; Data Delay ;
+-------+--------------------------------------------+-----------------------------------------+--------------+-------------+--------------+------------+------------+
; 5.101 ; pollard:pollard0|multiply:mul0|shifter[9]  ; pollard:pollard0|multiply:mul0|res[124] ; clk          ; clk         ; 20.000       ; -0.070     ; 14.851     ;
; 5.244 ; pollard:pollard0|multiply:mul0|inter[11]   ; pollard:pollard0|multiply:mul0|res[124] ; clk          ; clk         ; 20.000       ; -0.071     ; 14.707     ;
; 5.250 ; pollard:pollard0|multiply:mul0|shifter[9]  ; pollard:pollard0|multiply:mul0|res[127] ; clk          ; clk         ; 20.000       ; -0.070     ; 14.702     ;
; 5.270 ; pollard:pollard0|multiply:mul0|shifter[1]  ; pollard:pollard0|multiply:mul0|res[124] ; clk          ; clk         ; 20.000       ; -0.070     ; 14.682     ;
; 5.312 ; pollard:pollard0|multiply:mul0|shifter[10] ; pollard:pollard0|multiply:mul0|res[124] ; clk          ; clk         ; 20.000       ; -0.070     ; 14.640     ;
; 5.340 ; pollard:pollard0|multiply:mul0|inter[11]   ; pollard:pollard0|multiply:mul0|res[127] ; clk          ; clk         ; 20.000       ; -0.071     ; 14.611     ;
; 5.341 ; pollard:pollard0|multiply:mul0|shifter[11] ; pollard:pollard0|multiply:mul0|res[124] ; clk          ; clk         ; 20.000       ; -0.070     ; 14.611     ;
; 5.360 ; pollard:pollard0|multiply:mul0|inter[10]   ; pollard:pollard0|multiply:mul0|res[124] ; clk          ; clk         ; 20.000       ; -0.066     ; 14.596     ;
; 5.366 ; pollard:pollard0|multiply:mul0|shifter[1]  ; pollard:pollard0|multiply:mul0|res[127] ; clk          ; clk         ; 20.000       ; -0.070     ; 14.586     ;
; 5.371 ; pollard:pollard0|multiply:mul1|shifter[2]  ; pollard:pollard0|multiply:mul1|res[126] ; clk          ; clk         ; 20.000       ; -0.073     ; 14.578     ;
; 5.405 ; pollard:pollard0|multiply:mul0|ops[2]      ; pollard:pollard0|multiply:mul0|res[126] ; clk          ; clk         ; 20.000       ; -0.065     ; 14.552     ;
; 5.408 ; pollard:pollard0|multiply:mul0|shifter[10] ; pollard:pollard0|multiply:mul0|res[127] ; clk          ; clk         ; 20.000       ; -0.070     ; 14.544     ;
; 5.422 ; pollard:pollard0|multiply:mul0|shifter[2]  ; pollard:pollard0|multiply:mul0|res[124] ; clk          ; clk         ; 20.000       ; -0.070     ; 14.530     ;
; 5.456 ; pollard:pollard0|multiply:mul0|inter[10]   ; pollard:pollard0|multiply:mul0|res[127] ; clk          ; clk         ; 20.000       ; -0.066     ; 14.500     ;
; 5.469 ; pollard:pollard0|multiply:mul1|shifter[2]  ; pollard:pollard0|multiply:mul1|res[125] ; clk          ; clk         ; 20.000       ; -0.073     ; 14.480     ;
; 5.471 ; pollard:pollard0|multiply:mul0|shifter[7]  ; pollard:pollard0|multiply:mul0|res[124] ; clk          ; clk         ; 20.000       ; -0.070     ; 14.481     ;
; 5.471 ; pollard:pollard0|multiply:mul1|shifter[1]  ; pollard:pollard0|multiply:mul1|res[126] ; clk          ; clk         ; 20.000       ; -0.073     ; 14.478     ;
; 5.480 ; pollard:pollard0|multiply:mul1|shifter[2]  ; pollard:pollard0|multiply:mul1|res[123] ; clk          ; clk         ; 20.000       ; -0.073     ; 14.469     ;
; 5.494 ; pollard:pollard0|multiply:mul0|shifter[11] ; pollard:pollard0|multiply:mul0|res[127] ; clk          ; clk         ; 20.000       ; -0.070     ; 14.458     ;
; 5.496 ; pollard:pollard0|multiply:mul1|shifter[2]  ; pollard:pollard0|multiply:mul1|res[124] ; clk          ; clk         ; 20.000       ; -0.073     ; 14.453     ;
; 5.518 ; pollard:pollard0|multiply:mul0|shifter[2]  ; pollard:pollard0|multiply:mul0|res[127] ; clk          ; clk         ; 20.000       ; -0.070     ; 14.434     ;
; 5.527 ; pollard:pollard0|multiply:mul1|shifter[2]  ; pollard:pollard0|multiply:mul1|res[127] ; clk          ; clk         ; 20.000       ; -0.073     ; 14.422     ;
; 5.528 ; pollard:pollard0|multiply:mul1|inter[0]    ; pollard:pollard0|multiply:mul1|res[126] ; clk          ; clk         ; 20.000       ; -0.073     ; 14.421     ;
; 5.528 ; pollard:pollard0|multiply:mul0|ops[2]      ; pollard:pollard0|multiply:mul0|res[124] ; clk          ; clk         ; 20.000       ; -0.065     ; 14.429     ;
; 5.529 ; pollard:pollard0|multiply:mul0|shifter[9]  ; pollard:pollard0|multiply:mul0|res[125] ; clk          ; clk         ; 20.000       ; -0.070     ; 14.423     ;
; 5.549 ; pollard:pollard0|multiply:mul0|shifter[12] ; pollard:pollard0|multiply:mul0|res[124] ; clk          ; clk         ; 20.000       ; -0.070     ; 14.403     ;
; 5.567 ; pollard:pollard0|multiply:mul0|shifter[7]  ; pollard:pollard0|multiply:mul0|res[127] ; clk          ; clk         ; 20.000       ; -0.070     ; 14.385     ;
; 5.569 ; pollard:pollard0|multiply:mul1|shifter[1]  ; pollard:pollard0|multiply:mul1|res[125] ; clk          ; clk         ; 20.000       ; -0.073     ; 14.380     ;
; 5.580 ; pollard:pollard0|multiply:mul1|shifter[1]  ; pollard:pollard0|multiply:mul1|res[123] ; clk          ; clk         ; 20.000       ; -0.073     ; 14.369     ;
; 5.582 ; pollard:pollard0|multiply:mul0|shifter[9]  ; pollard:pollard0|multiply:mul0|res[126] ; clk          ; clk         ; 20.000       ; -0.070     ; 14.370     ;
; 5.596 ; pollard:pollard0|multiply:mul1|shifter[1]  ; pollard:pollard0|multiply:mul1|res[124] ; clk          ; clk         ; 20.000       ; -0.073     ; 14.353     ;
; 5.600 ; pollard:pollard0|multiply:mul0|inter[7]    ; pollard:pollard0|multiply:mul0|res[124] ; clk          ; clk         ; 20.000       ; -0.071     ; 14.351     ;
; 5.606 ; pollard:pollard0|multiply:mul1|shifter[2]  ; pollard:pollard0|multiply:mul1|res[121] ; clk          ; clk         ; 20.000       ; -0.073     ; 14.343     ;
; 5.608 ; pollard:pollard0|multiply:mul1|inter[1]    ; pollard:pollard0|multiply:mul1|res[126] ; clk          ; clk         ; 20.000       ; -0.072     ; 14.342     ;
; 5.619 ; pollard:pollard0|multiply:mul0|inter[11]   ; pollard:pollard0|multiply:mul0|res[125] ; clk          ; clk         ; 20.000       ; -0.071     ; 14.332     ;
; 5.626 ; pollard:pollard0|multiply:mul1|inter[0]    ; pollard:pollard0|multiply:mul1|res[125] ; clk          ; clk         ; 20.000       ; -0.073     ; 14.323     ;
; 5.627 ; pollard:pollard0|multiply:mul1|shifter[1]  ; pollard:pollard0|multiply:mul1|res[127] ; clk          ; clk         ; 20.000       ; -0.073     ; 14.322     ;
; 5.635 ; pollard:pollard0|multiply:mul0|shifter[8]  ; pollard:pollard0|multiply:mul0|res[124] ; clk          ; clk         ; 20.000       ; -0.070     ; 14.317     ;
; 5.637 ; pollard:pollard0|multiply:mul1|inter[0]    ; pollard:pollard0|multiply:mul1|res[123] ; clk          ; clk         ; 20.000       ; -0.073     ; 14.312     ;
; 5.645 ; pollard:pollard0|multiply:mul0|inter[13]   ; pollard:pollard0|multiply:mul0|res[124] ; clk          ; clk         ; 20.000       ; -0.070     ; 14.307     ;
; 5.645 ; pollard:pollard0|multiply:mul0|shifter[1]  ; pollard:pollard0|multiply:mul0|res[125] ; clk          ; clk         ; 20.000       ; -0.070     ; 14.307     ;
; 5.653 ; pollard:pollard0|multiply:mul1|inter[0]    ; pollard:pollard0|multiply:mul1|res[124] ; clk          ; clk         ; 20.000       ; -0.073     ; 14.296     ;
; 5.655 ; pollard:pollard0|multiply:mul0|shifter[9]  ; pollard:pollard0|multiply:mul0|res[123] ; clk          ; clk         ; 20.000       ; -0.070     ; 14.297     ;
; 5.667 ; pollard:pollard0|multiply:mul0|shifter[14] ; pollard:pollard0|multiply:mul0|res[124] ; clk          ; clk         ; 20.000       ; -0.070     ; 14.285     ;
; 5.682 ; pollard:pollard0|multiply:mul0|shifter[12] ; pollard:pollard0|multiply:mul0|res[127] ; clk          ; clk         ; 20.000       ; -0.070     ; 14.270     ;
; 5.682 ; pollard:pollard0|multiply:mul0|inter[14]   ; pollard:pollard0|multiply:mul0|res[124] ; clk          ; clk         ; 20.000       ; -0.063     ; 14.277     ;
; 5.684 ; pollard:pollard0|multiply:mul1|inter[0]    ; pollard:pollard0|multiply:mul1|res[127] ; clk          ; clk         ; 20.000       ; -0.073     ; 14.265     ;
; 5.687 ; pollard:pollard0|multiply:mul0|shifter[10] ; pollard:pollard0|multiply:mul0|res[125] ; clk          ; clk         ; 20.000       ; -0.070     ; 14.265     ;
; 5.691 ; pollard:pollard0|multiply:mul1|inter[2]    ; pollard:pollard0|multiply:mul1|res[126] ; clk          ; clk         ; 20.000       ; -0.072     ; 14.259     ;
; 5.696 ; pollard:pollard0|multiply:mul0|inter[7]    ; pollard:pollard0|multiply:mul0|res[127] ; clk          ; clk         ; 20.000       ; -0.071     ; 14.255     ;
; 5.701 ; pollard:pollard0|multiply:mul0|shifter[9]  ; pollard:pollard0|multiply:mul0|res[122] ; clk          ; clk         ; 20.000       ; -0.070     ; 14.251     ;
; 5.706 ; pollard:pollard0|multiply:mul1|shifter[1]  ; pollard:pollard0|multiply:mul1|res[121] ; clk          ; clk         ; 20.000       ; -0.073     ; 14.243     ;
; 5.706 ; pollard:pollard0|multiply:mul1|inter[1]    ; pollard:pollard0|multiply:mul1|res[125] ; clk          ; clk         ; 20.000       ; -0.072     ; 14.244     ;
; 5.716 ; pollard:pollard0|multiply:mul0|inter[1]    ; pollard:pollard0|multiply:mul0|res[124] ; clk          ; clk         ; 20.000       ; -0.070     ; 14.236     ;
; 5.717 ; pollard:pollard0|multiply:mul1|inter[1]    ; pollard:pollard0|multiply:mul1|res[123] ; clk          ; clk         ; 20.000       ; -0.072     ; 14.233     ;
; 5.725 ; pollard:pollard0|multiply:mul0|inter[11]   ; pollard:pollard0|multiply:mul0|res[126] ; clk          ; clk         ; 20.000       ; -0.071     ; 14.226     ;
; 5.733 ; pollard:pollard0|multiply:mul0|shifter[8]  ; pollard:pollard0|multiply:mul0|res[127] ; clk          ; clk         ; 20.000       ; -0.070     ; 14.219     ;
; 5.733 ; pollard:pollard0|multiply:mul1|inter[1]    ; pollard:pollard0|multiply:mul1|res[124] ; clk          ; clk         ; 20.000       ; -0.072     ; 14.217     ;
; 5.735 ; pollard:pollard0|multiply:mul0|inter[10]   ; pollard:pollard0|multiply:mul0|res[125] ; clk          ; clk         ; 20.000       ; -0.066     ; 14.221     ;
; 5.741 ; pollard:pollard0|multiply:mul0|inter[13]   ; pollard:pollard0|multiply:mul0|res[127] ; clk          ; clk         ; 20.000       ; -0.070     ; 14.211     ;
; 5.745 ; pollard:pollard0|multiply:mul0|inter[11]   ; pollard:pollard0|multiply:mul0|res[123] ; clk          ; clk         ; 20.000       ; -0.071     ; 14.206     ;
; 5.751 ; pollard:pollard0|multiply:mul0|shifter[1]  ; pollard:pollard0|multiply:mul0|res[126] ; clk          ; clk         ; 20.000       ; -0.070     ; 14.201     ;
; 5.758 ; pollard:pollard0|multiply:mul1|inter[15]   ; pollard:pollard0|multiply:mul1|res[126] ; clk          ; clk         ; 20.000       ; -0.073     ; 14.191     ;
; 5.758 ; pollard:pollard0|multiply:mul0|shifter[9]  ; pollard:pollard0|multiply:mul0|res[119] ; clk          ; clk         ; 20.000       ; -0.070     ; 14.194     ;
; 5.763 ; pollard:pollard0|multiply:mul0|shifter[14] ; pollard:pollard0|multiply:mul0|res[127] ; clk          ; clk         ; 20.000       ; -0.070     ; 14.189     ;
; 5.763 ; pollard:pollard0|multiply:mul1|inter[0]    ; pollard:pollard0|multiply:mul1|res[121] ; clk          ; clk         ; 20.000       ; -0.073     ; 14.186     ;
; 5.764 ; pollard:pollard0|multiply:mul1|inter[1]    ; pollard:pollard0|multiply:mul1|res[127] ; clk          ; clk         ; 20.000       ; -0.072     ; 14.186     ;
; 5.771 ; pollard:pollard0|multiply:mul0|shifter[1]  ; pollard:pollard0|multiply:mul0|res[123] ; clk          ; clk         ; 20.000       ; -0.070     ; 14.181     ;
; 5.773 ; pollard:pollard0|multiply:mul0|shifter[11] ; pollard:pollard0|multiply:mul0|res[125] ; clk          ; clk         ; 20.000       ; -0.070     ; 14.179     ;
; 5.778 ; pollard:pollard0|multiply:mul0|inter[14]   ; pollard:pollard0|multiply:mul0|res[127] ; clk          ; clk         ; 20.000       ; -0.063     ; 14.181     ;
; 5.781 ; pollard:pollard0|multiply:mul0|shifter[9]  ; pollard:pollard0|multiply:mul0|res[121] ; clk          ; clk         ; 20.000       ; -0.070     ; 14.171     ;
; 5.784 ; pollard:pollard0|multiply:mul0|ops[2]      ; pollard:pollard0|multiply:mul0|res[123] ; clk          ; clk         ; 20.000       ; -0.065     ; 14.173     ;
; 5.785 ; pollard:pollard0|multiply:mul0|ops[2]      ; pollard:pollard0|multiply:mul0|res[125] ; clk          ; clk         ; 20.000       ; -0.065     ; 14.172     ;
; 5.789 ; pollard:pollard0|multiply:mul1|inter[2]    ; pollard:pollard0|multiply:mul1|res[125] ; clk          ; clk         ; 20.000       ; -0.072     ; 14.161     ;
; 5.793 ; pollard:pollard0|multiply:mul0|shifter[10] ; pollard:pollard0|multiply:mul0|res[126] ; clk          ; clk         ; 20.000       ; -0.070     ; 14.159     ;
; 5.797 ; pollard:pollard0|multiply:mul0|shifter[2]  ; pollard:pollard0|multiply:mul0|res[125] ; clk          ; clk         ; 20.000       ; -0.070     ; 14.155     ;
; 5.800 ; pollard:pollard0|multiply:mul1|inter[2]    ; pollard:pollard0|multiply:mul1|res[123] ; clk          ; clk         ; 20.000       ; -0.072     ; 14.150     ;
; 5.812 ; pollard:pollard0|multiply:mul0|inter[1]    ; pollard:pollard0|multiply:mul0|res[127] ; clk          ; clk         ; 20.000       ; -0.070     ; 14.140     ;
; 5.813 ; pollard:pollard0|multiply:mul0|shifter[10] ; pollard:pollard0|multiply:mul0|res[123] ; clk          ; clk         ; 20.000       ; -0.070     ; 14.139     ;
; 5.813 ; pollard:pollard0|multiply:mul0|inter[0]    ; pollard:pollard0|multiply:mul0|res[124] ; clk          ; clk         ; 20.000       ; -0.064     ; 14.145     ;
; 5.816 ; pollard:pollard0|multiply:mul1|inter[2]    ; pollard:pollard0|multiply:mul1|res[124] ; clk          ; clk         ; 20.000       ; -0.072     ; 14.134     ;
; 5.817 ; pollard:pollard0|multiply:mul1|inter[7]    ; pollard:pollard0|multiply:mul1|res[126] ; clk          ; clk         ; 20.000       ; -0.072     ; 14.133     ;
; 5.822 ; pollard:pollard0|multiply:mul0|shifter[11] ; pollard:pollard0|multiply:mul0|res[126] ; clk          ; clk         ; 20.000       ; -0.070     ; 14.130     ;
; 5.822 ; pollard:pollard0|multiply:mul1|inter[10]   ; pollard:pollard0|multiply:mul1|res[126] ; clk          ; clk         ; 20.000       ; -0.069     ; 14.131     ;
; 5.824 ; pollard:pollard0|multiply:mul1|inter[3]    ; pollard:pollard0|multiply:mul1|res[126] ; clk          ; clk         ; 20.000       ; -0.072     ; 14.126     ;
; 5.841 ; pollard:pollard0|multiply:mul0|inter[10]   ; pollard:pollard0|multiply:mul0|res[126] ; clk          ; clk         ; 20.000       ; -0.066     ; 14.115     ;
; 5.843 ; pollard:pollard0|multiply:mul1|inter[1]    ; pollard:pollard0|multiply:mul1|res[121] ; clk          ; clk         ; 20.000       ; -0.072     ; 14.107     ;
; 5.843 ; pollard:pollard0|multiply:mul0|ops[2]      ; pollard:pollard0|multiply:mul0|res[127] ; clk          ; clk         ; 20.000       ; -0.065     ; 14.114     ;
; 5.844 ; pollard:pollard0|multiply:mul0|inter[11]   ; pollard:pollard0|multiply:mul0|res[122] ; clk          ; clk         ; 20.000       ; -0.071     ; 14.107     ;
; 5.846 ; pollard:pollard0|multiply:mul0|shifter[7]  ; pollard:pollard0|multiply:mul0|res[125] ; clk          ; clk         ; 20.000       ; -0.070     ; 14.106     ;
; 5.847 ; pollard:pollard0|multiply:mul1|inter[2]    ; pollard:pollard0|multiply:mul1|res[127] ; clk          ; clk         ; 20.000       ; -0.072     ; 14.103     ;
; 5.848 ; pollard:pollard0|multiply:mul0|inter[11]   ; pollard:pollard0|multiply:mul0|res[119] ; clk          ; clk         ; 20.000       ; -0.071     ; 14.103     ;
; 5.854 ; pollard:pollard0|multiply:mul1|inter[6]    ; pollard:pollard0|multiply:mul1|res[126] ; clk          ; clk         ; 20.000       ; -0.072     ; 14.096     ;
; 5.856 ; pollard:pollard0|multiply:mul1|inter[15]   ; pollard:pollard0|multiply:mul1|res[125] ; clk          ; clk         ; 20.000       ; -0.073     ; 14.093     ;
; 5.861 ; pollard:pollard0|multiply:mul0|inter[10]   ; pollard:pollard0|multiply:mul0|res[123] ; clk          ; clk         ; 20.000       ; -0.066     ; 14.095     ;
; 5.867 ; pollard:pollard0|multiply:mul1|inter[15]   ; pollard:pollard0|multiply:mul1|res[123] ; clk          ; clk         ; 20.000       ; -0.073     ; 14.082     ;
; 5.870 ; pollard:pollard0|multiply:mul0|shifter[1]  ; pollard:pollard0|multiply:mul0|res[122] ; clk          ; clk         ; 20.000       ; -0.070     ; 14.082     ;
; 5.871 ; pollard:pollard0|multiply:mul0|inter[11]   ; pollard:pollard0|multiply:mul0|res[121] ; clk          ; clk         ; 20.000       ; -0.071     ; 14.080     ;
; 5.874 ; pollard:pollard0|multiply:mul0|shifter[1]  ; pollard:pollard0|multiply:mul0|res[119] ; clk          ; clk         ; 20.000       ; -0.070     ; 14.078     ;
; 5.883 ; pollard:pollard0|multiply:mul1|inter[15]   ; pollard:pollard0|multiply:mul1|res[124] ; clk          ; clk         ; 20.000       ; -0.073     ; 14.066     ;
+-------+--------------------------------------------+-----------------------------------------+--------------+-------------+--------------+------------+------------+


+-------------------------------------------------------------------------------------------------------------------------------------------------------------------------+
; Slow 1200mV 0C Model Hold: 'clk'                                                                                                                                        ;
+-------+---------------------------------------------+---------------------------------------------+--------------+-------------+--------------+------------+------------+
; Slack ; From Node                                   ; To Node                                     ; Launch Clock ; Latch Clock ; Relationship ; Clock Skew ; Data Delay ;
+-------+---------------------------------------------+---------------------------------------------+--------------+-------------+--------------+------------+------------+
; 0.401 ; pollard:pollard0|multiply:mul1|sizer[0]     ; pollard:pollard0|multiply:mul1|sizer[0]     ; clk          ; clk         ; 0.000        ; 0.073      ; 0.669      ;
; 0.401 ; pollard:pollard0|state.00000                ; pollard:pollard0|state.00000                ; clk          ; clk         ; 0.000        ; 0.073      ; 0.669      ;
; 0.401 ; pollard:pollard0|mul1_y[0]                  ; pollard:pollard0|mul1_y[0]                  ; clk          ; clk         ; 0.000        ; 0.073      ; 0.669      ;
; 0.401 ; pollard:pollard0|mul1_y[3]                  ; pollard:pollard0|mul1_y[3]                  ; clk          ; clk         ; 0.000        ; 0.073      ; 0.669      ;
; 0.401 ; pollard:pollard0|finish                     ; pollard:pollard0|finish                     ; clk          ; clk         ; 0.000        ; 0.073      ; 0.669      ;
; 0.401 ; pollard:pollard0|mul1_x[41]                 ; pollard:pollard0|mul1_x[41]                 ; clk          ; clk         ; 0.000        ; 0.073      ; 0.669      ;
; 0.401 ; send_number:senn|state[1]                   ; send_number:senn|state[1]                   ; clk          ; clk         ; 0.000        ; 0.073      ; 0.669      ;
; 0.401 ; send_number:senn|state[0]                   ; send_number:senn|state[0]                   ; clk          ; clk         ; 0.000        ; 0.073      ; 0.669      ;
; 0.401 ; pollard:pollard0|state.00010                ; pollard:pollard0|state.00010                ; clk          ; clk         ; 0.000        ; 0.073      ; 0.669      ;
; 0.401 ; pollard:pollard0|state.11011                ; pollard:pollard0|state.11011                ; clk          ; clk         ; 0.000        ; 0.073      ; 0.669      ;
; 0.401 ; pollard:pollard0|mul1_x[11]                 ; pollard:pollard0|mul1_x[11]                 ; clk          ; clk         ; 0.000        ; 0.073      ; 0.669      ;
; 0.401 ; pollard:pollard0|multiply:mul0|res[0]       ; pollard:pollard0|multiply:mul0|res[0]       ; clk          ; clk         ; 0.000        ; 0.073      ; 0.669      ;
; 0.401 ; pollard:pollard0|mul1_x[12]                 ; pollard:pollard0|mul1_x[12]                 ; clk          ; clk         ; 0.000        ; 0.073      ; 0.669      ;
; 0.401 ; pollard:pollard0|state.11110                ; pollard:pollard0|state.11110                ; clk          ; clk         ; 0.000        ; 0.073      ; 0.669      ;
; 0.401 ; pollard:pollard0|mul1_x[14]                 ; pollard:pollard0|mul1_x[14]                 ; clk          ; clk         ; 0.000        ; 0.073      ; 0.669      ;
; 0.401 ; pollard:pollard0|mul1_x[15]                 ; pollard:pollard0|mul1_x[15]                 ; clk          ; clk         ; 0.000        ; 0.073      ; 0.669      ;
; 0.401 ; pollard:pollard0|mul1_x[40]                 ; pollard:pollard0|mul1_x[40]                 ; clk          ; clk         ; 0.000        ; 0.073      ; 0.669      ;
; 0.401 ; pollard:pollard0|mul1_x[42]                 ; pollard:pollard0|mul1_x[42]                 ; clk          ; clk         ; 0.000        ; 0.073      ; 0.669      ;
; 0.401 ; pollard:pollard0|mul1_x[34]                 ; pollard:pollard0|mul1_x[34]                 ; clk          ; clk         ; 0.000        ; 0.073      ; 0.669      ;
; 0.401 ; pollard:pollard0|mul1_x[32]                 ; pollard:pollard0|mul1_x[32]                 ; clk          ; clk         ; 0.000        ; 0.073      ; 0.669      ;
; 0.401 ; pollard:pollard0|mul1_x[30]                 ; pollard:pollard0|mul1_x[30]                 ; clk          ; clk         ; 0.000        ; 0.073      ; 0.669      ;
; 0.401 ; pollard:pollard0|multiply:mul1|i[2]         ; pollard:pollard0|multiply:mul1|i[2]         ; clk          ; clk         ; 0.000        ; 0.073      ; 0.669      ;
; 0.401 ; pollard:pollard0|mul1_x[26]                 ; pollard:pollard0|mul1_x[26]                 ; clk          ; clk         ; 0.000        ; 0.073      ; 0.669      ;
; 0.401 ; pollard:pollard0|multiply:mul1|i[1]         ; pollard:pollard0|multiply:mul1|i[1]         ; clk          ; clk         ; 0.000        ; 0.073      ; 0.669      ;
; 0.401 ; pollard:pollard0|mul1_x[18]                 ; pollard:pollard0|mul1_x[18]                 ; clk          ; clk         ; 0.000        ; 0.073      ; 0.669      ;
; 0.401 ; pollard:pollard0|mul1_x[22]                 ; pollard:pollard0|mul1_x[22]                 ; clk          ; clk         ; 0.000        ; 0.073      ; 0.669      ;
; 0.401 ; pollard:pollard0|mul1_x[58]                 ; pollard:pollard0|mul1_x[58]                 ; clk          ; clk         ; 0.000        ; 0.073      ; 0.669      ;
; 0.401 ; pollard:pollard0|mul1_x[60]                 ; pollard:pollard0|mul1_x[60]                 ; clk          ; clk         ; 0.000        ; 0.073      ; 0.669      ;
; 0.401 ; pollard:pollard0|mul1_x[56]                 ; pollard:pollard0|mul1_x[56]                 ; clk          ; clk         ; 0.000        ; 0.073      ; 0.669      ;
; 0.401 ; pollard:pollard0|mul1_x[48]                 ; pollard:pollard0|mul1_x[48]                 ; clk          ; clk         ; 0.000        ; 0.073      ; 0.669      ;
; 0.401 ; pollard:pollard0|mul1_x[50]                 ; pollard:pollard0|mul1_x[50]                 ; clk          ; clk         ; 0.000        ; 0.073      ; 0.669      ;
; 0.401 ; pollard:pollard0|mul1_x[17]                 ; pollard:pollard0|mul1_x[17]                 ; clk          ; clk         ; 0.000        ; 0.073      ; 0.669      ;
; 0.401 ; pollard:pollard0|mul1_x[21]                 ; pollard:pollard0|mul1_x[21]                 ; clk          ; clk         ; 0.000        ; 0.073      ; 0.669      ;
; 0.401 ; pollard:pollard0|mul1_x[31]                 ; pollard:pollard0|mul1_x[31]                 ; clk          ; clk         ; 0.000        ; 0.073      ; 0.669      ;
; 0.401 ; pollard:pollard0|state.00101                ; pollard:pollard0|state.00101                ; clk          ; clk         ; 0.000        ; 0.073      ; 0.669      ;
; 0.401 ; pollard:pollard0|gcd_start                  ; pollard:pollard0|gcd_start                  ; clk          ; clk         ; 0.000        ; 0.073      ; 0.669      ;
; 0.401 ; pollard:pollard0|mul1_x[27]                 ; pollard:pollard0|mul1_x[27]                 ; clk          ; clk         ; 0.000        ; 0.073      ; 0.669      ;
; 0.401 ; pollard:pollard0|x[1]                       ; pollard:pollard0|x[1]                       ; clk          ; clk         ; 0.000        ; 0.073      ; 0.669      ;
; 0.401 ; pollard:pollard0|mul1_x[29]                 ; pollard:pollard0|mul1_x[29]                 ; clk          ; clk         ; 0.000        ; 0.073      ; 0.669      ;
; 0.401 ; pollard:pollard0|mul1_x[25]                 ; pollard:pollard0|mul1_x[25]                 ; clk          ; clk         ; 0.000        ; 0.073      ; 0.669      ;
; 0.401 ; pollard:pollard0|mul1_x[55]                 ; pollard:pollard0|mul1_x[55]                 ; clk          ; clk         ; 0.000        ; 0.073      ; 0.669      ;
; 0.401 ; pollard:pollard0|mul1_x[51]                 ; pollard:pollard0|mul1_x[51]                 ; clk          ; clk         ; 0.000        ; 0.073      ; 0.669      ;
; 0.401 ; pollard:pollard0|mul1_x[53]                 ; pollard:pollard0|mul1_x[53]                 ; clk          ; clk         ; 0.000        ; 0.073      ; 0.669      ;
; 0.401 ; pollard:pollard0|mul1_x[57]                 ; pollard:pollard0|mul1_x[57]                 ; clk          ; clk         ; 0.000        ; 0.073      ; 0.669      ;
; 0.401 ; pollard:pollard0|mul1_x[61]                 ; pollard:pollard0|mul1_x[61]                 ; clk          ; clk         ; 0.000        ; 0.073      ; 0.669      ;
; 0.401 ; pollard:pollard0|mul1_x[63]                 ; pollard:pollard0|mul1_x[63]                 ; clk          ; clk         ; 0.000        ; 0.073      ; 0.669      ;
; 0.401 ; pollard:pollard0|multiply:mul0|i[1]         ; pollard:pollard0|multiply:mul0|i[1]         ; clk          ; clk         ; 0.000        ; 0.073      ; 0.669      ;
; 0.401 ; pollard:pollard0|multiply:mul1|ls.011       ; pollard:pollard0|multiply:mul1|ls.011       ; clk          ; clk         ; 0.000        ; 0.073      ; 0.669      ;
; 0.401 ; pollard:pollard0|multiply:mul0|i[2]         ; pollard:pollard0|multiply:mul0|i[2]         ; clk          ; clk         ; 0.000        ; 0.073      ; 0.669      ;
; 0.401 ; pollard:pollard0|mul1_x[43]                 ; pollard:pollard0|mul1_x[43]                 ; clk          ; clk         ; 0.000        ; 0.073      ; 0.669      ;
; 0.401 ; pollard:pollard0|mul1_x[45]                 ; pollard:pollard0|mul1_x[45]                 ; clk          ; clk         ; 0.000        ; 0.073      ; 0.669      ;
; 0.401 ; pollard:pollard0|multiply:mul1|stop         ; pollard:pollard0|multiply:mul1|stop         ; clk          ; clk         ; 0.000        ; 0.073      ; 0.669      ;
; 0.401 ; pollard:pollard0|gcd:gcd0|stop              ; pollard:pollard0|gcd:gcd0|stop              ; clk          ; clk         ; 0.000        ; 0.073      ; 0.669      ;
; 0.401 ; pollard:pollard0|state.01110                ; pollard:pollard0|state.01110                ; clk          ; clk         ; 0.000        ; 0.073      ; 0.669      ;
; 0.401 ; pollard:pollard0|state.10100                ; pollard:pollard0|state.10100                ; clk          ; clk         ; 0.000        ; 0.073      ; 0.669      ;
; 0.401 ; pollard:pollard0|state.01000                ; pollard:pollard0|state.01000                ; clk          ; clk         ; 0.000        ; 0.073      ; 0.669      ;
; 0.401 ; pollard:pollard0|multiply:mul1|state.0001   ; pollard:pollard0|multiply:mul1|state.0001   ; clk          ; clk         ; 0.000        ; 0.073      ; 0.669      ;
; 0.401 ; pollard:pollard0|multiply:mul1|res[0]       ; pollard:pollard0|multiply:mul1|res[0]       ; clk          ; clk         ; 0.000        ; 0.073      ; 0.669      ;
; 0.401 ; pollard:pollard0|multiply:mul0|ls.011       ; pollard:pollard0|multiply:mul0|ls.011       ; clk          ; clk         ; 0.000        ; 0.073      ; 0.669      ;
; 0.402 ; pollard:pollard0|multiply:mul0|state.0001   ; pollard:pollard0|multiply:mul0|state.0001   ; clk          ; clk         ; 0.000        ; 0.072      ; 0.669      ;
; 0.402 ; send_number:senn|uart_transmit:send0|tx     ; send_number:senn|uart_transmit:send0|tx     ; clk          ; clk         ; 0.000        ; 0.072      ; 0.669      ;
; 0.402 ; send_number:senn|uart_transmit:send0|bit[3] ; send_number:senn|uart_transmit:send0|bit[3] ; clk          ; clk         ; 0.000        ; 0.072      ; 0.669      ;
; 0.402 ; send_number:senn|uart_transmit:send0|bit[1] ; send_number:senn|uart_transmit:send0|bit[1] ; clk          ; clk         ; 0.000        ; 0.072      ; 0.669      ;
; 0.402 ; send_number:senn|uart_transmit:send0|bit[2] ; send_number:senn|uart_transmit:send0|bit[2] ; clk          ; clk         ; 0.000        ; 0.072      ; 0.669      ;
; 0.402 ; send_number:senn|uart_transmit:send0|bit[0] ; send_number:senn|uart_transmit:send0|bit[0] ; clk          ; clk         ; 0.000        ; 0.072      ; 0.669      ;
; 0.402 ; pollard:pollard0|mul1_y[5]                  ; pollard:pollard0|mul1_y[5]                  ; clk          ; clk         ; 0.000        ; 0.072      ; 0.669      ;
; 0.402 ; pollard:pollard0|y[1]                       ; pollard:pollard0|y[1]                       ; clk          ; clk         ; 0.000        ; 0.072      ; 0.669      ;
; 0.402 ; pollard:pollard0|mul1_x[9]                  ; pollard:pollard0|mul1_x[9]                  ; clk          ; clk         ; 0.000        ; 0.072      ; 0.669      ;
; 0.402 ; pollard:pollard0|mul1_x[10]                 ; pollard:pollard0|mul1_x[10]                 ; clk          ; clk         ; 0.000        ; 0.072      ; 0.669      ;
; 0.402 ; send_number:senn|start_tx                   ; send_number:senn|start_tx                   ; clk          ; clk         ; 0.000        ; 0.072      ; 0.669      ;
; 0.402 ; pollard:pollard0|multiply:mul0|sizer[0]     ; pollard:pollard0|multiply:mul0|sizer[0]     ; clk          ; clk         ; 0.000        ; 0.072      ; 0.669      ;
; 0.402 ; pollard:pollard0|mul1_x[13]                 ; pollard:pollard0|mul1_x[13]                 ; clk          ; clk         ; 0.000        ; 0.072      ; 0.669      ;
; 0.402 ; pollard:pollard0|mul1_x[44]                 ; pollard:pollard0|mul1_x[44]                 ; clk          ; clk         ; 0.000        ; 0.072      ; 0.669      ;
; 0.402 ; pollard:pollard0|mul1_x[46]                 ; pollard:pollard0|mul1_x[46]                 ; clk          ; clk         ; 0.000        ; 0.072      ; 0.669      ;
; 0.402 ; pollard:pollard0|mul1_x[38]                 ; pollard:pollard0|mul1_x[38]                 ; clk          ; clk         ; 0.000        ; 0.072      ; 0.669      ;
; 0.402 ; pollard:pollard0|mul1_x[36]                 ; pollard:pollard0|mul1_x[36]                 ; clk          ; clk         ; 0.000        ; 0.072      ; 0.669      ;
; 0.402 ; pollard:pollard0|mul1_x[24]                 ; pollard:pollard0|mul1_x[24]                 ; clk          ; clk         ; 0.000        ; 0.072      ; 0.669      ;
; 0.402 ; pollard:pollard0|mul1_x[28]                 ; pollard:pollard0|mul1_x[28]                 ; clk          ; clk         ; 0.000        ; 0.072      ; 0.669      ;
; 0.402 ; pollard:pollard0|mul1_x[16]                 ; pollard:pollard0|mul1_x[16]                 ; clk          ; clk         ; 0.000        ; 0.072      ; 0.669      ;
; 0.402 ; pollard:pollard0|mul1_x[20]                 ; pollard:pollard0|mul1_x[20]                 ; clk          ; clk         ; 0.000        ; 0.072      ; 0.669      ;
; 0.402 ; pollard:pollard0|mul1_x[62]                 ; pollard:pollard0|mul1_x[62]                 ; clk          ; clk         ; 0.000        ; 0.072      ; 0.669      ;
; 0.402 ; pollard:pollard0|mul1_x[54]                 ; pollard:pollard0|mul1_x[54]                 ; clk          ; clk         ; 0.000        ; 0.072      ; 0.669      ;
; 0.402 ; pollard:pollard0|mul1_x[23]                 ; pollard:pollard0|mul1_x[23]                 ; clk          ; clk         ; 0.000        ; 0.072      ; 0.669      ;
; 0.402 ; pollard:pollard0|mul1_x[19]                 ; pollard:pollard0|mul1_x[19]                 ; clk          ; clk         ; 0.000        ; 0.072      ; 0.669      ;
; 0.402 ; pollard:pollard0|multiply:mul0|stop         ; pollard:pollard0|multiply:mul0|stop         ; clk          ; clk         ; 0.000        ; 0.072      ; 0.669      ;
; 0.402 ; pollard:pollard0|mul1_x[49]                 ; pollard:pollard0|mul1_x[49]                 ; clk          ; clk         ; 0.000        ; 0.072      ; 0.669      ;
; 0.402 ; pollard:pollard0|mul1_x[59]                 ; pollard:pollard0|mul1_x[59]                 ; clk          ; clk         ; 0.000        ; 0.072      ; 0.669      ;
; 0.402 ; pollard:pollard0|mul1_x[37]                 ; pollard:pollard0|mul1_x[37]                 ; clk          ; clk         ; 0.000        ; 0.072      ; 0.669      ;
; 0.402 ; pollard:pollard0|mul1_x[33]                 ; pollard:pollard0|mul1_x[33]                 ; clk          ; clk         ; 0.000        ; 0.072      ; 0.669      ;
; 0.402 ; pollard:pollard0|mul1_x[35]                 ; pollard:pollard0|mul1_x[35]                 ; clk          ; clk         ; 0.000        ; 0.072      ; 0.669      ;
; 0.402 ; pollard:pollard0|mul1_x[39]                 ; pollard:pollard0|mul1_x[39]                 ; clk          ; clk         ; 0.000        ; 0.072      ; 0.669      ;
; 0.402 ; pollard:pollard0|mul1_x[47]                 ; pollard:pollard0|mul1_x[47]                 ; clk          ; clk         ; 0.000        ; 0.072      ; 0.669      ;
; 0.402 ; pollard:pollard0|mul1_start                 ; pollard:pollard0|mul1_start                 ; clk          ; clk         ; 0.000        ; 0.072      ; 0.669      ;
; 0.402 ; pollard:pollard0|gcd:gcd0|state             ; pollard:pollard0|gcd:gcd0|state             ; clk          ; clk         ; 0.000        ; 0.072      ; 0.669      ;
; 0.402 ; pollard:pollard0|mul1_x[52]                 ; pollard:pollard0|mul1_x[52]                 ; clk          ; clk         ; 0.000        ; 0.072      ; 0.669      ;
; 0.402 ; pollard:pollard0|state.10001                ; pollard:pollard0|state.10001                ; clk          ; clk         ; 0.000        ; 0.072      ; 0.669      ;
; 0.415 ; pollard:pollard0|multiply:mul1|j[0]         ; pollard:pollard0|multiply:mul1|j[0]         ; clk          ; clk         ; 0.000        ; 0.074      ; 0.684      ;
; 0.416 ; pollard:pollard0|multiply:mul0|i[0]         ; pollard:pollard0|multiply:mul0|i[0]         ; clk          ; clk         ; 0.000        ; 0.073      ; 0.684      ;
; 0.416 ; pollard:pollard0|multiply:mul1|i[0]         ; pollard:pollard0|multiply:mul1|i[0]         ; clk          ; clk         ; 0.000        ; 0.073      ; 0.684      ;
; 0.417 ; send_number:senn|uart_transmit:send0|busy   ; send_number:senn|uart_transmit:send0|busy   ; clk          ; clk         ; 0.000        ; 0.072      ; 0.684      ;
+-------+---------------------------------------------+---------------------------------------------+--------------+-------------+--------------+------------+------------+


----------------------------------------------
; Slow 1200mV 0C Model Metastability Summary ;
----------------------------------------------
No synchronizer chains to report.


+------------------------------------+
; Fast 1200mV 0C Model Setup Summary ;
+-------+--------+-------------------+
; Clock ; Slack  ; End Point TNS     ;
+-------+--------+-------------------+
; clk   ; 12.507 ; 0.000             ;
+-------+--------+-------------------+


+-----------------------------------+
; Fast 1200mV 0C Model Hold Summary ;
+-------+-------+-------------------+
; Clock ; Slack ; End Point TNS     ;
+-------+-------+-------------------+
; clk   ; 0.186 ; 0.000             ;
+-------+-------+-------------------+


-----------------------------------------
; Fast 1200mV 0C Model Recovery Summary ;
-----------------------------------------
No paths to report.


----------------------------------------
; Fast 1200mV 0C Model Removal Summary ;
----------------------------------------
No paths to report.


+--------------------------------------------------+
; Fast 1200mV 0C Model Minimum Pulse Width Summary ;
+-------+-------+----------------------------------+
; Clock ; Slack ; End Point TNS                    ;
+-------+-------+----------------------------------+
; clk   ; 9.369 ; 0.000                            ;
+-------+-------+----------------------------------+


+---------------------------------------------------------------------------------------------------------------------------------------------------------------------+
; Fast 1200mV 0C Model Setup: 'clk'                                                                                                                                   ;
+--------+--------------------------------------------+-----------------------------------------+--------------+-------------+--------------+------------+------------+
; Slack  ; From Node                                  ; To Node                                 ; Launch Clock ; Latch Clock ; Relationship ; Clock Skew ; Data Delay ;
+--------+--------------------------------------------+-----------------------------------------+--------------+-------------+--------------+------------+------------+
; 12.507 ; pollard:pollard0|multiply:mul0|shifter[9]  ; pollard:pollard0|multiply:mul0|res[124] ; clk          ; clk         ; 20.000       ; -0.038     ; 7.462      ;
; 12.525 ; pollard:pollard0|multiply:mul0|inter[11]   ; pollard:pollard0|multiply:mul0|res[124] ; clk          ; clk         ; 20.000       ; -0.034     ; 7.448      ;
; 12.559 ; pollard:pollard0|multiply:mul0|shifter[9]  ; pollard:pollard0|multiply:mul0|res[127] ; clk          ; clk         ; 20.000       ; -0.038     ; 7.410      ;
; 12.589 ; pollard:pollard0|multiply:mul0|shifter[2]  ; pollard:pollard0|multiply:mul0|res[124] ; clk          ; clk         ; 20.000       ; -0.038     ; 7.380      ;
; 12.594 ; pollard:pollard0|multiply:mul0|shifter[10] ; pollard:pollard0|multiply:mul0|res[124] ; clk          ; clk         ; 20.000       ; -0.038     ; 7.375      ;
; 12.637 ; pollard:pollard0|multiply:mul0|inter[11]   ; pollard:pollard0|multiply:mul0|res[127] ; clk          ; clk         ; 20.000       ; -0.034     ; 7.336      ;
; 12.640 ; pollard:pollard0|multiply:mul0|shifter[11] ; pollard:pollard0|multiply:mul0|res[124] ; clk          ; clk         ; 20.000       ; -0.038     ; 7.329      ;
; 12.646 ; pollard:pollard0|multiply:mul0|shifter[10] ; pollard:pollard0|multiply:mul0|res[127] ; clk          ; clk         ; 20.000       ; -0.038     ; 7.323      ;
; 12.676 ; pollard:pollard0|multiply:mul0|shifter[7]  ; pollard:pollard0|multiply:mul0|res[124] ; clk          ; clk         ; 20.000       ; -0.038     ; 7.293      ;
; 12.680 ; pollard:pollard0|multiply:mul1|inter[1]    ; pollard:pollard0|multiply:mul1|res[126] ; clk          ; clk         ; 20.000       ; -0.033     ; 7.294      ;
; 12.683 ; pollard:pollard0|multiply:mul1|shifter[1]  ; pollard:pollard0|multiply:mul1|res[126] ; clk          ; clk         ; 20.000       ; -0.034     ; 7.290      ;
; 12.684 ; pollard:pollard0|multiply:mul0|inter[10]   ; pollard:pollard0|multiply:mul0|res[124] ; clk          ; clk         ; 20.000       ; -0.034     ; 7.289      ;
; 12.690 ; pollard:pollard0|multiply:mul0|shifter[1]  ; pollard:pollard0|multiply:mul0|res[124] ; clk          ; clk         ; 20.000       ; -0.038     ; 7.279      ;
; 12.692 ; pollard:pollard0|multiply:mul0|shifter[11] ; pollard:pollard0|multiply:mul0|res[127] ; clk          ; clk         ; 20.000       ; -0.038     ; 7.277      ;
; 12.701 ; pollard:pollard0|multiply:mul0|shifter[2]  ; pollard:pollard0|multiply:mul0|res[127] ; clk          ; clk         ; 20.000       ; -0.038     ; 7.268      ;
; 12.702 ; pollard:pollard0|multiply:mul0|inter[7]    ; pollard:pollard0|multiply:mul0|res[124] ; clk          ; clk         ; 20.000       ; -0.034     ; 7.271      ;
; 12.707 ; pollard:pollard0|multiply:mul0|shifter[9]  ; pollard:pollard0|multiply:mul0|res[125] ; clk          ; clk         ; 20.000       ; -0.038     ; 7.262      ;
; 12.715 ; pollard:pollard0|multiply:mul0|shifter[9]  ; pollard:pollard0|multiply:mul0|res[126] ; clk          ; clk         ; 20.000       ; -0.038     ; 7.254      ;
; 12.720 ; pollard:pollard0|multiply:mul0|inter[1]    ; pollard:pollard0|multiply:mul0|res[124] ; clk          ; clk         ; 20.000       ; -0.038     ; 7.249      ;
; 12.728 ; pollard:pollard0|multiply:mul0|shifter[7]  ; pollard:pollard0|multiply:mul0|res[127] ; clk          ; clk         ; 20.000       ; -0.038     ; 7.241      ;
; 12.730 ; pollard:pollard0|multiply:mul0|shifter[12] ; pollard:pollard0|multiply:mul0|res[124] ; clk          ; clk         ; 20.000       ; -0.038     ; 7.239      ;
; 12.733 ; pollard:pollard0|multiply:mul0|inter[11]   ; pollard:pollard0|multiply:mul0|res[126] ; clk          ; clk         ; 20.000       ; -0.034     ; 7.240      ;
; 12.747 ; pollard:pollard0|multiply:mul1|inter[1]    ; pollard:pollard0|multiply:mul1|res[124] ; clk          ; clk         ; 20.000       ; -0.033     ; 7.227      ;
; 12.748 ; pollard:pollard0|multiply:mul0|shifter[8]  ; pollard:pollard0|multiply:mul0|res[124] ; clk          ; clk         ; 20.000       ; -0.038     ; 7.221      ;
; 12.750 ; pollard:pollard0|multiply:mul1|shifter[1]  ; pollard:pollard0|multiply:mul1|res[124] ; clk          ; clk         ; 20.000       ; -0.034     ; 7.223      ;
; 12.756 ; pollard:pollard0|multiply:mul0|inter[13]   ; pollard:pollard0|multiply:mul0|res[124] ; clk          ; clk         ; 20.000       ; -0.033     ; 7.218      ;
; 12.776 ; pollard:pollard0|multiply:mul0|shifter[9]  ; pollard:pollard0|multiply:mul0|res[123] ; clk          ; clk         ; 20.000       ; -0.038     ; 7.193      ;
; 12.779 ; pollard:pollard0|multiply:mul0|shifter[9]  ; pollard:pollard0|multiply:mul0|res[122] ; clk          ; clk         ; 20.000       ; -0.038     ; 7.190      ;
; 12.780 ; pollard:pollard0|multiply:mul0|shifter[14] ; pollard:pollard0|multiply:mul0|res[124] ; clk          ; clk         ; 20.000       ; -0.038     ; 7.189      ;
; 12.782 ; pollard:pollard0|multiply:mul0|shifter[12] ; pollard:pollard0|multiply:mul0|res[127] ; clk          ; clk         ; 20.000       ; -0.038     ; 7.187      ;
; 12.785 ; pollard:pollard0|multiply:mul0|inter[11]   ; pollard:pollard0|multiply:mul0|res[125] ; clk          ; clk         ; 20.000       ; -0.034     ; 7.188      ;
; 12.786 ; pollard:pollard0|multiply:mul1|inter[7]    ; pollard:pollard0|multiply:mul1|res[126] ; clk          ; clk         ; 20.000       ; -0.033     ; 7.188      ;
; 12.794 ; pollard:pollard0|multiply:mul0|shifter[10] ; pollard:pollard0|multiply:mul0|res[125] ; clk          ; clk         ; 20.000       ; -0.038     ; 7.175      ;
; 12.794 ; pollard:pollard0|multiply:mul1|inter[3]    ; pollard:pollard0|multiply:mul1|res[126] ; clk          ; clk         ; 20.000       ; -0.033     ; 7.180      ;
; 12.796 ; pollard:pollard0|multiply:mul0|inter[10]   ; pollard:pollard0|multiply:mul0|res[127] ; clk          ; clk         ; 20.000       ; -0.034     ; 7.177      ;
; 12.797 ; pollard:pollard0|multiply:mul0|shifter[2]  ; pollard:pollard0|multiply:mul0|res[126] ; clk          ; clk         ; 20.000       ; -0.038     ; 7.172      ;
; 12.797 ; pollard:pollard0|multiply:mul0|inter[11]   ; pollard:pollard0|multiply:mul0|res[122] ; clk          ; clk         ; 20.000       ; -0.034     ; 7.176      ;
; 12.800 ; pollard:pollard0|multiply:mul0|shifter[8]  ; pollard:pollard0|multiply:mul0|res[127] ; clk          ; clk         ; 20.000       ; -0.038     ; 7.169      ;
; 12.802 ; pollard:pollard0|multiply:mul0|shifter[10] ; pollard:pollard0|multiply:mul0|res[126] ; clk          ; clk         ; 20.000       ; -0.038     ; 7.167      ;
; 12.802 ; pollard:pollard0|multiply:mul0|shifter[1]  ; pollard:pollard0|multiply:mul0|res[127] ; clk          ; clk         ; 20.000       ; -0.038     ; 7.167      ;
; 12.814 ; pollard:pollard0|multiply:mul0|inter[7]    ; pollard:pollard0|multiply:mul0|res[127] ; clk          ; clk         ; 20.000       ; -0.034     ; 7.159      ;
; 12.821 ; pollard:pollard0|multiply:mul0|inter[0]    ; pollard:pollard0|multiply:mul0|res[124] ; clk          ; clk         ; 20.000       ; -0.032     ; 7.154      ;
; 12.825 ; pollard:pollard0|multiply:mul1|inter[1]    ; pollard:pollard0|multiply:mul1|res[125] ; clk          ; clk         ; 20.000       ; -0.033     ; 7.149      ;
; 12.827 ; pollard:pollard0|multiply:mul1|inter[1]    ; pollard:pollard0|multiply:mul1|res[123] ; clk          ; clk         ; 20.000       ; -0.033     ; 7.147      ;
; 12.828 ; pollard:pollard0|multiply:mul1|shifter[1]  ; pollard:pollard0|multiply:mul1|res[125] ; clk          ; clk         ; 20.000       ; -0.034     ; 7.145      ;
; 12.830 ; pollard:pollard0|multiply:mul1|shifter[1]  ; pollard:pollard0|multiply:mul1|res[123] ; clk          ; clk         ; 20.000       ; -0.034     ; 7.143      ;
; 12.830 ; pollard:pollard0|multiply:mul1|inter[0]    ; pollard:pollard0|multiply:mul1|res[126] ; clk          ; clk         ; 20.000       ; -0.035     ; 7.142      ;
; 12.832 ; pollard:pollard0|multiply:mul0|shifter[14] ; pollard:pollard0|multiply:mul0|res[127] ; clk          ; clk         ; 20.000       ; -0.038     ; 7.137      ;
; 12.832 ; pollard:pollard0|multiply:mul0|inter[1]    ; pollard:pollard0|multiply:mul0|res[127] ; clk          ; clk         ; 20.000       ; -0.038     ; 7.137      ;
; 12.832 ; pollard:pollard0|multiply:mul1|shifter[2]  ; pollard:pollard0|multiply:mul1|res[126] ; clk          ; clk         ; 20.000       ; -0.034     ; 7.141      ;
; 12.835 ; pollard:pollard0|multiply:mul0|shifter[9]  ; pollard:pollard0|multiply:mul0|res[119] ; clk          ; clk         ; 20.000       ; -0.038     ; 7.134      ;
; 12.840 ; pollard:pollard0|multiply:mul0|shifter[11] ; pollard:pollard0|multiply:mul0|res[125] ; clk          ; clk         ; 20.000       ; -0.038     ; 7.129      ;
; 12.844 ; pollard:pollard0|multiply:mul0|shifter[9]  ; pollard:pollard0|multiply:mul0|res[121] ; clk          ; clk         ; 20.000       ; -0.038     ; 7.125      ;
; 12.846 ; pollard:pollard0|multiply:mul1|inter[1]    ; pollard:pollard0|multiply:mul1|res[127] ; clk          ; clk         ; 20.000       ; -0.033     ; 7.128      ;
; 12.848 ; pollard:pollard0|multiply:mul0|shifter[11] ; pollard:pollard0|multiply:mul0|res[126] ; clk          ; clk         ; 20.000       ; -0.038     ; 7.121      ;
; 12.849 ; pollard:pollard0|multiply:mul1|shifter[1]  ; pollard:pollard0|multiply:mul1|res[127] ; clk          ; clk         ; 20.000       ; -0.034     ; 7.124      ;
; 12.849 ; pollard:pollard0|multiply:mul0|shifter[2]  ; pollard:pollard0|multiply:mul0|res[125] ; clk          ; clk         ; 20.000       ; -0.038     ; 7.120      ;
; 12.853 ; pollard:pollard0|multiply:mul1|inter[7]    ; pollard:pollard0|multiply:mul1|res[124] ; clk          ; clk         ; 20.000       ; -0.033     ; 7.121      ;
; 12.854 ; pollard:pollard0|multiply:mul0|inter[11]   ; pollard:pollard0|multiply:mul0|res[123] ; clk          ; clk         ; 20.000       ; -0.034     ; 7.119      ;
; 12.861 ; pollard:pollard0|multiply:mul1|inter[3]    ; pollard:pollard0|multiply:mul1|res[124] ; clk          ; clk         ; 20.000       ; -0.033     ; 7.113      ;
; 12.861 ; pollard:pollard0|multiply:mul0|shifter[2]  ; pollard:pollard0|multiply:mul0|res[122] ; clk          ; clk         ; 20.000       ; -0.038     ; 7.108      ;
; 12.863 ; pollard:pollard0|multiply:mul0|shifter[10] ; pollard:pollard0|multiply:mul0|res[123] ; clk          ; clk         ; 20.000       ; -0.038     ; 7.106      ;
; 12.866 ; pollard:pollard0|multiply:mul0|shifter[10] ; pollard:pollard0|multiply:mul0|res[122] ; clk          ; clk         ; 20.000       ; -0.038     ; 7.103      ;
; 12.868 ; pollard:pollard0|multiply:mul0|inter[13]   ; pollard:pollard0|multiply:mul0|res[127] ; clk          ; clk         ; 20.000       ; -0.033     ; 7.106      ;
; 12.874 ; pollard:pollard0|multiply:mul1|inter[15]   ; pollard:pollard0|multiply:mul1|res[126] ; clk          ; clk         ; 20.000       ; -0.035     ; 7.098      ;
; 12.876 ; pollard:pollard0|multiply:mul0|shifter[7]  ; pollard:pollard0|multiply:mul0|res[125] ; clk          ; clk         ; 20.000       ; -0.038     ; 7.093      ;
; 12.882 ; pollard:pollard0|multiply:mul0|inter[14]   ; pollard:pollard0|multiply:mul0|res[124] ; clk          ; clk         ; 20.000       ; -0.031     ; 7.094      ;
; 12.882 ; pollard:pollard0|multiply:mul0|ops[2]      ; pollard:pollard0|multiply:mul0|res[126] ; clk          ; clk         ; 20.000       ; -0.033     ; 7.092      ;
; 12.883 ; pollard:pollard0|multiply:mul1|shifter[8]  ; pollard:pollard0|multiply:mul1|res[126] ; clk          ; clk         ; 20.000       ; -0.034     ; 7.090      ;
; 12.884 ; pollard:pollard0|multiply:mul0|shifter[7]  ; pollard:pollard0|multiply:mul0|res[126] ; clk          ; clk         ; 20.000       ; -0.038     ; 7.085      ;
; 12.892 ; pollard:pollard0|multiply:mul0|inter[10]   ; pollard:pollard0|multiply:mul0|res[126] ; clk          ; clk         ; 20.000       ; -0.034     ; 7.081      ;
; 12.894 ; pollard:pollard0|multiply:mul1|inter[1]    ; pollard:pollard0|multiply:mul1|res[121] ; clk          ; clk         ; 20.000       ; -0.033     ; 7.080      ;
; 12.897 ; pollard:pollard0|multiply:mul1|inter[0]    ; pollard:pollard0|multiply:mul1|res[124] ; clk          ; clk         ; 20.000       ; -0.035     ; 7.075      ;
; 12.897 ; pollard:pollard0|multiply:mul1|shifter[1]  ; pollard:pollard0|multiply:mul1|res[121] ; clk          ; clk         ; 20.000       ; -0.034     ; 7.076      ;
; 12.898 ; pollard:pollard0|multiply:mul0|shifter[1]  ; pollard:pollard0|multiply:mul0|res[126] ; clk          ; clk         ; 20.000       ; -0.038     ; 7.071      ;
; 12.899 ; pollard:pollard0|multiply:mul1|shifter[2]  ; pollard:pollard0|multiply:mul1|res[124] ; clk          ; clk         ; 20.000       ; -0.034     ; 7.074      ;
; 12.899 ; pollard:pollard0|multiply:mul0|shifter[9]  ; pollard:pollard0|multiply:mul0|res[118] ; clk          ; clk         ; 20.000       ; -0.038     ; 7.070      ;
; 12.900 ; pollard:pollard0|multiply:mul0|inter[3]    ; pollard:pollard0|multiply:mul0|res[124] ; clk          ; clk         ; 20.000       ; -0.033     ; 7.074      ;
; 12.909 ; pollard:pollard0|multiply:mul0|shifter[11] ; pollard:pollard0|multiply:mul0|res[123] ; clk          ; clk         ; 20.000       ; -0.038     ; 7.060      ;
; 12.910 ; pollard:pollard0|multiply:mul0|inter[7]    ; pollard:pollard0|multiply:mul0|res[126] ; clk          ; clk         ; 20.000       ; -0.034     ; 7.063      ;
; 12.912 ; pollard:pollard0|multiply:mul0|shifter[11] ; pollard:pollard0|multiply:mul0|res[122] ; clk          ; clk         ; 20.000       ; -0.038     ; 7.057      ;
; 12.913 ; pollard:pollard0|multiply:mul0|inter[11]   ; pollard:pollard0|multiply:mul0|res[119] ; clk          ; clk         ; 20.000       ; -0.034     ; 7.060      ;
; 12.916 ; pollard:pollard0|multiply:mul0|shifter[9]  ; pollard:pollard0|multiply:mul0|res[117] ; clk          ; clk         ; 20.000       ; -0.038     ; 7.053      ;
; 12.917 ; pollard:pollard0|multiply:mul1|inter[13]   ; pollard:pollard0|multiply:mul1|res[126] ; clk          ; clk         ; 20.000       ; -0.034     ; 7.056      ;
; 12.917 ; pollard:pollard0|multiply:mul0|inter[11]   ; pollard:pollard0|multiply:mul0|res[118] ; clk          ; clk         ; 20.000       ; -0.034     ; 7.056      ;
; 12.918 ; pollard:pollard0|multiply:mul0|shifter[2]  ; pollard:pollard0|multiply:mul0|res[123] ; clk          ; clk         ; 20.000       ; -0.038     ; 7.051      ;
; 12.919 ; pollard:pollard0|multiply:mul0|shifter[15] ; pollard:pollard0|multiply:mul0|res[124] ; clk          ; clk         ; 20.000       ; -0.038     ; 7.050      ;
; 12.919 ; pollard:pollard0|multiply:mul1|inter[2]    ; pollard:pollard0|multiply:mul1|res[126] ; clk          ; clk         ; 20.000       ; -0.033     ; 7.055      ;
; 12.921 ; pollard:pollard0|multiply:mul0|shifter[13] ; pollard:pollard0|multiply:mul0|res[124] ; clk          ; clk         ; 20.000       ; -0.038     ; 7.048      ;
; 12.921 ; pollard:pollard0|multiply:mul0|shifter[9]  ; pollard:pollard0|multiply:mul0|res[120] ; clk          ; clk         ; 20.000       ; -0.038     ; 7.048      ;
; 12.922 ; pollard:pollard0|multiply:mul0|shifter[10] ; pollard:pollard0|multiply:mul0|res[119] ; clk          ; clk         ; 20.000       ; -0.038     ; 7.047      ;
; 12.922 ; pollard:pollard0|multiply:mul0|inter[11]   ; pollard:pollard0|multiply:mul0|res[121] ; clk          ; clk         ; 20.000       ; -0.034     ; 7.051      ;
; 12.928 ; pollard:pollard0|multiply:mul0|inter[1]    ; pollard:pollard0|multiply:mul0|res[126] ; clk          ; clk         ; 20.000       ; -0.038     ; 7.041      ;
; 12.930 ; pollard:pollard0|multiply:mul0|shifter[12] ; pollard:pollard0|multiply:mul0|res[125] ; clk          ; clk         ; 20.000       ; -0.038     ; 7.039      ;
; 12.931 ; pollard:pollard0|multiply:mul0|shifter[10] ; pollard:pollard0|multiply:mul0|res[121] ; clk          ; clk         ; 20.000       ; -0.038     ; 7.038      ;
; 12.931 ; pollard:pollard0|multiply:mul1|inter[7]    ; pollard:pollard0|multiply:mul1|res[125] ; clk          ; clk         ; 20.000       ; -0.033     ; 7.043      ;
; 12.933 ; pollard:pollard0|multiply:mul0|inter[0]    ; pollard:pollard0|multiply:mul0|res[127] ; clk          ; clk         ; 20.000       ; -0.032     ; 7.042      ;
; 12.933 ; pollard:pollard0|multiply:mul1|inter[7]    ; pollard:pollard0|multiply:mul1|res[123] ; clk          ; clk         ; 20.000       ; -0.033     ; 7.041      ;
; 12.936 ; pollard:pollard0|multiply:mul1|shifter[11] ; pollard:pollard0|multiply:mul1|res[126] ; clk          ; clk         ; 20.000       ; -0.034     ; 7.037      ;
; 12.938 ; pollard:pollard0|multiply:mul0|shifter[12] ; pollard:pollard0|multiply:mul0|res[126] ; clk          ; clk         ; 20.000       ; -0.038     ; 7.031      ;
+--------+--------------------------------------------+-----------------------------------------+--------------+-------------+--------------+------------+------------+


+-------------------------------------------------------------------------------------------------------------------------------------------------------------------------+
; Fast 1200mV 0C Model Hold: 'clk'                                                                                                                                        ;
+-------+---------------------------------------------+---------------------------------------------+--------------+-------------+--------------+------------+------------+
; Slack ; From Node                                   ; To Node                                     ; Launch Clock ; Latch Clock ; Relationship ; Clock Skew ; Data Delay ;
+-------+---------------------------------------------+---------------------------------------------+--------------+-------------+--------------+------------+------------+
; 0.186 ; pollard:pollard0|multiply:mul1|sizer[0]     ; pollard:pollard0|multiply:mul1|sizer[0]     ; clk          ; clk         ; 0.000        ; 0.037      ; 0.307      ;
; 0.186 ; pollard:pollard0|state.00000                ; pollard:pollard0|state.00000                ; clk          ; clk         ; 0.000        ; 0.037      ; 0.307      ;
; 0.186 ; pollard:pollard0|state.11110                ; pollard:pollard0|state.11110                ; clk          ; clk         ; 0.000        ; 0.037      ; 0.307      ;
; 0.186 ; pollard:pollard0|finish                     ; pollard:pollard0|finish                     ; clk          ; clk         ; 0.000        ; 0.037      ; 0.307      ;
; 0.186 ; send_number:senn|uart_transmit:send0|tx     ; send_number:senn|uart_transmit:send0|tx     ; clk          ; clk         ; 0.000        ; 0.037      ; 0.307      ;
; 0.186 ; send_number:senn|uart_transmit:send0|bit[3] ; send_number:senn|uart_transmit:send0|bit[3] ; clk          ; clk         ; 0.000        ; 0.037      ; 0.307      ;
; 0.186 ; send_number:senn|uart_transmit:send0|bit[1] ; send_number:senn|uart_transmit:send0|bit[1] ; clk          ; clk         ; 0.000        ; 0.037      ; 0.307      ;
; 0.186 ; send_number:senn|uart_transmit:send0|bit[2] ; send_number:senn|uart_transmit:send0|bit[2] ; clk          ; clk         ; 0.000        ; 0.037      ; 0.307      ;
; 0.186 ; send_number:senn|uart_transmit:send0|bit[0] ; send_number:senn|uart_transmit:send0|bit[0] ; clk          ; clk         ; 0.000        ; 0.037      ; 0.307      ;
; 0.186 ; pollard:pollard0|state.11011                ; pollard:pollard0|state.11011                ; clk          ; clk         ; 0.000        ; 0.037      ; 0.307      ;
; 0.186 ; pollard:pollard0|multiply:mul1|i[2]         ; pollard:pollard0|multiply:mul1|i[2]         ; clk          ; clk         ; 0.000        ; 0.037      ; 0.307      ;
; 0.186 ; pollard:pollard0|multiply:mul1|i[1]         ; pollard:pollard0|multiply:mul1|i[1]         ; clk          ; clk         ; 0.000        ; 0.037      ; 0.307      ;
; 0.186 ; pollard:pollard0|mul1_x[18]                 ; pollard:pollard0|mul1_x[18]                 ; clk          ; clk         ; 0.000        ; 0.037      ; 0.307      ;
; 0.186 ; pollard:pollard0|multiply:mul0|i[1]         ; pollard:pollard0|multiply:mul0|i[1]         ; clk          ; clk         ; 0.000        ; 0.037      ; 0.307      ;
; 0.186 ; pollard:pollard0|x[1]                       ; pollard:pollard0|x[1]                       ; clk          ; clk         ; 0.000        ; 0.037      ; 0.307      ;
; 0.186 ; pollard:pollard0|gcd_start                  ; pollard:pollard0|gcd_start                  ; clk          ; clk         ; 0.000        ; 0.037      ; 0.307      ;
; 0.186 ; pollard:pollard0|mul1_x[63]                 ; pollard:pollard0|mul1_x[63]                 ; clk          ; clk         ; 0.000        ; 0.037      ; 0.307      ;
; 0.186 ; pollard:pollard0|multiply:mul1|ls.011       ; pollard:pollard0|multiply:mul1|ls.011       ; clk          ; clk         ; 0.000        ; 0.037      ; 0.307      ;
; 0.186 ; pollard:pollard0|multiply:mul0|i[2]         ; pollard:pollard0|multiply:mul0|i[2]         ; clk          ; clk         ; 0.000        ; 0.037      ; 0.307      ;
; 0.186 ; pollard:pollard0|multiply:mul1|stop         ; pollard:pollard0|multiply:mul1|stop         ; clk          ; clk         ; 0.000        ; 0.037      ; 0.307      ;
; 0.186 ; pollard:pollard0|multiply:mul1|state.0001   ; pollard:pollard0|multiply:mul1|state.0001   ; clk          ; clk         ; 0.000        ; 0.037      ; 0.307      ;
; 0.186 ; pollard:pollard0|gcd:gcd0|stop              ; pollard:pollard0|gcd:gcd0|stop              ; clk          ; clk         ; 0.000        ; 0.037      ; 0.307      ;
; 0.186 ; pollard:pollard0|multiply:mul1|res[0]       ; pollard:pollard0|multiply:mul1|res[0]       ; clk          ; clk         ; 0.000        ; 0.037      ; 0.307      ;
; 0.187 ; pollard:pollard0|multiply:mul0|state.0001   ; pollard:pollard0|multiply:mul0|state.0001   ; clk          ; clk         ; 0.000        ; 0.036      ; 0.307      ;
; 0.187 ; pollard:pollard0|mul1_y[0]                  ; pollard:pollard0|mul1_y[0]                  ; clk          ; clk         ; 0.000        ; 0.036      ; 0.307      ;
; 0.187 ; pollard:pollard0|mul1_y[3]                  ; pollard:pollard0|mul1_y[3]                  ; clk          ; clk         ; 0.000        ; 0.036      ; 0.307      ;
; 0.187 ; pollard:pollard0|mul1_y[5]                  ; pollard:pollard0|mul1_y[5]                  ; clk          ; clk         ; 0.000        ; 0.036      ; 0.307      ;
; 0.187 ; pollard:pollard0|mul1_x[41]                 ; pollard:pollard0|mul1_x[41]                 ; clk          ; clk         ; 0.000        ; 0.036      ; 0.307      ;
; 0.187 ; pollard:pollard0|state.00010                ; pollard:pollard0|state.00010                ; clk          ; clk         ; 0.000        ; 0.036      ; 0.307      ;
; 0.187 ; pollard:pollard0|y[1]                       ; pollard:pollard0|y[1]                       ; clk          ; clk         ; 0.000        ; 0.036      ; 0.307      ;
; 0.187 ; pollard:pollard0|mul1_x[9]                  ; pollard:pollard0|mul1_x[9]                  ; clk          ; clk         ; 0.000        ; 0.036      ; 0.307      ;
; 0.187 ; send_number:senn|state[1]                   ; send_number:senn|state[1]                   ; clk          ; clk         ; 0.000        ; 0.036      ; 0.307      ;
; 0.187 ; send_number:senn|state[0]                   ; send_number:senn|state[0]                   ; clk          ; clk         ; 0.000        ; 0.036      ; 0.307      ;
; 0.187 ; pollard:pollard0|mul1_x[10]                 ; pollard:pollard0|mul1_x[10]                 ; clk          ; clk         ; 0.000        ; 0.036      ; 0.307      ;
; 0.187 ; send_number:senn|start_tx                   ; send_number:senn|start_tx                   ; clk          ; clk         ; 0.000        ; 0.036      ; 0.307      ;
; 0.187 ; pollard:pollard0|multiply:mul0|sizer[0]     ; pollard:pollard0|multiply:mul0|sizer[0]     ; clk          ; clk         ; 0.000        ; 0.036      ; 0.307      ;
; 0.187 ; pollard:pollard0|mul1_x[11]                 ; pollard:pollard0|mul1_x[11]                 ; clk          ; clk         ; 0.000        ; 0.036      ; 0.307      ;
; 0.187 ; pollard:pollard0|mul1_x[12]                 ; pollard:pollard0|mul1_x[12]                 ; clk          ; clk         ; 0.000        ; 0.036      ; 0.307      ;
; 0.187 ; pollard:pollard0|mul1_x[13]                 ; pollard:pollard0|mul1_x[13]                 ; clk          ; clk         ; 0.000        ; 0.036      ; 0.307      ;
; 0.187 ; pollard:pollard0|multiply:mul0|res[0]       ; pollard:pollard0|multiply:mul0|res[0]       ; clk          ; clk         ; 0.000        ; 0.036      ; 0.307      ;
; 0.187 ; pollard:pollard0|mul1_x[14]                 ; pollard:pollard0|mul1_x[14]                 ; clk          ; clk         ; 0.000        ; 0.036      ; 0.307      ;
; 0.187 ; pollard:pollard0|mul1_x[15]                 ; pollard:pollard0|mul1_x[15]                 ; clk          ; clk         ; 0.000        ; 0.036      ; 0.307      ;
; 0.187 ; pollard:pollard0|mul1_x[40]                 ; pollard:pollard0|mul1_x[40]                 ; clk          ; clk         ; 0.000        ; 0.036      ; 0.307      ;
; 0.187 ; pollard:pollard0|mul1_x[44]                 ; pollard:pollard0|mul1_x[44]                 ; clk          ; clk         ; 0.000        ; 0.036      ; 0.307      ;
; 0.187 ; pollard:pollard0|mul1_x[42]                 ; pollard:pollard0|mul1_x[42]                 ; clk          ; clk         ; 0.000        ; 0.036      ; 0.307      ;
; 0.187 ; pollard:pollard0|mul1_x[46]                 ; pollard:pollard0|mul1_x[46]                 ; clk          ; clk         ; 0.000        ; 0.036      ; 0.307      ;
; 0.187 ; pollard:pollard0|mul1_x[34]                 ; pollard:pollard0|mul1_x[34]                 ; clk          ; clk         ; 0.000        ; 0.036      ; 0.307      ;
; 0.187 ; pollard:pollard0|mul1_x[38]                 ; pollard:pollard0|mul1_x[38]                 ; clk          ; clk         ; 0.000        ; 0.036      ; 0.307      ;
; 0.187 ; pollard:pollard0|mul1_x[32]                 ; pollard:pollard0|mul1_x[32]                 ; clk          ; clk         ; 0.000        ; 0.036      ; 0.307      ;
; 0.187 ; pollard:pollard0|mul1_x[36]                 ; pollard:pollard0|mul1_x[36]                 ; clk          ; clk         ; 0.000        ; 0.036      ; 0.307      ;
; 0.187 ; pollard:pollard0|mul1_x[30]                 ; pollard:pollard0|mul1_x[30]                 ; clk          ; clk         ; 0.000        ; 0.036      ; 0.307      ;
; 0.187 ; pollard:pollard0|mul1_x[26]                 ; pollard:pollard0|mul1_x[26]                 ; clk          ; clk         ; 0.000        ; 0.036      ; 0.307      ;
; 0.187 ; pollard:pollard0|mul1_x[24]                 ; pollard:pollard0|mul1_x[24]                 ; clk          ; clk         ; 0.000        ; 0.036      ; 0.307      ;
; 0.187 ; pollard:pollard0|mul1_x[28]                 ; pollard:pollard0|mul1_x[28]                 ; clk          ; clk         ; 0.000        ; 0.036      ; 0.307      ;
; 0.187 ; pollard:pollard0|mul1_x[16]                 ; pollard:pollard0|mul1_x[16]                 ; clk          ; clk         ; 0.000        ; 0.036      ; 0.307      ;
; 0.187 ; pollard:pollard0|mul1_x[20]                 ; pollard:pollard0|mul1_x[20]                 ; clk          ; clk         ; 0.000        ; 0.036      ; 0.307      ;
; 0.187 ; pollard:pollard0|mul1_x[22]                 ; pollard:pollard0|mul1_x[22]                 ; clk          ; clk         ; 0.000        ; 0.036      ; 0.307      ;
; 0.187 ; pollard:pollard0|mul1_x[58]                 ; pollard:pollard0|mul1_x[58]                 ; clk          ; clk         ; 0.000        ; 0.036      ; 0.307      ;
; 0.187 ; pollard:pollard0|mul1_x[62]                 ; pollard:pollard0|mul1_x[62]                 ; clk          ; clk         ; 0.000        ; 0.036      ; 0.307      ;
; 0.187 ; pollard:pollard0|mul1_x[60]                 ; pollard:pollard0|mul1_x[60]                 ; clk          ; clk         ; 0.000        ; 0.036      ; 0.307      ;
; 0.187 ; pollard:pollard0|mul1_x[56]                 ; pollard:pollard0|mul1_x[56]                 ; clk          ; clk         ; 0.000        ; 0.036      ; 0.307      ;
; 0.187 ; pollard:pollard0|mul1_x[48]                 ; pollard:pollard0|mul1_x[48]                 ; clk          ; clk         ; 0.000        ; 0.036      ; 0.307      ;
; 0.187 ; pollard:pollard0|mul1_x[50]                 ; pollard:pollard0|mul1_x[50]                 ; clk          ; clk         ; 0.000        ; 0.036      ; 0.307      ;
; 0.187 ; pollard:pollard0|mul1_x[54]                 ; pollard:pollard0|mul1_x[54]                 ; clk          ; clk         ; 0.000        ; 0.036      ; 0.307      ;
; 0.187 ; pollard:pollard0|mul1_x[17]                 ; pollard:pollard0|mul1_x[17]                 ; clk          ; clk         ; 0.000        ; 0.036      ; 0.307      ;
; 0.187 ; pollard:pollard0|state.00101                ; pollard:pollard0|state.00101                ; clk          ; clk         ; 0.000        ; 0.036      ; 0.307      ;
; 0.187 ; pollard:pollard0|mul1_x[21]                 ; pollard:pollard0|mul1_x[21]                 ; clk          ; clk         ; 0.000        ; 0.036      ; 0.307      ;
; 0.187 ; pollard:pollard0|mul1_x[23]                 ; pollard:pollard0|mul1_x[23]                 ; clk          ; clk         ; 0.000        ; 0.036      ; 0.307      ;
; 0.187 ; pollard:pollard0|mul1_x[19]                 ; pollard:pollard0|mul1_x[19]                 ; clk          ; clk         ; 0.000        ; 0.036      ; 0.307      ;
; 0.187 ; pollard:pollard0|mul1_x[31]                 ; pollard:pollard0|mul1_x[31]                 ; clk          ; clk         ; 0.000        ; 0.036      ; 0.307      ;
; 0.187 ; pollard:pollard0|mul1_x[27]                 ; pollard:pollard0|mul1_x[27]                 ; clk          ; clk         ; 0.000        ; 0.036      ; 0.307      ;
; 0.187 ; pollard:pollard0|mul1_x[29]                 ; pollard:pollard0|mul1_x[29]                 ; clk          ; clk         ; 0.000        ; 0.036      ; 0.307      ;
; 0.187 ; pollard:pollard0|mul1_x[25]                 ; pollard:pollard0|mul1_x[25]                 ; clk          ; clk         ; 0.000        ; 0.036      ; 0.307      ;
; 0.187 ; pollard:pollard0|mul1_x[55]                 ; pollard:pollard0|mul1_x[55]                 ; clk          ; clk         ; 0.000        ; 0.036      ; 0.307      ;
; 0.187 ; pollard:pollard0|mul1_x[51]                 ; pollard:pollard0|mul1_x[51]                 ; clk          ; clk         ; 0.000        ; 0.036      ; 0.307      ;
; 0.187 ; pollard:pollard0|mul1_x[53]                 ; pollard:pollard0|mul1_x[53]                 ; clk          ; clk         ; 0.000        ; 0.036      ; 0.307      ;
; 0.187 ; pollard:pollard0|mul1_x[49]                 ; pollard:pollard0|mul1_x[49]                 ; clk          ; clk         ; 0.000        ; 0.036      ; 0.307      ;
; 0.187 ; pollard:pollard0|mul1_x[57]                 ; pollard:pollard0|mul1_x[57]                 ; clk          ; clk         ; 0.000        ; 0.036      ; 0.307      ;
; 0.187 ; pollard:pollard0|mul1_x[61]                 ; pollard:pollard0|mul1_x[61]                 ; clk          ; clk         ; 0.000        ; 0.036      ; 0.307      ;
; 0.187 ; pollard:pollard0|mul1_x[59]                 ; pollard:pollard0|mul1_x[59]                 ; clk          ; clk         ; 0.000        ; 0.036      ; 0.307      ;
; 0.187 ; pollard:pollard0|multiply:mul0|stop         ; pollard:pollard0|multiply:mul0|stop         ; clk          ; clk         ; 0.000        ; 0.036      ; 0.307      ;
; 0.187 ; pollard:pollard0|mul1_x[37]                 ; pollard:pollard0|mul1_x[37]                 ; clk          ; clk         ; 0.000        ; 0.036      ; 0.307      ;
; 0.187 ; pollard:pollard0|mul1_x[33]                 ; pollard:pollard0|mul1_x[33]                 ; clk          ; clk         ; 0.000        ; 0.036      ; 0.307      ;
; 0.187 ; pollard:pollard0|mul1_x[35]                 ; pollard:pollard0|mul1_x[35]                 ; clk          ; clk         ; 0.000        ; 0.036      ; 0.307      ;
; 0.187 ; pollard:pollard0|mul1_x[39]                 ; pollard:pollard0|mul1_x[39]                 ; clk          ; clk         ; 0.000        ; 0.036      ; 0.307      ;
; 0.187 ; pollard:pollard0|mul1_x[47]                 ; pollard:pollard0|mul1_x[47]                 ; clk          ; clk         ; 0.000        ; 0.036      ; 0.307      ;
; 0.187 ; pollard:pollard0|mul1_x[43]                 ; pollard:pollard0|mul1_x[43]                 ; clk          ; clk         ; 0.000        ; 0.036      ; 0.307      ;
; 0.187 ; pollard:pollard0|mul1_start                 ; pollard:pollard0|mul1_start                 ; clk          ; clk         ; 0.000        ; 0.036      ; 0.307      ;
; 0.187 ; pollard:pollard0|gcd:gcd0|state             ; pollard:pollard0|gcd:gcd0|state             ; clk          ; clk         ; 0.000        ; 0.036      ; 0.307      ;
; 0.187 ; pollard:pollard0|mul1_x[45]                 ; pollard:pollard0|mul1_x[45]                 ; clk          ; clk         ; 0.000        ; 0.036      ; 0.307      ;
; 0.187 ; pollard:pollard0|state.01110                ; pollard:pollard0|state.01110                ; clk          ; clk         ; 0.000        ; 0.036      ; 0.307      ;
; 0.187 ; pollard:pollard0|state.10100                ; pollard:pollard0|state.10100                ; clk          ; clk         ; 0.000        ; 0.036      ; 0.307      ;
; 0.187 ; pollard:pollard0|state.01000                ; pollard:pollard0|state.01000                ; clk          ; clk         ; 0.000        ; 0.036      ; 0.307      ;
; 0.187 ; pollard:pollard0|mul1_x[52]                 ; pollard:pollard0|mul1_x[52]                 ; clk          ; clk         ; 0.000        ; 0.036      ; 0.307      ;
; 0.187 ; pollard:pollard0|state.10001                ; pollard:pollard0|state.10001                ; clk          ; clk         ; 0.000        ; 0.036      ; 0.307      ;
; 0.187 ; pollard:pollard0|multiply:mul0|ls.011       ; pollard:pollard0|multiply:mul0|ls.011       ; clk          ; clk         ; 0.000        ; 0.036      ; 0.307      ;
; 0.193 ; pollard:pollard0|multiply:mul0|i[0]         ; pollard:pollard0|multiply:mul0|i[0]         ; clk          ; clk         ; 0.000        ; 0.037      ; 0.314      ;
; 0.193 ; send_number:senn|uart_transmit:send0|busy   ; send_number:senn|uart_transmit:send0|busy   ; clk          ; clk         ; 0.000        ; 0.037      ; 0.314      ;
; 0.193 ; pollard:pollard0|multiply:mul1|i[0]         ; pollard:pollard0|multiply:mul1|i[0]         ; clk          ; clk         ; 0.000        ; 0.037      ; 0.314      ;
; 0.193 ; pollard:pollard0|multiply:mul1|j[0]         ; pollard:pollard0|multiply:mul1|j[0]         ; clk          ; clk         ; 0.000        ; 0.037      ; 0.314      ;
+-------+---------------------------------------------+---------------------------------------------+--------------+-------------+--------------+------------+------------+


----------------------------------------------
; Fast 1200mV 0C Model Metastability Summary ;
----------------------------------------------
No synchronizer chains to report.


+-----------------------------------------------------------------------------+
; Multicorner Timing Analysis Summary                                         ;
+------------------+-------+-------+----------+---------+---------------------+
; Clock            ; Setup ; Hold  ; Recovery ; Removal ; Minimum Pulse Width ;
+------------------+-------+-------+----------+---------+---------------------+
; Worst-case Slack ; 3.372 ; 0.186 ; N/A      ; N/A     ; 9.369               ;
;  clk             ; 3.372 ; 0.186 ; N/A      ; N/A     ; 9.369               ;
; Design-wide TNS  ; 0.0   ; 0.0   ; 0.0      ; 0.0     ; 0.0                 ;
;  clk             ; 0.000 ; 0.000 ; N/A      ; N/A     ; 0.000               ;
+------------------+-------+-------+----------+---------+---------------------+


+------------------------------------------------------------------------------------------------------------------------------------------------------------------------------------------------------------------------------------------------------------------------------------------------------------------------------------------------------------------------------------------------------------------+
; Board Trace Model Assignments                                                                                                                                                                                                                                                                                                                                                                                    ;
+---------------+--------------+-------------------+-------------------------+-------------------------+---------------+---------------------+----------------+------------------+--------+------------------+------------------------+------------------------+--------------+---------------+-----------------+-------+---------------------+--------------------+---------------+-----------------+-------------+
; Pin           ; I/O Standard ; Near Tline Length ; Near Tline L per Length ; Near Tline C per Length ; Near Series R ; Near Differential R ; Near Pull-up R ; Near Pull-down R ; Near C ; Far Tline Length ; Far Tline L per Length ; Far Tline C per Length ; Far Series R ; Far Pull-up R ; Far Pull-down R ; Far C ; Termination Voltage ; Far Differential R ; EBD File Name ; EBD Signal Name ; EBD Far-end ;
+---------------+--------------+-------------------+-------------------------+-------------------------+---------------+---------------------+----------------+------------------+--------+------------------+------------------------+------------------------+--------------+---------------+-----------------+-------+---------------------+--------------------+---------------+-----------------+-------------+
; leds[0]       ; 2.5 V        ; 0 in              ; 0 H/in                  ; 0 F/in                  ; short         ; -                   ; open           ; open             ; open   ; 0 in             ; 0 H/in                 ; 0 F/in                 ; short        ; open          ; open            ; open  ; 0 V                 ; -                  ; n/a           ; n/a             ; n/a         ;
; leds[1]       ; 2.5 V        ; 0 in              ; 0 H/in                  ; 0 F/in                  ; short         ; -                   ; open           ; open             ; open   ; 0 in             ; 0 H/in                 ; 0 F/in                 ; short        ; open          ; open            ; open  ; 0 V                 ; -                  ; n/a           ; n/a             ; n/a         ;
; leds[2]       ; 2.5 V        ; 0 in              ; 0 H/in                  ; 0 F/in                  ; short         ; -                   ; open           ; open             ; open   ; 0 in             ; 0 H/in                 ; 0 F/in                 ; short        ; open          ; open            ; open  ; 0 V                 ; -                  ; n/a           ; n/a             ; n/a         ;
; leds[3]       ; 2.5 V        ; 0 in              ; 0 H/in                  ; 0 F/in                  ; short         ; -                   ; open           ; open             ; open   ; 0 in             ; 0 H/in                 ; 0 F/in                 ; short        ; open          ; open            ; open  ; 0 V                 ; -                  ; n/a           ; n/a             ; n/a         ;
; tx            ; 2.5 V        ; 0 in              ; 0 H/in                  ; 0 F/in                  ; short         ; -                   ; open           ; open             ; open   ; 0 in             ; 0 H/in                 ; 0 F/in                 ; short        ; open          ; open            ; open  ; 0 V                 ; -                  ; n/a           ; n/a             ; n/a         ;
; ~ALTERA_DCLK~ ; 2.5 V        ; 0 in              ; 0 H/in                  ; 0 F/in                  ; short         ; -                   ; open           ; open             ; open   ; 0 in             ; 0 H/in                 ; 0 F/in                 ; short        ; open          ; open            ; open  ; 0 V                 ; -                  ; n/a           ; n/a             ; n/a         ;
+---------------+--------------+-------------------+-------------------------+-------------------------+---------------+---------------------+----------------+------------------+--------+------------------+------------------------+------------------------+--------------+---------------+-----------------+-------+---------------------+--------------------+---------------+-----------------+-------------+


+----------------------------------------------------------------------------+
; Input Transition Times                                                     ;
+-------------------------+--------------+-----------------+-----------------+
; Pin                     ; I/O Standard ; 10-90 Rise Time ; 90-10 Fall Time ;
+-------------------------+--------------+-----------------+-----------------+
; clk                     ; 2.5 V        ; 2000 ps         ; 2000 ps         ;
; reset                   ; 2.5 V        ; 2000 ps         ; 2000 ps         ;
; ~ALTERA_ASDO_DATA1~     ; 2.5 V        ; 2000 ps         ; 2000 ps         ;
; ~ALTERA_FLASH_nCE_nCSO~ ; 2.5 V        ; 2000 ps         ; 2000 ps         ;
; ~ALTERA_DATA0~          ; 2.5 V        ; 2000 ps         ; 2000 ps         ;
+-------------------------+--------------+-----------------+-----------------+


+--------------------------------------------------------------------------------------------------------------------------------------------------------------------------------------------------------------------------------------------------------------------------------------------------------------------------------------------------------------------------------------------------------------------------------------------------------------------------------------------------------------------------------------------------------------------------------------------------------------------------------------------------------------------------------------------+
; Signal Integrity Metrics (Slow 1200mv 0c Model)                                                                                                                                                                                                                                                                                                                                                                                                                                                                                                                                                                                                                                            ;
+---------------+--------------+---------------------+---------------------+------------------------------+------------------------------+---------------------+---------------------+--------------------------------------+--------------------------------------+-----------------------------+-----------------------------+----------------------------+----------------------------+-----------------------------+-----------------------------+--------------------+--------------------+-------------------------------------+-------------------------------------+----------------------------+----------------------------+---------------------------+---------------------------+
; Pin           ; I/O Standard ; Board Delay on Rise ; Board Delay on Fall ; Steady State Voh at FPGA Pin ; Steady State Vol at FPGA Pin ; Voh Max at FPGA Pin ; Vol Min at FPGA Pin ; Ringback Voltage on Rise at FPGA Pin ; Ringback Voltage on Fall at FPGA Pin ; 10-90 Rise Time at FPGA Pin ; 90-10 Fall Time at FPGA Pin ; Monotonic Rise at FPGA Pin ; Monotonic Fall at FPGA Pin ; Steady State Voh at Far-end ; Steady State Vol at Far-end ; Voh Max at Far-end ; Vol Min at Far-end ; Ringback Voltage on Rise at Far-end ; Ringback Voltage on Fall at Far-end ; 10-90 Rise Time at Far-end ; 90-10 Fall Time at Far-end ; Monotonic Rise at Far-end ; Monotonic Fall at Far-end ;
+---------------+--------------+---------------------+---------------------+------------------------------+------------------------------+---------------------+---------------------+--------------------------------------+--------------------------------------+-----------------------------+-----------------------------+----------------------------+----------------------------+-----------------------------+-----------------------------+--------------------+--------------------+-------------------------------------+-------------------------------------+----------------------------+----------------------------+---------------------------+---------------------------+
; leds[0]       ; 2.5 V        ; 0 s                 ; 0 s                 ; 2.32 V                       ; 2.07e-09 V                   ; 2.36 V              ; -0.00737 V          ; 0.209 V                              ; 0.012 V                              ; 5.22e-10 s                  ; 5.33e-10 s                  ; Yes                        ; Yes                        ; 2.32 V                      ; 2.07e-09 V                  ; 2.36 V             ; -0.00737 V         ; 0.209 V                             ; 0.012 V                             ; 5.22e-10 s                 ; 5.33e-10 s                 ; Yes                       ; Yes                       ;
; leds[1]       ; 2.5 V        ; 0 s                 ; 0 s                 ; 2.32 V                       ; 2.07e-09 V                   ; 2.38 V              ; -0.0073 V           ; 0.097 V                              ; 0.018 V                              ; 4.24e-10 s                  ; 3.65e-10 s                  ; No                         ; Yes                        ; 2.32 V                      ; 2.07e-09 V                  ; 2.38 V             ; -0.0073 V          ; 0.097 V                             ; 0.018 V                             ; 4.24e-10 s                 ; 3.65e-10 s                 ; No                        ; Yes                       ;
; leds[2]       ; 2.5 V        ; 0 s                 ; 0 s                 ; 2.32 V                       ; 2.07e-09 V                   ; 2.36 V              ; -0.00737 V          ; 0.209 V                              ; 0.012 V                              ; 5.22e-10 s                  ; 5.33e-10 s                  ; Yes                        ; Yes                        ; 2.32 V                      ; 2.07e-09 V                  ; 2.36 V             ; -0.00737 V         ; 0.209 V                             ; 0.012 V                             ; 5.22e-10 s                 ; 5.33e-10 s                 ; Yes                       ; Yes                       ;
; leds[3]       ; 2.5 V        ; 0 s                 ; 0 s                 ; 2.32 V                       ; 2.07e-09 V                   ; 2.36 V              ; -0.00737 V          ; 0.209 V                              ; 0.012 V                              ; 5.22e-10 s                  ; 5.33e-10 s                  ; Yes                        ; Yes                        ; 2.32 V                      ; 2.07e-09 V                  ; 2.36 V             ; -0.00737 V         ; 0.209 V                             ; 0.012 V                             ; 5.22e-10 s                 ; 5.33e-10 s                 ; Yes                       ; Yes                       ;
; tx            ; 2.5 V        ; 0 s                 ; 0 s                 ; 2.32 V                       ; 2.07e-09 V                   ; 2.36 V              ; -0.00737 V          ; 0.209 V                              ; 0.012 V                              ; 5.22e-10 s                  ; 5.33e-10 s                  ; Yes                        ; Yes                        ; 2.32 V                      ; 2.07e-09 V                  ; 2.36 V             ; -0.00737 V         ; 0.209 V                             ; 0.012 V                             ; 5.22e-10 s                 ; 5.33e-10 s                 ; Yes                       ; Yes                       ;
; ~ALTERA_DCLK~ ; 2.5 V        ; 0 s                 ; 0 s                 ; 2.32 V                       ; 1.74e-09 V                   ; 2.37 V              ; -0.0346 V           ; 0.198 V                              ; 0.094 V                              ; 3.14e-10 s                  ; 2.92e-10 s                  ; Yes                        ; Yes                        ; 2.32 V                      ; 1.74e-09 V                  ; 2.37 V             ; -0.0346 V          ; 0.198 V                             ; 0.094 V                             ; 3.14e-10 s                 ; 2.92e-10 s                 ; Yes                       ; Yes                       ;
+---------------+--------------+---------------------+---------------------+------------------------------+------------------------------+---------------------+---------------------+--------------------------------------+--------------------------------------+-----------------------------+-----------------------------+----------------------------+----------------------------+-----------------------------+-----------------------------+--------------------+--------------------+-------------------------------------+-------------------------------------+----------------------------+----------------------------+---------------------------+---------------------------+


+--------------------------------------------------------------------------------------------------------------------------------------------------------------------------------------------------------------------------------------------------------------------------------------------------------------------------------------------------------------------------------------------------------------------------------------------------------------------------------------------------------------------------------------------------------------------------------------------------------------------------------------------------------------------------------------------+
; Signal Integrity Metrics (Slow 1200mv 85c Model)                                                                                                                                                                                                                                                                                                                                                                                                                                                                                                                                                                                                                                           ;
+---------------+--------------+---------------------+---------------------+------------------------------+------------------------------+---------------------+---------------------+--------------------------------------+--------------------------------------+-----------------------------+-----------------------------+----------------------------+----------------------------+-----------------------------+-----------------------------+--------------------+--------------------+-------------------------------------+-------------------------------------+----------------------------+----------------------------+---------------------------+---------------------------+
; Pin           ; I/O Standard ; Board Delay on Rise ; Board Delay on Fall ; Steady State Voh at FPGA Pin ; Steady State Vol at FPGA Pin ; Voh Max at FPGA Pin ; Vol Min at FPGA Pin ; Ringback Voltage on Rise at FPGA Pin ; Ringback Voltage on Fall at FPGA Pin ; 10-90 Rise Time at FPGA Pin ; 90-10 Fall Time at FPGA Pin ; Monotonic Rise at FPGA Pin ; Monotonic Fall at FPGA Pin ; Steady State Voh at Far-end ; Steady State Vol at Far-end ; Voh Max at Far-end ; Vol Min at Far-end ; Ringback Voltage on Rise at Far-end ; Ringback Voltage on Fall at Far-end ; 10-90 Rise Time at Far-end ; 90-10 Fall Time at Far-end ; Monotonic Rise at Far-end ; Monotonic Fall at Far-end ;
+---------------+--------------+---------------------+---------------------+------------------------------+------------------------------+---------------------+---------------------+--------------------------------------+--------------------------------------+-----------------------------+-----------------------------+----------------------------+----------------------------+-----------------------------+-----------------------------+--------------------+--------------------+-------------------------------------+-------------------------------------+----------------------------+----------------------------+---------------------------+---------------------------+
; leds[0]       ; 2.5 V        ; 0 s                 ; 0 s                 ; 2.32 V                       ; 1.93e-07 V                   ; 2.34 V              ; -0.00869 V          ; 0.14 V                               ; 0.046 V                              ; 6.89e-10 s                  ; 6.56e-10 s                  ; Yes                        ; Yes                        ; 2.32 V                      ; 1.93e-07 V                  ; 2.34 V             ; -0.00869 V         ; 0.14 V                              ; 0.046 V                             ; 6.89e-10 s                 ; 6.56e-10 s                 ; Yes                       ; Yes                       ;
; leds[1]       ; 2.5 V        ; 0 s                 ; 0 s                 ; 2.32 V                       ; 1.93e-07 V                   ; 2.35 V              ; -0.00834 V          ; 0.127 V                              ; 0.035 V                              ; 4.7e-10 s                   ; 4.64e-10 s                  ; Yes                        ; Yes                        ; 2.32 V                      ; 1.93e-07 V                  ; 2.35 V             ; -0.00834 V         ; 0.127 V                             ; 0.035 V                             ; 4.7e-10 s                  ; 4.64e-10 s                 ; Yes                       ; Yes                       ;
; leds[2]       ; 2.5 V        ; 0 s                 ; 0 s                 ; 2.32 V                       ; 1.93e-07 V                   ; 2.34 V              ; -0.00869 V          ; 0.14 V                               ; 0.046 V                              ; 6.89e-10 s                  ; 6.56e-10 s                  ; Yes                        ; Yes                        ; 2.32 V                      ; 1.93e-07 V                  ; 2.34 V             ; -0.00869 V         ; 0.14 V                              ; 0.046 V                             ; 6.89e-10 s                 ; 6.56e-10 s                 ; Yes                       ; Yes                       ;
; leds[3]       ; 2.5 V        ; 0 s                 ; 0 s                 ; 2.32 V                       ; 1.93e-07 V                   ; 2.34 V              ; -0.00869 V          ; 0.14 V                               ; 0.046 V                              ; 6.89e-10 s                  ; 6.56e-10 s                  ; Yes                        ; Yes                        ; 2.32 V                      ; 1.93e-07 V                  ; 2.34 V             ; -0.00869 V         ; 0.14 V                              ; 0.046 V                             ; 6.89e-10 s                 ; 6.56e-10 s                 ; Yes                       ; Yes                       ;
; tx            ; 2.5 V        ; 0 s                 ; 0 s                 ; 2.32 V                       ; 1.93e-07 V                   ; 2.34 V              ; -0.00869 V          ; 0.14 V                               ; 0.046 V                              ; 6.89e-10 s                  ; 6.56e-10 s                  ; Yes                        ; Yes                        ; 2.32 V                      ; 1.93e-07 V                  ; 2.34 V             ; -0.00869 V         ; 0.14 V                              ; 0.046 V                             ; 6.89e-10 s                 ; 6.56e-10 s                 ; Yes                       ; Yes                       ;
; ~ALTERA_DCLK~ ; 2.5 V        ; 0 s                 ; 0 s                 ; 2.32 V                       ; 1.55e-07 V                   ; 2.35 V              ; -0.00221 V          ; 0.097 V                              ; 0.005 V                              ; 4.49e-10 s                  ; 3.85e-10 s                  ; Yes                        ; Yes                        ; 2.32 V                      ; 1.55e-07 V                  ; 2.35 V             ; -0.00221 V         ; 0.097 V                             ; 0.005 V                             ; 4.49e-10 s                 ; 3.85e-10 s                 ; Yes                       ; Yes                       ;
+---------------+--------------+---------------------+---------------------+------------------------------+------------------------------+---------------------+---------------------+--------------------------------------+--------------------------------------+-----------------------------+-----------------------------+----------------------------+----------------------------+-----------------------------+-----------------------------+--------------------+--------------------+-------------------------------------+-------------------------------------+----------------------------+----------------------------+---------------------------+---------------------------+


+--------------------------------------------------------------------------------------------------------------------------------------------------------------------------------------------------------------------------------------------------------------------------------------------------------------------------------------------------------------------------------------------------------------------------------------------------------------------------------------------------------------------------------------------------------------------------------------------------------------------------------------------------------------------------------------------+
; Signal Integrity Metrics (Fast 1200mv 0c Model)                                                                                                                                                                                                                                                                                                                                                                                                                                                                                                                                                                                                                                            ;
+---------------+--------------+---------------------+---------------------+------------------------------+------------------------------+---------------------+---------------------+--------------------------------------+--------------------------------------+-----------------------------+-----------------------------+----------------------------+----------------------------+-----------------------------+-----------------------------+--------------------+--------------------+-------------------------------------+-------------------------------------+----------------------------+----------------------------+---------------------------+---------------------------+
; Pin           ; I/O Standard ; Board Delay on Rise ; Board Delay on Fall ; Steady State Voh at FPGA Pin ; Steady State Vol at FPGA Pin ; Voh Max at FPGA Pin ; Vol Min at FPGA Pin ; Ringback Voltage on Rise at FPGA Pin ; Ringback Voltage on Fall at FPGA Pin ; 10-90 Rise Time at FPGA Pin ; 90-10 Fall Time at FPGA Pin ; Monotonic Rise at FPGA Pin ; Monotonic Fall at FPGA Pin ; Steady State Voh at Far-end ; Steady State Vol at Far-end ; Voh Max at Far-end ; Vol Min at Far-end ; Ringback Voltage on Rise at Far-end ; Ringback Voltage on Fall at Far-end ; 10-90 Rise Time at Far-end ; 90-10 Fall Time at Far-end ; Monotonic Rise at Far-end ; Monotonic Fall at Far-end ;
+---------------+--------------+---------------------+---------------------+------------------------------+------------------------------+---------------------+---------------------+--------------------------------------+--------------------------------------+-----------------------------+-----------------------------+----------------------------+----------------------------+-----------------------------+-----------------------------+--------------------+--------------------+-------------------------------------+-------------------------------------+----------------------------+----------------------------+---------------------------+---------------------------+
; leds[0]       ; 2.5 V        ; 0 s                 ; 0 s                 ; 2.62 V                       ; 2.74e-08 V                   ; 2.71 V              ; -0.0317 V           ; 0.148 V                              ; 0.064 V                              ; 4.51e-10 s                  ; 4.15e-10 s                  ; No                         ; Yes                        ; 2.62 V                      ; 2.74e-08 V                  ; 2.71 V             ; -0.0317 V          ; 0.148 V                             ; 0.064 V                             ; 4.51e-10 s                 ; 4.15e-10 s                 ; No                        ; Yes                       ;
; leds[1]       ; 2.5 V        ; 0 s                 ; 0 s                 ; 2.62 V                       ; 2.74e-08 V                   ; 2.73 V              ; -0.0384 V           ; 0.169 V                              ; 0.089 V                              ; 2.7e-10 s                   ; 2.62e-10 s                  ; Yes                        ; Yes                        ; 2.62 V                      ; 2.74e-08 V                  ; 2.73 V             ; -0.0384 V          ; 0.169 V                             ; 0.089 V                             ; 2.7e-10 s                  ; 2.62e-10 s                 ; Yes                       ; Yes                       ;
; leds[2]       ; 2.5 V        ; 0 s                 ; 0 s                 ; 2.62 V                       ; 2.74e-08 V                   ; 2.71 V              ; -0.0317 V           ; 0.148 V                              ; 0.064 V                              ; 4.51e-10 s                  ; 4.15e-10 s                  ; No                         ; Yes                        ; 2.62 V                      ; 2.74e-08 V                  ; 2.71 V             ; -0.0317 V          ; 0.148 V                             ; 0.064 V                             ; 4.51e-10 s                 ; 4.15e-10 s                 ; No                        ; Yes                       ;
; leds[3]       ; 2.5 V        ; 0 s                 ; 0 s                 ; 2.62 V                       ; 2.74e-08 V                   ; 2.71 V              ; -0.0317 V           ; 0.148 V                              ; 0.064 V                              ; 4.51e-10 s                  ; 4.15e-10 s                  ; No                         ; Yes                        ; 2.62 V                      ; 2.74e-08 V                  ; 2.71 V             ; -0.0317 V          ; 0.148 V                             ; 0.064 V                             ; 4.51e-10 s                 ; 4.15e-10 s                 ; No                        ; Yes                       ;
; tx            ; 2.5 V        ; 0 s                 ; 0 s                 ; 2.62 V                       ; 2.74e-08 V                   ; 2.71 V              ; -0.0317 V           ; 0.148 V                              ; 0.064 V                              ; 4.51e-10 s                  ; 4.15e-10 s                  ; No                         ; Yes                        ; 2.62 V                      ; 2.74e-08 V                  ; 2.71 V             ; -0.0317 V          ; 0.148 V                             ; 0.064 V                             ; 4.51e-10 s                 ; 4.15e-10 s                 ; No                        ; Yes                       ;
; ~ALTERA_DCLK~ ; 2.5 V        ; 0 s                 ; 0 s                 ; 2.62 V                       ; 2.22e-08 V                   ; 2.74 V              ; -0.06 V             ; 0.158 V                              ; 0.08 V                               ; 2.68e-10 s                  ; 2.19e-10 s                  ; Yes                        ; Yes                        ; 2.62 V                      ; 2.22e-08 V                  ; 2.74 V             ; -0.06 V            ; 0.158 V                             ; 0.08 V                              ; 2.68e-10 s                 ; 2.19e-10 s                 ; Yes                       ; Yes                       ;
+---------------+--------------+---------------------+---------------------+------------------------------+------------------------------+---------------------+---------------------+--------------------------------------+--------------------------------------+-----------------------------+-----------------------------+----------------------------+----------------------------+-----------------------------+-----------------------------+--------------------+--------------------+-------------------------------------+-------------------------------------+----------------------------+----------------------------+---------------------------+---------------------------+


+-------------------------------------------------------------------+
; Setup Transfers                                                   ;
+------------+----------+----------+----------+----------+----------+
; From Clock ; To Clock ; RR Paths ; FR Paths ; RF Paths ; FF Paths ;
+------------+----------+----------+----------+----------+----------+
; clk        ; clk      ; 920654   ; 0        ; 0        ; 0        ;
+------------+----------+----------+----------+----------+----------+
Entries labeled "false path" only account for clock-to-clock false paths and not path-based false paths. As a result, actual path counts may be lower than reported.


+-------------------------------------------------------------------+
; Hold Transfers                                                    ;
+------------+----------+----------+----------+----------+----------+
; From Clock ; To Clock ; RR Paths ; FR Paths ; RF Paths ; FF Paths ;
+------------+----------+----------+----------+----------+----------+
; clk        ; clk      ; 920654   ; 0        ; 0        ; 0        ;
+------------+----------+----------+----------+----------+----------+
Entries labeled "false path" only account for clock-to-clock false paths and not path-based false paths. As a result, actual path counts may be lower than reported.


---------------
; Report TCCS ;
---------------
No dedicated SERDES Transmitter circuitry present in device or used in design


---------------
; Report RSKM ;
---------------
No non-DPA dedicated SERDES Receiver circuitry present in device or used in design


+------------------------------------------------+
; Unconstrained Paths Summary                    ;
+---------------------------------+-------+------+
; Property                        ; Setup ; Hold ;
+---------------------------------+-------+------+
; Illegal Clocks                  ; 0     ; 0    ;
; Unconstrained Clocks            ; 0     ; 0    ;
; Unconstrained Input Ports       ; 1     ; 1    ;
; Unconstrained Input Port Paths  ; 1678  ; 1678 ;
; Unconstrained Output Ports      ; 5     ; 5    ;
; Unconstrained Output Port Paths ; 5     ; 5    ;
+---------------------------------+-------+------+


+-------------------------------------+
; Clock Status Summary                ;
+--------+-------+------+-------------+
; Target ; Clock ; Type ; Status      ;
+--------+-------+------+-------------+
; clk    ; clk   ; Base ; Constrained ;
+--------+-------+------+-------------+


+---------------------------------------------------------------------------------------------------+
; Unconstrained Input Ports                                                                         ;
+------------+--------------------------------------------------------------------------------------+
; Input Port ; Comment                                                                              ;
+------------+--------------------------------------------------------------------------------------+
; reset      ; No input delay, min/max delays, false-path exceptions, or max skew assignments found ;
+------------+--------------------------------------------------------------------------------------+


+-----------------------------------------------------------------------------------------------------+
; Unconstrained Output Ports                                                                          ;
+-------------+---------------------------------------------------------------------------------------+
; Output Port ; Comment                                                                               ;
+-------------+---------------------------------------------------------------------------------------+
; leds[0]     ; No output delay, min/max delays, false-path exceptions, or max skew assignments found ;
; leds[1]     ; No output delay, min/max delays, false-path exceptions, or max skew assignments found ;
; leds[2]     ; No output delay, min/max delays, false-path exceptions, or max skew assignments found ;
; leds[3]     ; No output delay, min/max delays, false-path exceptions, or max skew assignments found ;
; tx          ; No output delay, min/max delays, false-path exceptions, or max skew assignments found ;
+-------------+---------------------------------------------------------------------------------------+


+---------------------------------------------------------------------------------------------------+
; Unconstrained Input Ports                                                                         ;
+------------+--------------------------------------------------------------------------------------+
; Input Port ; Comment                                                                              ;
+------------+--------------------------------------------------------------------------------------+
; reset      ; No input delay, min/max delays, false-path exceptions, or max skew assignments found ;
+------------+--------------------------------------------------------------------------------------+


+-----------------------------------------------------------------------------------------------------+
; Unconstrained Output Ports                                                                          ;
+-------------+---------------------------------------------------------------------------------------+
; Output Port ; Comment                                                                               ;
+-------------+---------------------------------------------------------------------------------------+
; leds[0]     ; No output delay, min/max delays, false-path exceptions, or max skew assignments found ;
; leds[1]     ; No output delay, min/max delays, false-path exceptions, or max skew assignments found ;
; leds[2]     ; No output delay, min/max delays, false-path exceptions, or max skew assignments found ;
; leds[3]     ; No output delay, min/max delays, false-path exceptions, or max skew assignments found ;
; tx          ; No output delay, min/max delays, false-path exceptions, or max skew assignments found ;
+-------------+---------------------------------------------------------------------------------------+


+--------------------------+
; Timing Analyzer Messages ;
+--------------------------+
Info: *******************************************************************
Info: Running Quartus Prime Timing Analyzer
    Info: Version 24.1std.0 Build 1077 03/04/2025 SC Lite Edition
    Info: Processing started: Sun Mar 29 22:34:49 2026
Info: Command: quartus_sta hello -c hello
Info: qsta_default_script.tcl version: #1
Warning (18236): Number of processors has not been specified which may cause overloading on shared machines.  Set the global assignment NUM_PARALLEL_PROCESSORS in your QSF to an appropriate value for best performance.
Info (20030): Parallel compilation is enabled and will use 12 of the 12 processors detected
Info (21076): High junction temperature operating condition is not set. Assuming a default value of '85'.
Info (21076): Low junction temperature operating condition is not set. Assuming a default value of '0'.
Info (332104): Reading SDC File: 'hello.sdc'
Warning (332056): PLL cross checking found inconsistent PLL clock settings:
    Warning (332056): Node: PLL|auto_generated|pll1|clk[0] was found missing 1 generated clock that corresponds to a base clock with a period of: 20.000
    Warning (332056): Node: PLL|auto_generated|pll1|clk[1] was found missing 1 generated clock that corresponds to a base clock with a period of: 20.000
Critical Warning (332168): The following clock transfers have no clock uncertainty assignment. For more accurate results, apply clock uncertainty assignments or use the derive_clock_uncertainty command.
    Critical Warning (332169): From clk (Rise) to clk (Rise) (setup and hold)
Info: Found TIMING_ANALYZER_REPORT_SCRIPT_INCLUDE_DEFAULT_ANALYSIS = ON
Info: Analyzing Slow 1200mV 85C Model
Info (332146): Worst-case setup slack is 3.372
    Info (332119):     Slack       End Point TNS Clock 
    Info (332119): ========= =================== =====================
    Info (332119):     3.372               0.000 clk 
Info (332146): Worst-case hold slack is 0.452
    Info (332119):     Slack       End Point TNS Clock 
    Info (332119): ========= =================== =====================
    Info (332119):     0.452               0.000 clk 
Info (332140): No Recovery paths to report
Info (332140): No Removal paths to report
Info (332146): Worst-case minimum pulse width slack is 9.737
    Info (332119):     Slack       End Point TNS Clock 
    Info (332119): ========= =================== =====================
    Info (332119):     9.737               0.000 clk 
Info: Analyzing Slow 1200mV 0C Model
Info (334003): Started post-fitting delay annotation
Info (334004): Delay annotation completed successfully
Warning (332056): PLL cross checking found inconsistent PLL clock settings:
    Warning (332056): Node: PLL|auto_generated|pll1|clk[0] was found missing 1 generated clock that corresponds to a base clock with a period of: 20.000
    Warning (332056): Node: PLL|auto_generated|pll1|clk[1] was found missing 1 generated clock that corresponds to a base clock with a period of: 20.000
Critical Warning (332168): The following clock transfers have no clock uncertainty assignment. For more accurate results, apply clock uncertainty assignments or use the derive_clock_uncertainty command.
    Critical Warning (332169): From clk (Rise) to clk (Rise) (setup and hold)
Info (332146): Worst-case setup slack is 5.101
    Info (332119):     Slack       End Point TNS Clock 
    Info (332119): ========= =================== =====================
    Info (332119):     5.101               0.000 clk 
Info (332146): Worst-case hold slack is 0.401
    Info (332119):     Slack       End Point TNS Clock 
    Info (332119): ========= =================== =====================
    Info (332119):     0.401               0.000 clk 
Info (332140): No Recovery paths to report
Info (332140): No Removal paths to report
Info (332146): Worst-case minimum pulse width slack is 9.734
    Info (332119):     Slack       End Point TNS Clock 
    Info (332119): ========= =================== =====================
    Info (332119):     9.734               0.000 clk 
Info: Analyzing Fast 1200mV 0C Model
Warning (332056): PLL cross checking found inconsistent PLL clock settings:
    Warning (332056): Node: PLL|auto_generated|pll1|clk[0] was found missing 1 generated clock that corresponds to a base clock with a period of: 20.000
    Warning (332056): Node: PLL|auto_generated|pll1|clk[1] was found missing 1 generated clock that corresponds to a base clock with a period of: 20.000
Critical Warning (332168): The following clock transfers have no clock uncertainty assignment. For more accurate results, apply clock uncertainty assignments or use the derive_clock_uncertainty command.
    Critical Warning (332169): From clk (Rise) to clk (Rise) (setup and hold)
Info (332146): Worst-case setup slack is 12.507
    Info (332119):     Slack       End Point TNS Clock 
    Info (332119): ========= =================== =====================
    Info (332119):    12.507               0.000 clk 
Info (332146): Worst-case hold slack is 0.186
    Info (332119):     Slack       End Point TNS Clock 
    Info (332119): ========= =================== =====================
    Info (332119):     0.186               0.000 clk 
Info (332140): No Recovery paths to report
Info (332140): No Removal paths to report
Info (332146): Worst-case minimum pulse width slack is 9.369
    Info (332119):     Slack       End Point TNS Clock 
    Info (332119): ========= =================== =====================
    Info (332119):     9.369               0.000 clk 
Info (332102): Design is not fully constrained for setup requirements
Info (332102): Design is not fully constrained for hold requirements
Info: Quartus Prime Timing Analyzer was successful. 0 errors, 16 warnings
    Info: Peak virtual memory: 568 megabytes
    Info: Processing ended: Sun Mar 29 22:34:51 2026
    Info: Elapsed time: 00:00:02
    Info: Total CPU time (on all processors): 00:00:03


