Fitter report for hello
Sun Mar 15 23:49:17 2026
Quartus Prime Version 24.1std.0 Build 1077 03/04/2025 SC Lite Edition


---------------------
; Table of Contents ;
---------------------
  1. Legal Notice
  2. Fitter Summary
  3. Fitter Settings
  4. Parallel Compilation
  5. Fitter Netlist Optimizations
  6. Incremental Compilation Preservation Summary
  7. Incremental Compilation Partition Settings
  8. Incremental Compilation Placement Preservation
  9. Fitter Resource Usage Summary
 10. Input Pins
 11. Output Pins
 12. Dual Purpose and Dedicated Pins
 13. I/O Bank Usage
 14. All Package Pins
 15. PLL Summary
 16. PLL Usage
 17. I/O Assignment Warnings
 18. Fitter Resource Utilization by Entity
 19. Delay Chain Summary
 20. Pad To Core Delay Chain Fanout
 21. Control Signals
 22. Global & Other Fast Signals
 23. Non-Global High Fan-Out Signals
 24. Fitter DSP Block Usage Summary
 25. DSP Block Details
 26. I/O Rules Summary
 27. I/O Rules Details
 28. I/O Rules Matrix
 29. Fitter Device Options
 30. Operating Settings and Conditions
 31. Fitter Messages



----------------
; Legal Notice ;
----------------
Copyright (C) 2025  Altera Corporation. All rights reserved.
Your use of Altera Corporation's design tools, logic functions 
and other software and tools, and any partner logic 
functions, and any output files from any of the foregoing 
(including device programming or simulation files), and any 
associated documentation or information are expressly subject 
to the terms and conditions of the Altera Program License 
Subscription Agreement, the Altera Quartus Prime License Agreement,
the Altera IP License Agreement, or other applicable license
agreement, including, without limitation, that your use is for
the sole purpose of programming logic devices manufactured by
Altera and sold by Altera or its authorized distributors.  Please
refer to the Altera Software License Subscription Agreements 
on the Quartus Prime software download page.



+--------------------------------------------------------------------------------------+
; Fitter Summary                                                                       ;
+------------------------------------+-------------------------------------------------+
; Fitter Status                      ; Failed - Sun Mar 15 23:49:17 2026               ;
; Quartus Prime Version              ; 24.1std.0 Build 1077 03/04/2025 SC Lite Edition ;
; Revision Name                      ; hello                                           ;
; Top-level Entity Name              ; hello                                           ;
; Family                             ; Cyclone 10 LP                                   ;
; Device                             ; 10CL006YE144C8G                                 ;
; Timing Models                      ; Final                                           ;
; Total logic elements               ; 86,003 / 6,272 ( 1371 % )                       ;
;     Total combinational functions  ; 85,993 / 6,272 ( 1371 % )                       ;
;     Dedicated logic registers      ; 1,515 / 6,272 ( 24 % )                          ;
; Total registers                    ; 1515                                            ;
; Total pins                         ; 7 / 89 ( 8 % )                                  ;
; Total virtual pins                 ; 0                                               ;
; Total memory bits                  ; 0 / 276,480 ( 0 % )                             ;
; Embedded Multiplier 9-bit elements ; 30 / 30 ( 100 % )                               ;
; Total PLLs                         ; 1 / 2 ( 50 % )                                  ;
+------------------------------------+-------------------------------------------------+


+----------------------------------------------------------------------------------------------------------------------------------------------------+
; Fitter Settings                                                                                                                                    ;
+--------------------------------------------------------------------+---------------------------------------+---------------------------------------+
; Option                                                             ; Setting                               ; Default Value                         ;
+--------------------------------------------------------------------+---------------------------------------+---------------------------------------+
; Device                                                             ; 10CL006YE144C8G                       ;                                       ;
; Fit Attempts to Skip                                               ; 0                                     ; 0.0                                   ;
; Use smart compilation                                              ; Off                                   ; Off                                   ;
; Enable parallel Assembler and Timing Analyzer during compilation   ; On                                    ; On                                    ;
; Enable compact report table                                        ; Off                                   ; Off                                   ;
; Auto Merge PLLs                                                    ; On                                    ; On                                    ;
; Router Timing Optimization Level                                   ; Normal                                ; Normal                                ;
; Perform Clocking Topology Analysis During Routing                  ; Off                                   ; Off                                   ;
; Placement Effort Multiplier                                        ; 1.0                                   ; 1.0                                   ;
; Router Effort Multiplier                                           ; 1.0                                   ; 1.0                                   ;
; Optimize Hold Timing                                               ; All Paths                             ; All Paths                             ;
; Optimize Multi-Corner Timing                                       ; On                                    ; On                                    ;
; Power Optimization During Fitting                                  ; Normal compilation                    ; Normal compilation                    ;
; SSN Optimization                                                   ; Off                                   ; Off                                   ;
; Optimize Timing                                                    ; Normal compilation                    ; Normal compilation                    ;
; Optimize Timing for ECOs                                           ; Off                                   ; Off                                   ;
; Regenerate Full Fit Report During ECO Compiles                     ; Off                                   ; Off                                   ;
; Optimize IOC Register Placement for Timing                         ; Normal                                ; Normal                                ;
; Limit to One Fitting Attempt                                       ; Off                                   ; Off                                   ;
; Final Placement Optimizations                                      ; Automatically                         ; Automatically                         ;
; Fitter Aggressive Routability Optimizations                        ; Automatically                         ; Automatically                         ;
; Fitter Initial Placement Seed                                      ; 1                                     ; 1                                     ;
; Periphery to Core Placement and Routing Optimization               ; Off                                   ; Off                                   ;
; PCI I/O                                                            ; Off                                   ; Off                                   ;
; Weak Pull-Up Resistor                                              ; Off                                   ; Off                                   ;
; Enable Bus-Hold Circuitry                                          ; Off                                   ; Off                                   ;
; Auto Packed Registers                                              ; Auto                                  ; Auto                                  ;
; Auto Delay Chains                                                  ; On                                    ; On                                    ;
; Auto Delay Chains for High Fanout Input Pins                       ; Off                                   ; Off                                   ;
; Allow Single-ended Buffer for Differential-XSTL Input              ; Off                                   ; Off                                   ;
; Treat Bidirectional Pin as Output Pin                              ; Off                                   ; Off                                   ;
; Perform Physical Synthesis for Combinational Logic for Fitting     ; Off                                   ; Off                                   ;
; Perform Physical Synthesis for Combinational Logic for Performance ; Off                                   ; Off                                   ;
; Perform Register Duplication for Performance                       ; Off                                   ; Off                                   ;
; Perform Logic to Memory Mapping for Fitting                        ; Off                                   ; Off                                   ;
; Perform Register Retiming for Performance                          ; Off                                   ; Off                                   ;
; Perform Asynchronous Signal Pipelining                             ; Off                                   ; Off                                   ;
; Fitter Effort                                                      ; Auto Fit                              ; Auto Fit                              ;
; Physical Synthesis Effort Level                                    ; Normal                                ; Normal                                ;
; Logic Cell Insertion - Logic Duplication                           ; Auto                                  ; Auto                                  ;
; Auto Register Duplication                                          ; Auto                                  ; Auto                                  ;
; Auto Global Clock                                                  ; On                                    ; On                                    ;
; Auto Global Register Control Signals                               ; On                                    ; On                                    ;
; Reserve all unused pins                                            ; As input tri-stated with weak pull-up ; As input tri-stated with weak pull-up ;
; Synchronizer Identification                                        ; Auto                                  ; Auto                                  ;
; Enable Beneficial Skew Optimization                                ; On                                    ; On                                    ;
; Optimize Design for Metastability                                  ; On                                    ; On                                    ;
; Force Fitter to Avoid Periphery Placement Warnings                 ; Off                                   ; Off                                   ;
; Enable input tri-state on active configuration pins in user mode   ; Off                                   ; Off                                   ;
+--------------------------------------------------------------------+---------------------------------------+---------------------------------------+


+------------------------------------------+
; Parallel Compilation                     ;
+----------------------------+-------------+
; Processors                 ; Number      ;
+----------------------------+-------------+
; Number detected on machine ; 20          ;
; Maximum allowed            ; 12          ;
;                            ;             ;
; Average used               ; 1.15        ;
; Maximum used               ; 12          ;
;                            ;             ;
; Usage by Processor         ; % Time Used ;
;     Processor 1            ; 100.0%      ;
;     Processor 2            ;   1.5%      ;
;     Processor 3            ;   1.5%      ;
;     Processor 4            ;   1.5%      ;
;     Processor 5            ;   1.4%      ;
;     Processor 6            ;   1.4%      ;
;     Processor 7            ;   1.4%      ;
;     Processor 8            ;   1.4%      ;
;     Processors 9-12        ;   1.1%      ;
+----------------------------+-------------+


+-----------------------------------------------------------------------------------------------------------------------------------------------------------------------------------------------------------------------------------------------+
; Fitter Netlist Optimizations                                                                                                                                                                                                                  ;
+--------------------------------------+-----------------+------------------+---------------------+-----------+----------------+---------------------------------------------------------------------+------------------+-----------------------+
; Node                                 ; Action          ; Operation        ; Reason              ; Node Port ; Node Port Name ; Destination Node                                                    ; Destination Port ; Destination Port Name ;
+--------------------------------------+-----------------+------------------+---------------------+-----------+----------------+---------------------------------------------------------------------+------------------+-----------------------+
; pollard:pollard0|x[18]               ; Packed Register ; Register Packing ; Timing optimization ; Q         ;                ; pollard:pollard0|lpm_mult:Mult0|mult_uht:auto_generated|mac_mult243 ; DATAB            ;                       ;
; pollard:pollard0|x[18]               ; Duplicated      ; Register Packing ; Timing optimization ; Q         ;                ; pollard:pollard0|x[18]~_Duplicate_1                                 ; Q                ;                       ;
; pollard:pollard0|x[18]~SCLR_LUT      ; Created         ; Register Packing ; Timing optimization ;           ;                ;                                                                     ;                  ;                       ;
; pollard:pollard0|x[18]~_Duplicate_1  ; Packed Register ; Register Packing ; Timing optimization ; Q         ;                ; pollard:pollard0|lpm_mult:Mult0|mult_uht:auto_generated|mac_mult49  ; DATAA            ;                       ;
; pollard:pollard0|x[18]~_Duplicate_1  ; Duplicated      ; Register Packing ; Timing optimization ; Q         ;                ; pollard:pollard0|x[18]~_Duplicate_2                                 ; Q                ;                       ;
; pollard:pollard0|x[18]~_Duplicate_2  ; Packed Register ; Register Packing ; Timing optimization ; Q         ;                ; pollard:pollard0|lpm_mult:Mult0|mult_uht:auto_generated|mac_mult273 ; DATAB            ;                       ;
; pollard:pollard0|x[18]~_Duplicate_2  ; Duplicated      ; Register Packing ; Timing optimization ; Q         ;                ; pollard:pollard0|x[18]~_Duplicate_3                                 ; Q                ;                       ;
; pollard:pollard0|x[18]~_Duplicate_3  ; Packed Register ; Register Packing ; Timing optimization ; Q         ;                ; pollard:pollard0|lpm_mult:Mult0|mult_uht:auto_generated|mac_mult51  ; DATAA            ;                       ;
; pollard:pollard0|x[18]~_Duplicate_3  ; Duplicated      ; Register Packing ; Timing optimization ; Q         ;                ; pollard:pollard0|x[18]~_Duplicate_4                                 ; Q                ;                       ;
; pollard:pollard0|x[18]~_Duplicate_4  ; Packed Register ; Register Packing ; Timing optimization ; Q         ;                ; pollard:pollard0|lpm_mult:Mult0|mult_uht:auto_generated|mac_mult303 ; DATAB            ;                       ;
; pollard:pollard0|x[18]~_Duplicate_4  ; Duplicated      ; Register Packing ; Timing optimization ; Q         ;                ; pollard:pollard0|x[18]~_Duplicate_5                                 ; Q                ;                       ;
; pollard:pollard0|x[19]               ; Packed Register ; Register Packing ; Timing optimization ; Q         ;                ; pollard:pollard0|lpm_mult:Mult0|mult_uht:auto_generated|mac_mult243 ; DATAB            ;                       ;
; pollard:pollard0|x[19]               ; Duplicated      ; Register Packing ; Timing optimization ; Q         ;                ; pollard:pollard0|x[19]~_Duplicate_1                                 ; Q                ;                       ;
; pollard:pollard0|x[19]~SCLR_LUT      ; Created         ; Register Packing ; Timing optimization ;           ;                ;                                                                     ;                  ;                       ;
; pollard:pollard0|x[19]~_Duplicate_1  ; Packed Register ; Register Packing ; Timing optimization ; Q         ;                ; pollard:pollard0|lpm_mult:Mult0|mult_uht:auto_generated|mac_mult49  ; DATAA            ;                       ;
; pollard:pollard0|x[19]~_Duplicate_1  ; Duplicated      ; Register Packing ; Timing optimization ; Q         ;                ; pollard:pollard0|x[19]~_Duplicate_2                                 ; Q                ;                       ;
; pollard:pollard0|x[19]~_Duplicate_2  ; Packed Register ; Register Packing ; Timing optimization ; Q         ;                ; pollard:pollard0|lpm_mult:Mult0|mult_uht:auto_generated|mac_mult273 ; DATAB            ;                       ;
; pollard:pollard0|x[19]~_Duplicate_2  ; Duplicated      ; Register Packing ; Timing optimization ; Q         ;                ; pollard:pollard0|x[19]~_Duplicate_3                                 ; Q                ;                       ;
; pollard:pollard0|x[19]~_Duplicate_3  ; Packed Register ; Register Packing ; Timing optimization ; Q         ;                ; pollard:pollard0|lpm_mult:Mult0|mult_uht:auto_generated|mac_mult51  ; DATAA            ;                       ;
; pollard:pollard0|x[19]~_Duplicate_3  ; Duplicated      ; Register Packing ; Timing optimization ; Q         ;                ; pollard:pollard0|x[19]~_Duplicate_4                                 ; Q                ;                       ;
; pollard:pollard0|x[19]~_Duplicate_4  ; Packed Register ; Register Packing ; Timing optimization ; Q         ;                ; pollard:pollard0|lpm_mult:Mult0|mult_uht:auto_generated|mac_mult303 ; DATAB            ;                       ;
; pollard:pollard0|x[19]~_Duplicate_4  ; Duplicated      ; Register Packing ; Timing optimization ; Q         ;                ; pollard:pollard0|x[19]~_Duplicate_5                                 ; Q                ;                       ;
; pollard:pollard0|x[20]               ; Packed Register ; Register Packing ; Timing optimization ; Q         ;                ; pollard:pollard0|lpm_mult:Mult0|mult_uht:auto_generated|mac_mult243 ; DATAB            ;                       ;
; pollard:pollard0|x[20]               ; Duplicated      ; Register Packing ; Timing optimization ; Q         ;                ; pollard:pollard0|x[20]~_Duplicate_1                                 ; Q                ;                       ;
; pollard:pollard0|x[20]~SCLR_LUT      ; Created         ; Register Packing ; Timing optimization ;           ;                ;                                                                     ;                  ;                       ;
; pollard:pollard0|x[20]~_Duplicate_1  ; Packed Register ; Register Packing ; Timing optimization ; Q         ;                ; pollard:pollard0|lpm_mult:Mult0|mult_uht:auto_generated|mac_mult49  ; DATAA            ;                       ;
; pollard:pollard0|x[20]~_Duplicate_1  ; Duplicated      ; Register Packing ; Timing optimization ; Q         ;                ; pollard:pollard0|x[20]~_Duplicate_2                                 ; Q                ;                       ;
; pollard:pollard0|x[20]~_Duplicate_2  ; Packed Register ; Register Packing ; Timing optimization ; Q         ;                ; pollard:pollard0|lpm_mult:Mult0|mult_uht:auto_generated|mac_mult273 ; DATAB            ;                       ;
; pollard:pollard0|x[20]~_Duplicate_2  ; Duplicated      ; Register Packing ; Timing optimization ; Q         ;                ; pollard:pollard0|x[20]~_Duplicate_3                                 ; Q                ;                       ;
; pollard:pollard0|x[20]~_Duplicate_3  ; Packed Register ; Register Packing ; Timing optimization ; Q         ;                ; pollard:pollard0|lpm_mult:Mult0|mult_uht:auto_generated|mac_mult51  ; DATAA            ;                       ;
; pollard:pollard0|x[20]~_Duplicate_3  ; Duplicated      ; Register Packing ; Timing optimization ; Q         ;                ; pollard:pollard0|x[20]~_Duplicate_4                                 ; Q                ;                       ;
; pollard:pollard0|x[20]~_Duplicate_4  ; Packed Register ; Register Packing ; Timing optimization ; Q         ;                ; pollard:pollard0|lpm_mult:Mult0|mult_uht:auto_generated|mac_mult303 ; DATAB            ;                       ;
; pollard:pollard0|x[20]~_Duplicate_4  ; Duplicated      ; Register Packing ; Timing optimization ; Q         ;                ; pollard:pollard0|x[20]~_Duplicate_5                                 ; Q                ;                       ;
; pollard:pollard0|x[21]               ; Packed Register ; Register Packing ; Timing optimization ; Q         ;                ; pollard:pollard0|lpm_mult:Mult0|mult_uht:auto_generated|mac_mult243 ; DATAB            ;                       ;
; pollard:pollard0|x[21]               ; Duplicated      ; Register Packing ; Timing optimization ; Q         ;                ; pollard:pollard0|x[21]~_Duplicate_1                                 ; Q                ;                       ;
; pollard:pollard0|x[21]~SCLR_LUT      ; Created         ; Register Packing ; Timing optimization ;           ;                ;                                                                     ;                  ;                       ;
; pollard:pollard0|x[21]~_Duplicate_1  ; Packed Register ; Register Packing ; Timing optimization ; Q         ;                ; pollard:pollard0|lpm_mult:Mult0|mult_uht:auto_generated|mac_mult49  ; DATAA            ;                       ;
; pollard:pollard0|x[21]~_Duplicate_1  ; Duplicated      ; Register Packing ; Timing optimization ; Q         ;                ; pollard:pollard0|x[21]~_Duplicate_2                                 ; Q                ;                       ;
; pollard:pollard0|x[21]~_Duplicate_2  ; Packed Register ; Register Packing ; Timing optimization ; Q         ;                ; pollard:pollard0|lpm_mult:Mult0|mult_uht:auto_generated|mac_mult273 ; DATAB            ;                       ;
; pollard:pollard0|x[21]~_Duplicate_2  ; Duplicated      ; Register Packing ; Timing optimization ; Q         ;                ; pollard:pollard0|x[21]~_Duplicate_3                                 ; Q                ;                       ;
; pollard:pollard0|x[21]~_Duplicate_3  ; Packed Register ; Register Packing ; Timing optimization ; Q         ;                ; pollard:pollard0|lpm_mult:Mult0|mult_uht:auto_generated|mac_mult51  ; DATAA            ;                       ;
; pollard:pollard0|x[21]~_Duplicate_3  ; Duplicated      ; Register Packing ; Timing optimization ; Q         ;                ; pollard:pollard0|x[21]~_Duplicate_4                                 ; Q                ;                       ;
; pollard:pollard0|x[21]~_Duplicate_4  ; Packed Register ; Register Packing ; Timing optimization ; Q         ;                ; pollard:pollard0|lpm_mult:Mult0|mult_uht:auto_generated|mac_mult303 ; DATAB            ;                       ;
; pollard:pollard0|x[21]~_Duplicate_4  ; Duplicated      ; Register Packing ; Timing optimization ; Q         ;                ; pollard:pollard0|x[21]~_Duplicate_5                                 ; Q                ;                       ;
; pollard:pollard0|x[22]               ; Packed Register ; Register Packing ; Timing optimization ; Q         ;                ; pollard:pollard0|lpm_mult:Mult0|mult_uht:auto_generated|mac_mult243 ; DATAB            ;                       ;
; pollard:pollard0|x[22]               ; Duplicated      ; Register Packing ; Timing optimization ; Q         ;                ; pollard:pollard0|x[22]~_Duplicate_1                                 ; Q                ;                       ;
; pollard:pollard0|x[22]~SCLR_LUT      ; Created         ; Register Packing ; Timing optimization ;           ;                ;                                                                     ;                  ;                       ;
; pollard:pollard0|x[22]~_Duplicate_1  ; Packed Register ; Register Packing ; Timing optimization ; Q         ;                ; pollard:pollard0|lpm_mult:Mult0|mult_uht:auto_generated|mac_mult49  ; DATAA            ;                       ;
; pollard:pollard0|x[22]~_Duplicate_1  ; Duplicated      ; Register Packing ; Timing optimization ; Q         ;                ; pollard:pollard0|x[22]~_Duplicate_2                                 ; Q                ;                       ;
; pollard:pollard0|x[22]~_Duplicate_2  ; Packed Register ; Register Packing ; Timing optimization ; Q         ;                ; pollard:pollard0|lpm_mult:Mult0|mult_uht:auto_generated|mac_mult273 ; DATAB            ;                       ;
; pollard:pollard0|x[22]~_Duplicate_2  ; Duplicated      ; Register Packing ; Timing optimization ; Q         ;                ; pollard:pollard0|x[22]~_Duplicate_3                                 ; Q                ;                       ;
; pollard:pollard0|x[22]~_Duplicate_3  ; Packed Register ; Register Packing ; Timing optimization ; Q         ;                ; pollard:pollard0|lpm_mult:Mult0|mult_uht:auto_generated|mac_mult51  ; DATAA            ;                       ;
; pollard:pollard0|x[22]~_Duplicate_3  ; Duplicated      ; Register Packing ; Timing optimization ; Q         ;                ; pollard:pollard0|x[22]~_Duplicate_4                                 ; Q                ;                       ;
; pollard:pollard0|x[22]~_Duplicate_4  ; Packed Register ; Register Packing ; Timing optimization ; Q         ;                ; pollard:pollard0|lpm_mult:Mult0|mult_uht:auto_generated|mac_mult303 ; DATAB            ;                       ;
; pollard:pollard0|x[22]~_Duplicate_4  ; Duplicated      ; Register Packing ; Timing optimization ; Q         ;                ; pollard:pollard0|x[22]~_Duplicate_5                                 ; Q                ;                       ;
; pollard:pollard0|x[23]               ; Packed Register ; Register Packing ; Timing optimization ; Q         ;                ; pollard:pollard0|lpm_mult:Mult0|mult_uht:auto_generated|mac_mult243 ; DATAB            ;                       ;
; pollard:pollard0|x[23]               ; Duplicated      ; Register Packing ; Timing optimization ; Q         ;                ; pollard:pollard0|x[23]~_Duplicate_1                                 ; Q                ;                       ;
; pollard:pollard0|x[23]~SCLR_LUT      ; Created         ; Register Packing ; Timing optimization ;           ;                ;                                                                     ;                  ;                       ;
; pollard:pollard0|x[23]~_Duplicate_1  ; Packed Register ; Register Packing ; Timing optimization ; Q         ;                ; pollard:pollard0|lpm_mult:Mult0|mult_uht:auto_generated|mac_mult49  ; DATAA            ;                       ;
; pollard:pollard0|x[23]~_Duplicate_1  ; Duplicated      ; Register Packing ; Timing optimization ; Q         ;                ; pollard:pollard0|x[23]~_Duplicate_2                                 ; Q                ;                       ;
; pollard:pollard0|x[23]~_Duplicate_2  ; Packed Register ; Register Packing ; Timing optimization ; Q         ;                ; pollard:pollard0|lpm_mult:Mult0|mult_uht:auto_generated|mac_mult273 ; DATAB            ;                       ;
; pollard:pollard0|x[23]~_Duplicate_2  ; Duplicated      ; Register Packing ; Timing optimization ; Q         ;                ; pollard:pollard0|x[23]~_Duplicate_3                                 ; Q                ;                       ;
; pollard:pollard0|x[23]~_Duplicate_3  ; Packed Register ; Register Packing ; Timing optimization ; Q         ;                ; pollard:pollard0|lpm_mult:Mult0|mult_uht:auto_generated|mac_mult51  ; DATAA            ;                       ;
; pollard:pollard0|x[23]~_Duplicate_3  ; Duplicated      ; Register Packing ; Timing optimization ; Q         ;                ; pollard:pollard0|x[23]~_Duplicate_4                                 ; Q                ;                       ;
; pollard:pollard0|x[23]~_Duplicate_4  ; Packed Register ; Register Packing ; Timing optimization ; Q         ;                ; pollard:pollard0|lpm_mult:Mult0|mult_uht:auto_generated|mac_mult303 ; DATAB            ;                       ;
; pollard:pollard0|x[23]~_Duplicate_4  ; Duplicated      ; Register Packing ; Timing optimization ; Q         ;                ; pollard:pollard0|x[23]~_Duplicate_5                                 ; Q                ;                       ;
; pollard:pollard0|x[24]               ; Packed Register ; Register Packing ; Timing optimization ; Q         ;                ; pollard:pollard0|lpm_mult:Mult0|mult_uht:auto_generated|mac_mult243 ; DATAB            ;                       ;
; pollard:pollard0|x[24]               ; Duplicated      ; Register Packing ; Timing optimization ; Q         ;                ; pollard:pollard0|x[24]~_Duplicate_1                                 ; Q                ;                       ;
; pollard:pollard0|x[24]~SCLR_LUT      ; Created         ; Register Packing ; Timing optimization ;           ;                ;                                                                     ;                  ;                       ;
; pollard:pollard0|x[24]~_Duplicate_1  ; Packed Register ; Register Packing ; Timing optimization ; Q         ;                ; pollard:pollard0|lpm_mult:Mult0|mult_uht:auto_generated|mac_mult49  ; DATAA            ;                       ;
; pollard:pollard0|x[24]~_Duplicate_1  ; Duplicated      ; Register Packing ; Timing optimization ; Q         ;                ; pollard:pollard0|x[24]~_Duplicate_2                                 ; Q                ;                       ;
; pollard:pollard0|x[24]~_Duplicate_2  ; Packed Register ; Register Packing ; Timing optimization ; Q         ;                ; pollard:pollard0|lpm_mult:Mult0|mult_uht:auto_generated|mac_mult273 ; DATAB            ;                       ;
; pollard:pollard0|x[24]~_Duplicate_2  ; Duplicated      ; Register Packing ; Timing optimization ; Q         ;                ; pollard:pollard0|x[24]~_Duplicate_3                                 ; Q                ;                       ;
; pollard:pollard0|x[24]~_Duplicate_3  ; Packed Register ; Register Packing ; Timing optimization ; Q         ;                ; pollard:pollard0|lpm_mult:Mult0|mult_uht:auto_generated|mac_mult51  ; DATAA            ;                       ;
; pollard:pollard0|x[24]~_Duplicate_3  ; Duplicated      ; Register Packing ; Timing optimization ; Q         ;                ; pollard:pollard0|x[24]~_Duplicate_4                                 ; Q                ;                       ;
; pollard:pollard0|x[24]~_Duplicate_4  ; Packed Register ; Register Packing ; Timing optimization ; Q         ;                ; pollard:pollard0|lpm_mult:Mult0|mult_uht:auto_generated|mac_mult303 ; DATAB            ;                       ;
; pollard:pollard0|x[24]~_Duplicate_4  ; Duplicated      ; Register Packing ; Timing optimization ; Q         ;                ; pollard:pollard0|x[24]~_Duplicate_5                                 ; Q                ;                       ;
; pollard:pollard0|x[25]               ; Packed Register ; Register Packing ; Timing optimization ; Q         ;                ; pollard:pollard0|lpm_mult:Mult0|mult_uht:auto_generated|mac_mult243 ; DATAB            ;                       ;
; pollard:pollard0|x[25]               ; Duplicated      ; Register Packing ; Timing optimization ; Q         ;                ; pollard:pollard0|x[25]~_Duplicate_1                                 ; Q                ;                       ;
; pollard:pollard0|x[25]~SCLR_LUT      ; Created         ; Register Packing ; Timing optimization ;           ;                ;                                                                     ;                  ;                       ;
; pollard:pollard0|x[25]~_Duplicate_1  ; Packed Register ; Register Packing ; Timing optimization ; Q         ;                ; pollard:pollard0|lpm_mult:Mult0|mult_uht:auto_generated|mac_mult49  ; DATAA            ;                       ;
; pollard:pollard0|x[25]~_Duplicate_1  ; Duplicated      ; Register Packing ; Timing optimization ; Q         ;                ; pollard:pollard0|x[25]~_Duplicate_2                                 ; Q                ;                       ;
; pollard:pollard0|x[25]~_Duplicate_2  ; Packed Register ; Register Packing ; Timing optimization ; Q         ;                ; pollard:pollard0|lpm_mult:Mult0|mult_uht:auto_generated|mac_mult273 ; DATAB            ;                       ;
; pollard:pollard0|x[25]~_Duplicate_2  ; Duplicated      ; Register Packing ; Timing optimization ; Q         ;                ; pollard:pollard0|x[25]~_Duplicate_3                                 ; Q                ;                       ;
; pollard:pollard0|x[25]~_Duplicate_3  ; Packed Register ; Register Packing ; Timing optimization ; Q         ;                ; pollard:pollard0|lpm_mult:Mult0|mult_uht:auto_generated|mac_mult51  ; DATAA            ;                       ;
; pollard:pollard0|x[25]~_Duplicate_3  ; Duplicated      ; Register Packing ; Timing optimization ; Q         ;                ; pollard:pollard0|x[25]~_Duplicate_4                                 ; Q                ;                       ;
; pollard:pollard0|x[25]~_Duplicate_4  ; Packed Register ; Register Packing ; Timing optimization ; Q         ;                ; pollard:pollard0|lpm_mult:Mult0|mult_uht:auto_generated|mac_mult303 ; DATAB            ;                       ;
; pollard:pollard0|x[25]~_Duplicate_4  ; Duplicated      ; Register Packing ; Timing optimization ; Q         ;                ; pollard:pollard0|x[25]~_Duplicate_5                                 ; Q                ;                       ;
; pollard:pollard0|x[26]               ; Packed Register ; Register Packing ; Timing optimization ; Q         ;                ; pollard:pollard0|lpm_mult:Mult0|mult_uht:auto_generated|mac_mult243 ; DATAB            ;                       ;
; pollard:pollard0|x[26]               ; Duplicated      ; Register Packing ; Timing optimization ; Q         ;                ; pollard:pollard0|x[26]~_Duplicate_1                                 ; Q                ;                       ;
; pollard:pollard0|x[26]~SCLR_LUT      ; Created         ; Register Packing ; Timing optimization ;           ;                ;                                                                     ;                  ;                       ;
; pollard:pollard0|x[26]~_Duplicate_1  ; Packed Register ; Register Packing ; Timing optimization ; Q         ;                ; pollard:pollard0|lpm_mult:Mult0|mult_uht:auto_generated|mac_mult49  ; DATAA            ;                       ;
; pollard:pollard0|x[26]~_Duplicate_1  ; Duplicated      ; Register Packing ; Timing optimization ; Q         ;                ; pollard:pollard0|x[26]~_Duplicate_2                                 ; Q                ;                       ;
; pollard:pollard0|x[26]~_Duplicate_2  ; Packed Register ; Register Packing ; Timing optimization ; Q         ;                ; pollard:pollard0|lpm_mult:Mult0|mult_uht:auto_generated|mac_mult273 ; DATAB            ;                       ;
; pollard:pollard0|x[26]~_Duplicate_2  ; Duplicated      ; Register Packing ; Timing optimization ; Q         ;                ; pollard:pollard0|x[26]~_Duplicate_3                                 ; Q                ;                       ;
; pollard:pollard0|x[26]~_Duplicate_3  ; Packed Register ; Register Packing ; Timing optimization ; Q         ;                ; pollard:pollard0|lpm_mult:Mult0|mult_uht:auto_generated|mac_mult51  ; DATAA            ;                       ;
; pollard:pollard0|x[26]~_Duplicate_3  ; Duplicated      ; Register Packing ; Timing optimization ; Q         ;                ; pollard:pollard0|x[26]~_Duplicate_4                                 ; Q                ;                       ;
; pollard:pollard0|x[26]~_Duplicate_4  ; Packed Register ; Register Packing ; Timing optimization ; Q         ;                ; pollard:pollard0|lpm_mult:Mult0|mult_uht:auto_generated|mac_mult303 ; DATAB            ;                       ;
; pollard:pollard0|x[26]~_Duplicate_4  ; Duplicated      ; Register Packing ; Timing optimization ; Q         ;                ; pollard:pollard0|x[26]~_Duplicate_5                                 ; Q                ;                       ;
; pollard:pollard0|x[27]               ; Packed Register ; Register Packing ; Timing optimization ; Q         ;                ; pollard:pollard0|lpm_mult:Mult0|mult_uht:auto_generated|mac_mult243 ; DATAB            ;                       ;
; pollard:pollard0|x[27]               ; Duplicated      ; Register Packing ; Timing optimization ; Q         ;                ; pollard:pollard0|x[27]~_Duplicate_1                                 ; Q                ;                       ;
; pollard:pollard0|x[27]~SCLR_LUT      ; Created         ; Register Packing ; Timing optimization ;           ;                ;                                                                     ;                  ;                       ;
; pollard:pollard0|x[27]~_Duplicate_1  ; Packed Register ; Register Packing ; Timing optimization ; Q         ;                ; pollard:pollard0|lpm_mult:Mult0|mult_uht:auto_generated|mac_mult49  ; DATAA            ;                       ;
; pollard:pollard0|x[27]~_Duplicate_1  ; Duplicated      ; Register Packing ; Timing optimization ; Q         ;                ; pollard:pollard0|x[27]~_Duplicate_2                                 ; Q                ;                       ;
; pollard:pollard0|x[27]~_Duplicate_2  ; Packed Register ; Register Packing ; Timing optimization ; Q         ;                ; pollard:pollard0|lpm_mult:Mult0|mult_uht:auto_generated|mac_mult273 ; DATAB            ;                       ;
; pollard:pollard0|x[27]~_Duplicate_2  ; Duplicated      ; Register Packing ; Timing optimization ; Q         ;                ; pollard:pollard0|x[27]~_Duplicate_3                                 ; Q                ;                       ;
; pollard:pollard0|x[27]~_Duplicate_3  ; Packed Register ; Register Packing ; Timing optimization ; Q         ;                ; pollard:pollard0|lpm_mult:Mult0|mult_uht:auto_generated|mac_mult51  ; DATAA            ;                       ;
; pollard:pollard0|x[27]~_Duplicate_3  ; Duplicated      ; Register Packing ; Timing optimization ; Q         ;                ; pollard:pollard0|x[27]~_Duplicate_4                                 ; Q                ;                       ;
; pollard:pollard0|x[27]~_Duplicate_4  ; Packed Register ; Register Packing ; Timing optimization ; Q         ;                ; pollard:pollard0|lpm_mult:Mult0|mult_uht:auto_generated|mac_mult303 ; DATAB            ;                       ;
; pollard:pollard0|x[27]~_Duplicate_4  ; Duplicated      ; Register Packing ; Timing optimization ; Q         ;                ; pollard:pollard0|x[27]~_Duplicate_5                                 ; Q                ;                       ;
; pollard:pollard0|x[28]               ; Packed Register ; Register Packing ; Timing optimization ; Q         ;                ; pollard:pollard0|lpm_mult:Mult0|mult_uht:auto_generated|mac_mult243 ; DATAB            ;                       ;
; pollard:pollard0|x[28]               ; Duplicated      ; Register Packing ; Timing optimization ; Q         ;                ; pollard:pollard0|x[28]~_Duplicate_1                                 ; Q                ;                       ;
; pollard:pollard0|x[28]~SCLR_LUT      ; Created         ; Register Packing ; Timing optimization ;           ;                ;                                                                     ;                  ;                       ;
; pollard:pollard0|x[28]~_Duplicate_1  ; Packed Register ; Register Packing ; Timing optimization ; Q         ;                ; pollard:pollard0|lpm_mult:Mult0|mult_uht:auto_generated|mac_mult49  ; DATAA            ;                       ;
; pollard:pollard0|x[28]~_Duplicate_1  ; Duplicated      ; Register Packing ; Timing optimization ; Q         ;                ; pollard:pollard0|x[28]~_Duplicate_2                                 ; Q                ;                       ;
; pollard:pollard0|x[28]~_Duplicate_2  ; Packed Register ; Register Packing ; Timing optimization ; Q         ;                ; pollard:pollard0|lpm_mult:Mult0|mult_uht:auto_generated|mac_mult273 ; DATAB            ;                       ;
; pollard:pollard0|x[28]~_Duplicate_2  ; Duplicated      ; Register Packing ; Timing optimization ; Q         ;                ; pollard:pollard0|x[28]~_Duplicate_3                                 ; Q                ;                       ;
; pollard:pollard0|x[28]~_Duplicate_3  ; Packed Register ; Register Packing ; Timing optimization ; Q         ;                ; pollard:pollard0|lpm_mult:Mult0|mult_uht:auto_generated|mac_mult51  ; DATAA            ;                       ;
; pollard:pollard0|x[28]~_Duplicate_3  ; Duplicated      ; Register Packing ; Timing optimization ; Q         ;                ; pollard:pollard0|x[28]~_Duplicate_4                                 ; Q                ;                       ;
; pollard:pollard0|x[28]~_Duplicate_4  ; Packed Register ; Register Packing ; Timing optimization ; Q         ;                ; pollard:pollard0|lpm_mult:Mult0|mult_uht:auto_generated|mac_mult303 ; DATAB            ;                       ;
; pollard:pollard0|x[28]~_Duplicate_4  ; Duplicated      ; Register Packing ; Timing optimization ; Q         ;                ; pollard:pollard0|x[28]~_Duplicate_5                                 ; Q                ;                       ;
; pollard:pollard0|x[29]               ; Packed Register ; Register Packing ; Timing optimization ; Q         ;                ; pollard:pollard0|lpm_mult:Mult0|mult_uht:auto_generated|mac_mult243 ; DATAB            ;                       ;
; pollard:pollard0|x[29]               ; Duplicated      ; Register Packing ; Timing optimization ; Q         ;                ; pollard:pollard0|x[29]~_Duplicate_1                                 ; Q                ;                       ;
; pollard:pollard0|x[29]~SCLR_LUT      ; Created         ; Register Packing ; Timing optimization ;           ;                ;                                                                     ;                  ;                       ;
; pollard:pollard0|x[29]~_Duplicate_1  ; Packed Register ; Register Packing ; Timing optimization ; Q         ;                ; pollard:pollard0|lpm_mult:Mult0|mult_uht:auto_generated|mac_mult49  ; DATAA            ;                       ;
; pollard:pollard0|x[29]~_Duplicate_1  ; Duplicated      ; Register Packing ; Timing optimization ; Q         ;                ; pollard:pollard0|x[29]~_Duplicate_2                                 ; Q                ;                       ;
; pollard:pollard0|x[29]~_Duplicate_2  ; Packed Register ; Register Packing ; Timing optimization ; Q         ;                ; pollard:pollard0|lpm_mult:Mult0|mult_uht:auto_generated|mac_mult273 ; DATAB            ;                       ;
; pollard:pollard0|x[29]~_Duplicate_2  ; Duplicated      ; Register Packing ; Timing optimization ; Q         ;                ; pollard:pollard0|x[29]~_Duplicate_3                                 ; Q                ;                       ;
; pollard:pollard0|x[29]~_Duplicate_3  ; Packed Register ; Register Packing ; Timing optimization ; Q         ;                ; pollard:pollard0|lpm_mult:Mult0|mult_uht:auto_generated|mac_mult51  ; DATAA            ;                       ;
; pollard:pollard0|x[29]~_Duplicate_3  ; Duplicated      ; Register Packing ; Timing optimization ; Q         ;                ; pollard:pollard0|x[29]~_Duplicate_4                                 ; Q                ;                       ;
; pollard:pollard0|x[29]~_Duplicate_4  ; Packed Register ; Register Packing ; Timing optimization ; Q         ;                ; pollard:pollard0|lpm_mult:Mult0|mult_uht:auto_generated|mac_mult303 ; DATAB            ;                       ;
; pollard:pollard0|x[29]~_Duplicate_4  ; Duplicated      ; Register Packing ; Timing optimization ; Q         ;                ; pollard:pollard0|x[29]~_Duplicate_5                                 ; Q                ;                       ;
; pollard:pollard0|x[30]               ; Packed Register ; Register Packing ; Timing optimization ; Q         ;                ; pollard:pollard0|lpm_mult:Mult0|mult_uht:auto_generated|mac_mult243 ; DATAB            ;                       ;
; pollard:pollard0|x[30]               ; Duplicated      ; Register Packing ; Timing optimization ; Q         ;                ; pollard:pollard0|x[30]~_Duplicate_1                                 ; Q                ;                       ;
; pollard:pollard0|x[30]~SCLR_LUT      ; Created         ; Register Packing ; Timing optimization ;           ;                ;                                                                     ;                  ;                       ;
; pollard:pollard0|x[30]~_Duplicate_1  ; Packed Register ; Register Packing ; Timing optimization ; Q         ;                ; pollard:pollard0|lpm_mult:Mult0|mult_uht:auto_generated|mac_mult49  ; DATAA            ;                       ;
; pollard:pollard0|x[30]~_Duplicate_1  ; Duplicated      ; Register Packing ; Timing optimization ; Q         ;                ; pollard:pollard0|x[30]~_Duplicate_2                                 ; Q                ;                       ;
; pollard:pollard0|x[30]~_Duplicate_2  ; Packed Register ; Register Packing ; Timing optimization ; Q         ;                ; pollard:pollard0|lpm_mult:Mult0|mult_uht:auto_generated|mac_mult273 ; DATAB            ;                       ;
; pollard:pollard0|x[30]~_Duplicate_2  ; Duplicated      ; Register Packing ; Timing optimization ; Q         ;                ; pollard:pollard0|x[30]~_Duplicate_3                                 ; Q                ;                       ;
; pollard:pollard0|x[30]~_Duplicate_3  ; Packed Register ; Register Packing ; Timing optimization ; Q         ;                ; pollard:pollard0|lpm_mult:Mult0|mult_uht:auto_generated|mac_mult51  ; DATAA            ;                       ;
; pollard:pollard0|x[30]~_Duplicate_3  ; Duplicated      ; Register Packing ; Timing optimization ; Q         ;                ; pollard:pollard0|x[30]~_Duplicate_4                                 ; Q                ;                       ;
; pollard:pollard0|x[30]~_Duplicate_4  ; Packed Register ; Register Packing ; Timing optimization ; Q         ;                ; pollard:pollard0|lpm_mult:Mult0|mult_uht:auto_generated|mac_mult303 ; DATAB            ;                       ;
; pollard:pollard0|x[30]~_Duplicate_4  ; Duplicated      ; Register Packing ; Timing optimization ; Q         ;                ; pollard:pollard0|x[30]~_Duplicate_5                                 ; Q                ;                       ;
; pollard:pollard0|x[31]               ; Packed Register ; Register Packing ; Timing optimization ; Q         ;                ; pollard:pollard0|lpm_mult:Mult0|mult_uht:auto_generated|mac_mult243 ; DATAB            ;                       ;
; pollard:pollard0|x[31]               ; Duplicated      ; Register Packing ; Timing optimization ; Q         ;                ; pollard:pollard0|x[31]~_Duplicate_1                                 ; Q                ;                       ;
; pollard:pollard0|x[31]~SCLR_LUT      ; Created         ; Register Packing ; Timing optimization ;           ;                ;                                                                     ;                  ;                       ;
; pollard:pollard0|x[31]~_Duplicate_1  ; Packed Register ; Register Packing ; Timing optimization ; Q         ;                ; pollard:pollard0|lpm_mult:Mult0|mult_uht:auto_generated|mac_mult49  ; DATAA            ;                       ;
; pollard:pollard0|x[31]~_Duplicate_1  ; Duplicated      ; Register Packing ; Timing optimization ; Q         ;                ; pollard:pollard0|x[31]~_Duplicate_2                                 ; Q                ;                       ;
; pollard:pollard0|x[31]~_Duplicate_2  ; Packed Register ; Register Packing ; Timing optimization ; Q         ;                ; pollard:pollard0|lpm_mult:Mult0|mult_uht:auto_generated|mac_mult273 ; DATAB            ;                       ;
; pollard:pollard0|x[31]~_Duplicate_2  ; Duplicated      ; Register Packing ; Timing optimization ; Q         ;                ; pollard:pollard0|x[31]~_Duplicate_3                                 ; Q                ;                       ;
; pollard:pollard0|x[31]~_Duplicate_3  ; Packed Register ; Register Packing ; Timing optimization ; Q         ;                ; pollard:pollard0|lpm_mult:Mult0|mult_uht:auto_generated|mac_mult51  ; DATAA            ;                       ;
; pollard:pollard0|x[31]~_Duplicate_3  ; Duplicated      ; Register Packing ; Timing optimization ; Q         ;                ; pollard:pollard0|x[31]~_Duplicate_4                                 ; Q                ;                       ;
; pollard:pollard0|x[31]~_Duplicate_4  ; Packed Register ; Register Packing ; Timing optimization ; Q         ;                ; pollard:pollard0|lpm_mult:Mult0|mult_uht:auto_generated|mac_mult303 ; DATAB            ;                       ;
; pollard:pollard0|x[31]~_Duplicate_4  ; Duplicated      ; Register Packing ; Timing optimization ; Q         ;                ; pollard:pollard0|x[31]~_Duplicate_5                                 ; Q                ;                       ;
; pollard:pollard0|x[32]               ; Packed Register ; Register Packing ; Timing optimization ; Q         ;                ; pollard:pollard0|lpm_mult:Mult0|mult_uht:auto_generated|mac_mult243 ; DATAB            ;                       ;
; pollard:pollard0|x[32]               ; Duplicated      ; Register Packing ; Timing optimization ; Q         ;                ; pollard:pollard0|x[32]~_Duplicate_1                                 ; Q                ;                       ;
; pollard:pollard0|x[32]~SCLR_LUT      ; Created         ; Register Packing ; Timing optimization ;           ;                ;                                                                     ;                  ;                       ;
; pollard:pollard0|x[32]~_Duplicate_1  ; Packed Register ; Register Packing ; Timing optimization ; Q         ;                ; pollard:pollard0|lpm_mult:Mult0|mult_uht:auto_generated|mac_mult49  ; DATAA            ;                       ;
; pollard:pollard0|x[32]~_Duplicate_1  ; Duplicated      ; Register Packing ; Timing optimization ; Q         ;                ; pollard:pollard0|x[32]~_Duplicate_2                                 ; Q                ;                       ;
; pollard:pollard0|x[32]~_Duplicate_2  ; Packed Register ; Register Packing ; Timing optimization ; Q         ;                ; pollard:pollard0|lpm_mult:Mult0|mult_uht:auto_generated|mac_mult273 ; DATAB            ;                       ;
; pollard:pollard0|x[32]~_Duplicate_2  ; Duplicated      ; Register Packing ; Timing optimization ; Q         ;                ; pollard:pollard0|x[32]~_Duplicate_3                                 ; Q                ;                       ;
; pollard:pollard0|x[32]~_Duplicate_3  ; Packed Register ; Register Packing ; Timing optimization ; Q         ;                ; pollard:pollard0|lpm_mult:Mult0|mult_uht:auto_generated|mac_mult51  ; DATAA            ;                       ;
; pollard:pollard0|x[32]~_Duplicate_3  ; Duplicated      ; Register Packing ; Timing optimization ; Q         ;                ; pollard:pollard0|x[32]~_Duplicate_4                                 ; Q                ;                       ;
; pollard:pollard0|x[32]~_Duplicate_4  ; Packed Register ; Register Packing ; Timing optimization ; Q         ;                ; pollard:pollard0|lpm_mult:Mult0|mult_uht:auto_generated|mac_mult303 ; DATAB            ;                       ;
; pollard:pollard0|x[32]~_Duplicate_4  ; Duplicated      ; Register Packing ; Timing optimization ; Q         ;                ; pollard:pollard0|x[32]~_Duplicate_5                                 ; Q                ;                       ;
; pollard:pollard0|x[33]               ; Packed Register ; Register Packing ; Timing optimization ; Q         ;                ; pollard:pollard0|lpm_mult:Mult0|mult_uht:auto_generated|mac_mult243 ; DATAB            ;                       ;
; pollard:pollard0|x[33]               ; Duplicated      ; Register Packing ; Timing optimization ; Q         ;                ; pollard:pollard0|x[33]~_Duplicate_1                                 ; Q                ;                       ;
; pollard:pollard0|x[33]~SCLR_LUT      ; Created         ; Register Packing ; Timing optimization ;           ;                ;                                                                     ;                  ;                       ;
; pollard:pollard0|x[33]~_Duplicate_1  ; Packed Register ; Register Packing ; Timing optimization ; Q         ;                ; pollard:pollard0|lpm_mult:Mult0|mult_uht:auto_generated|mac_mult49  ; DATAA            ;                       ;
; pollard:pollard0|x[33]~_Duplicate_1  ; Duplicated      ; Register Packing ; Timing optimization ; Q         ;                ; pollard:pollard0|x[33]~_Duplicate_2                                 ; Q                ;                       ;
; pollard:pollard0|x[33]~_Duplicate_2  ; Packed Register ; Register Packing ; Timing optimization ; Q         ;                ; pollard:pollard0|lpm_mult:Mult0|mult_uht:auto_generated|mac_mult273 ; DATAB            ;                       ;
; pollard:pollard0|x[33]~_Duplicate_2  ; Duplicated      ; Register Packing ; Timing optimization ; Q         ;                ; pollard:pollard0|x[33]~_Duplicate_3                                 ; Q                ;                       ;
; pollard:pollard0|x[33]~_Duplicate_3  ; Packed Register ; Register Packing ; Timing optimization ; Q         ;                ; pollard:pollard0|lpm_mult:Mult0|mult_uht:auto_generated|mac_mult51  ; DATAA            ;                       ;
; pollard:pollard0|x[33]~_Duplicate_3  ; Duplicated      ; Register Packing ; Timing optimization ; Q         ;                ; pollard:pollard0|x[33]~_Duplicate_4                                 ; Q                ;                       ;
; pollard:pollard0|x[33]~_Duplicate_4  ; Packed Register ; Register Packing ; Timing optimization ; Q         ;                ; pollard:pollard0|lpm_mult:Mult0|mult_uht:auto_generated|mac_mult303 ; DATAB            ;                       ;
; pollard:pollard0|x[33]~_Duplicate_4  ; Duplicated      ; Register Packing ; Timing optimization ; Q         ;                ; pollard:pollard0|x[33]~_Duplicate_5                                 ; Q                ;                       ;
; pollard:pollard0|x[34]               ; Packed Register ; Register Packing ; Timing optimization ; Q         ;                ; pollard:pollard0|lpm_mult:Mult0|mult_uht:auto_generated|mac_mult243 ; DATAB            ;                       ;
; pollard:pollard0|x[34]               ; Duplicated      ; Register Packing ; Timing optimization ; Q         ;                ; pollard:pollard0|x[34]~_Duplicate_1                                 ; Q                ;                       ;
; pollard:pollard0|x[34]~SCLR_LUT      ; Created         ; Register Packing ; Timing optimization ;           ;                ;                                                                     ;                  ;                       ;
; pollard:pollard0|x[34]~_Duplicate_1  ; Packed Register ; Register Packing ; Timing optimization ; Q         ;                ; pollard:pollard0|lpm_mult:Mult0|mult_uht:auto_generated|mac_mult49  ; DATAA            ;                       ;
; pollard:pollard0|x[34]~_Duplicate_1  ; Duplicated      ; Register Packing ; Timing optimization ; Q         ;                ; pollard:pollard0|x[34]~_Duplicate_2                                 ; Q                ;                       ;
; pollard:pollard0|x[34]~_Duplicate_2  ; Packed Register ; Register Packing ; Timing optimization ; Q         ;                ; pollard:pollard0|lpm_mult:Mult0|mult_uht:auto_generated|mac_mult273 ; DATAB            ;                       ;
; pollard:pollard0|x[34]~_Duplicate_2  ; Duplicated      ; Register Packing ; Timing optimization ; Q         ;                ; pollard:pollard0|x[34]~_Duplicate_3                                 ; Q                ;                       ;
; pollard:pollard0|x[34]~_Duplicate_3  ; Packed Register ; Register Packing ; Timing optimization ; Q         ;                ; pollard:pollard0|lpm_mult:Mult0|mult_uht:auto_generated|mac_mult51  ; DATAA            ;                       ;
; pollard:pollard0|x[34]~_Duplicate_3  ; Duplicated      ; Register Packing ; Timing optimization ; Q         ;                ; pollard:pollard0|x[34]~_Duplicate_4                                 ; Q                ;                       ;
; pollard:pollard0|x[34]~_Duplicate_4  ; Packed Register ; Register Packing ; Timing optimization ; Q         ;                ; pollard:pollard0|lpm_mult:Mult0|mult_uht:auto_generated|mac_mult303 ; DATAB            ;                       ;
; pollard:pollard0|x[34]~_Duplicate_4  ; Duplicated      ; Register Packing ; Timing optimization ; Q         ;                ; pollard:pollard0|x[34]~_Duplicate_5                                 ; Q                ;                       ;
; pollard:pollard0|x[35]               ; Packed Register ; Register Packing ; Timing optimization ; Q         ;                ; pollard:pollard0|lpm_mult:Mult0|mult_uht:auto_generated|mac_mult243 ; DATAB            ;                       ;
; pollard:pollard0|x[35]               ; Duplicated      ; Register Packing ; Timing optimization ; Q         ;                ; pollard:pollard0|x[35]~_Duplicate_1                                 ; Q                ;                       ;
; pollard:pollard0|x[35]~SCLR_LUT      ; Created         ; Register Packing ; Timing optimization ;           ;                ;                                                                     ;                  ;                       ;
; pollard:pollard0|x[35]~_Duplicate_1  ; Packed Register ; Register Packing ; Timing optimization ; Q         ;                ; pollard:pollard0|lpm_mult:Mult0|mult_uht:auto_generated|mac_mult49  ; DATAA            ;                       ;
; pollard:pollard0|x[35]~_Duplicate_1  ; Duplicated      ; Register Packing ; Timing optimization ; Q         ;                ; pollard:pollard0|x[35]~_Duplicate_2                                 ; Q                ;                       ;
; pollard:pollard0|x[35]~_Duplicate_2  ; Packed Register ; Register Packing ; Timing optimization ; Q         ;                ; pollard:pollard0|lpm_mult:Mult0|mult_uht:auto_generated|mac_mult273 ; DATAB            ;                       ;
; pollard:pollard0|x[35]~_Duplicate_2  ; Duplicated      ; Register Packing ; Timing optimization ; Q         ;                ; pollard:pollard0|x[35]~_Duplicate_3                                 ; Q                ;                       ;
; pollard:pollard0|x[35]~_Duplicate_3  ; Packed Register ; Register Packing ; Timing optimization ; Q         ;                ; pollard:pollard0|lpm_mult:Mult0|mult_uht:auto_generated|mac_mult51  ; DATAA            ;                       ;
; pollard:pollard0|x[35]~_Duplicate_3  ; Duplicated      ; Register Packing ; Timing optimization ; Q         ;                ; pollard:pollard0|x[35]~_Duplicate_4                                 ; Q                ;                       ;
; pollard:pollard0|x[35]~_Duplicate_4  ; Packed Register ; Register Packing ; Timing optimization ; Q         ;                ; pollard:pollard0|lpm_mult:Mult0|mult_uht:auto_generated|mac_mult303 ; DATAB            ;                       ;
; pollard:pollard0|x[35]~_Duplicate_4  ; Duplicated      ; Register Packing ; Timing optimization ; Q         ;                ; pollard:pollard0|x[35]~_Duplicate_5                                 ; Q                ;                       ;
; pollard:pollard0|x[36]               ; Packed Register ; Register Packing ; Timing optimization ; Q         ;                ; pollard:pollard0|lpm_mult:Mult0|mult_uht:auto_generated|mac_mult245 ; DATAB            ;                       ;
; pollard:pollard0|x[36]               ; Duplicated      ; Register Packing ; Timing optimization ; Q         ;                ; pollard:pollard0|x[36]~_Duplicate_1                                 ; Q                ;                       ;
; pollard:pollard0|x[36]~SCLR_LUT      ; Created         ; Register Packing ; Timing optimization ;           ;                ;                                                                     ;                  ;                       ;
; pollard:pollard0|x[36]~_Duplicate_1  ; Packed Register ; Register Packing ; Timing optimization ; Q         ;                ; pollard:pollard0|lpm_mult:Mult0|mult_uht:auto_generated|mac_mult79  ; DATAA            ;                       ;
; pollard:pollard0|x[36]~_Duplicate_1  ; Duplicated      ; Register Packing ; Timing optimization ; Q         ;                ; pollard:pollard0|x[36]~_Duplicate_2                                 ; Q                ;                       ;
; pollard:pollard0|x[36]~_Duplicate_2  ; Packed Register ; Register Packing ; Timing optimization ; Q         ;                ; pollard:pollard0|lpm_mult:Mult0|mult_uht:auto_generated|mac_mult275 ; DATAB            ;                       ;
; pollard:pollard0|x[36]~_Duplicate_2  ; Duplicated      ; Register Packing ; Timing optimization ; Q         ;                ; pollard:pollard0|x[36]~_Duplicate_3                                 ; Q                ;                       ;
; pollard:pollard0|x[37]               ; Packed Register ; Register Packing ; Timing optimization ; Q         ;                ; pollard:pollard0|lpm_mult:Mult0|mult_uht:auto_generated|mac_mult245 ; DATAB            ;                       ;
; pollard:pollard0|x[37]               ; Duplicated      ; Register Packing ; Timing optimization ; Q         ;                ; pollard:pollard0|x[37]~_Duplicate_1                                 ; Q                ;                       ;
; pollard:pollard0|x[37]~SCLR_LUT      ; Created         ; Register Packing ; Timing optimization ;           ;                ;                                                                     ;                  ;                       ;
; pollard:pollard0|x[37]~_Duplicate_1  ; Packed Register ; Register Packing ; Timing optimization ; Q         ;                ; pollard:pollard0|lpm_mult:Mult0|mult_uht:auto_generated|mac_mult79  ; DATAA            ;                       ;
; pollard:pollard0|x[37]~_Duplicate_1  ; Duplicated      ; Register Packing ; Timing optimization ; Q         ;                ; pollard:pollard0|x[37]~_Duplicate_2                                 ; Q                ;                       ;
; pollard:pollard0|x[37]~_Duplicate_2  ; Packed Register ; Register Packing ; Timing optimization ; Q         ;                ; pollard:pollard0|lpm_mult:Mult0|mult_uht:auto_generated|mac_mult275 ; DATAB            ;                       ;
; pollard:pollard0|x[37]~_Duplicate_2  ; Duplicated      ; Register Packing ; Timing optimization ; Q         ;                ; pollard:pollard0|x[37]~_Duplicate_3                                 ; Q                ;                       ;
; pollard:pollard0|x[38]               ; Packed Register ; Register Packing ; Timing optimization ; Q         ;                ; pollard:pollard0|lpm_mult:Mult0|mult_uht:auto_generated|mac_mult245 ; DATAB            ;                       ;
; pollard:pollard0|x[38]               ; Duplicated      ; Register Packing ; Timing optimization ; Q         ;                ; pollard:pollard0|x[38]~_Duplicate_1                                 ; Q                ;                       ;
; pollard:pollard0|x[38]~SCLR_LUT      ; Created         ; Register Packing ; Timing optimization ;           ;                ;                                                                     ;                  ;                       ;
; pollard:pollard0|x[38]~_Duplicate_1  ; Packed Register ; Register Packing ; Timing optimization ; Q         ;                ; pollard:pollard0|lpm_mult:Mult0|mult_uht:auto_generated|mac_mult79  ; DATAA            ;                       ;
; pollard:pollard0|x[38]~_Duplicate_1  ; Duplicated      ; Register Packing ; Timing optimization ; Q         ;                ; pollard:pollard0|x[38]~_Duplicate_2                                 ; Q                ;                       ;
; pollard:pollard0|x[38]~_Duplicate_2  ; Packed Register ; Register Packing ; Timing optimization ; Q         ;                ; pollard:pollard0|lpm_mult:Mult0|mult_uht:auto_generated|mac_mult275 ; DATAB            ;                       ;
; pollard:pollard0|x[38]~_Duplicate_2  ; Duplicated      ; Register Packing ; Timing optimization ; Q         ;                ; pollard:pollard0|x[38]~_Duplicate_3                                 ; Q                ;                       ;
; pollard:pollard0|x[39]               ; Packed Register ; Register Packing ; Timing optimization ; Q         ;                ; pollard:pollard0|lpm_mult:Mult0|mult_uht:auto_generated|mac_mult245 ; DATAB            ;                       ;
; pollard:pollard0|x[39]               ; Duplicated      ; Register Packing ; Timing optimization ; Q         ;                ; pollard:pollard0|x[39]~_Duplicate_1                                 ; Q                ;                       ;
; pollard:pollard0|x[39]~SCLR_LUT      ; Created         ; Register Packing ; Timing optimization ;           ;                ;                                                                     ;                  ;                       ;
; pollard:pollard0|x[39]~_Duplicate_1  ; Packed Register ; Register Packing ; Timing optimization ; Q         ;                ; pollard:pollard0|lpm_mult:Mult0|mult_uht:auto_generated|mac_mult79  ; DATAA            ;                       ;
; pollard:pollard0|x[39]~_Duplicate_1  ; Duplicated      ; Register Packing ; Timing optimization ; Q         ;                ; pollard:pollard0|x[39]~_Duplicate_2                                 ; Q                ;                       ;
; pollard:pollard0|x[39]~_Duplicate_2  ; Packed Register ; Register Packing ; Timing optimization ; Q         ;                ; pollard:pollard0|lpm_mult:Mult0|mult_uht:auto_generated|mac_mult275 ; DATAB            ;                       ;
; pollard:pollard0|x[39]~_Duplicate_2  ; Duplicated      ; Register Packing ; Timing optimization ; Q         ;                ; pollard:pollard0|x[39]~_Duplicate_3                                 ; Q                ;                       ;
; pollard:pollard0|x[40]               ; Packed Register ; Register Packing ; Timing optimization ; Q         ;                ; pollard:pollard0|lpm_mult:Mult0|mult_uht:auto_generated|mac_mult245 ; DATAB            ;                       ;
; pollard:pollard0|x[40]               ; Duplicated      ; Register Packing ; Timing optimization ; Q         ;                ; pollard:pollard0|x[40]~_Duplicate_1                                 ; Q                ;                       ;
; pollard:pollard0|x[40]~SCLR_LUT      ; Created         ; Register Packing ; Timing optimization ;           ;                ;                                                                     ;                  ;                       ;
; pollard:pollard0|x[40]~_Duplicate_1  ; Packed Register ; Register Packing ; Timing optimization ; Q         ;                ; pollard:pollard0|lpm_mult:Mult0|mult_uht:auto_generated|mac_mult79  ; DATAA            ;                       ;
; pollard:pollard0|x[40]~_Duplicate_1  ; Duplicated      ; Register Packing ; Timing optimization ; Q         ;                ; pollard:pollard0|x[40]~_Duplicate_2                                 ; Q                ;                       ;
; pollard:pollard0|x[40]~_Duplicate_2  ; Packed Register ; Register Packing ; Timing optimization ; Q         ;                ; pollard:pollard0|lpm_mult:Mult0|mult_uht:auto_generated|mac_mult275 ; DATAB            ;                       ;
; pollard:pollard0|x[40]~_Duplicate_2  ; Duplicated      ; Register Packing ; Timing optimization ; Q         ;                ; pollard:pollard0|x[40]~_Duplicate_3                                 ; Q                ;                       ;
; pollard:pollard0|x[41]               ; Packed Register ; Register Packing ; Timing optimization ; Q         ;                ; pollard:pollard0|lpm_mult:Mult0|mult_uht:auto_generated|mac_mult245 ; DATAB            ;                       ;
; pollard:pollard0|x[41]               ; Duplicated      ; Register Packing ; Timing optimization ; Q         ;                ; pollard:pollard0|x[41]~_Duplicate_1                                 ; Q                ;                       ;
; pollard:pollard0|x[41]~SCLR_LUT      ; Created         ; Register Packing ; Timing optimization ;           ;                ;                                                                     ;                  ;                       ;
; pollard:pollard0|x[41]~_Duplicate_1  ; Packed Register ; Register Packing ; Timing optimization ; Q         ;                ; pollard:pollard0|lpm_mult:Mult0|mult_uht:auto_generated|mac_mult79  ; DATAA            ;                       ;
; pollard:pollard0|x[41]~_Duplicate_1  ; Duplicated      ; Register Packing ; Timing optimization ; Q         ;                ; pollard:pollard0|x[41]~_Duplicate_2                                 ; Q                ;                       ;
; pollard:pollard0|x[41]~_Duplicate_2  ; Packed Register ; Register Packing ; Timing optimization ; Q         ;                ; pollard:pollard0|lpm_mult:Mult0|mult_uht:auto_generated|mac_mult275 ; DATAB            ;                       ;
; pollard:pollard0|x[41]~_Duplicate_2  ; Duplicated      ; Register Packing ; Timing optimization ; Q         ;                ; pollard:pollard0|x[41]~_Duplicate_3                                 ; Q                ;                       ;
; pollard:pollard0|x[42]               ; Packed Register ; Register Packing ; Timing optimization ; Q         ;                ; pollard:pollard0|lpm_mult:Mult0|mult_uht:auto_generated|mac_mult245 ; DATAB            ;                       ;
; pollard:pollard0|x[42]               ; Duplicated      ; Register Packing ; Timing optimization ; Q         ;                ; pollard:pollard0|x[42]~_Duplicate_1                                 ; Q                ;                       ;
; pollard:pollard0|x[42]~SCLR_LUT      ; Created         ; Register Packing ; Timing optimization ;           ;                ;                                                                     ;                  ;                       ;
; pollard:pollard0|x[42]~_Duplicate_1  ; Packed Register ; Register Packing ; Timing optimization ; Q         ;                ; pollard:pollard0|lpm_mult:Mult0|mult_uht:auto_generated|mac_mult79  ; DATAA            ;                       ;
; pollard:pollard0|x[42]~_Duplicate_1  ; Duplicated      ; Register Packing ; Timing optimization ; Q         ;                ; pollard:pollard0|x[42]~_Duplicate_2                                 ; Q                ;                       ;
; pollard:pollard0|x[42]~_Duplicate_2  ; Packed Register ; Register Packing ; Timing optimization ; Q         ;                ; pollard:pollard0|lpm_mult:Mult0|mult_uht:auto_generated|mac_mult275 ; DATAB            ;                       ;
; pollard:pollard0|x[42]~_Duplicate_2  ; Duplicated      ; Register Packing ; Timing optimization ; Q         ;                ; pollard:pollard0|x[42]~_Duplicate_3                                 ; Q                ;                       ;
; pollard:pollard0|x[43]               ; Packed Register ; Register Packing ; Timing optimization ; Q         ;                ; pollard:pollard0|lpm_mult:Mult0|mult_uht:auto_generated|mac_mult245 ; DATAB            ;                       ;
; pollard:pollard0|x[43]               ; Duplicated      ; Register Packing ; Timing optimization ; Q         ;                ; pollard:pollard0|x[43]~_Duplicate_1                                 ; Q                ;                       ;
; pollard:pollard0|x[43]~SCLR_LUT      ; Created         ; Register Packing ; Timing optimization ;           ;                ;                                                                     ;                  ;                       ;
; pollard:pollard0|x[43]~_Duplicate_1  ; Packed Register ; Register Packing ; Timing optimization ; Q         ;                ; pollard:pollard0|lpm_mult:Mult0|mult_uht:auto_generated|mac_mult79  ; DATAA            ;                       ;
; pollard:pollard0|x[43]~_Duplicate_1  ; Duplicated      ; Register Packing ; Timing optimization ; Q         ;                ; pollard:pollard0|x[43]~_Duplicate_2                                 ; Q                ;                       ;
; pollard:pollard0|x[43]~_Duplicate_2  ; Packed Register ; Register Packing ; Timing optimization ; Q         ;                ; pollard:pollard0|lpm_mult:Mult0|mult_uht:auto_generated|mac_mult275 ; DATAB            ;                       ;
; pollard:pollard0|x[43]~_Duplicate_2  ; Duplicated      ; Register Packing ; Timing optimization ; Q         ;                ; pollard:pollard0|x[43]~_Duplicate_3                                 ; Q                ;                       ;
; pollard:pollard0|x[44]               ; Packed Register ; Register Packing ; Timing optimization ; Q         ;                ; pollard:pollard0|lpm_mult:Mult0|mult_uht:auto_generated|mac_mult245 ; DATAB            ;                       ;
; pollard:pollard0|x[44]               ; Duplicated      ; Register Packing ; Timing optimization ; Q         ;                ; pollard:pollard0|x[44]~_Duplicate_1                                 ; Q                ;                       ;
; pollard:pollard0|x[44]~SCLR_LUT      ; Created         ; Register Packing ; Timing optimization ;           ;                ;                                                                     ;                  ;                       ;
; pollard:pollard0|x[44]~_Duplicate_1  ; Packed Register ; Register Packing ; Timing optimization ; Q         ;                ; pollard:pollard0|lpm_mult:Mult0|mult_uht:auto_generated|mac_mult79  ; DATAA            ;                       ;
; pollard:pollard0|x[44]~_Duplicate_1  ; Duplicated      ; Register Packing ; Timing optimization ; Q         ;                ; pollard:pollard0|x[44]~_Duplicate_2                                 ; Q                ;                       ;
; pollard:pollard0|x[44]~_Duplicate_2  ; Packed Register ; Register Packing ; Timing optimization ; Q         ;                ; pollard:pollard0|lpm_mult:Mult0|mult_uht:auto_generated|mac_mult275 ; DATAB            ;                       ;
; pollard:pollard0|x[44]~_Duplicate_2  ; Duplicated      ; Register Packing ; Timing optimization ; Q         ;                ; pollard:pollard0|x[44]~_Duplicate_3                                 ; Q                ;                       ;
; pollard:pollard0|x[45]               ; Packed Register ; Register Packing ; Timing optimization ; Q         ;                ; pollard:pollard0|lpm_mult:Mult0|mult_uht:auto_generated|mac_mult245 ; DATAB            ;                       ;
; pollard:pollard0|x[45]               ; Duplicated      ; Register Packing ; Timing optimization ; Q         ;                ; pollard:pollard0|x[45]~_Duplicate_1                                 ; Q                ;                       ;
; pollard:pollard0|x[45]~SCLR_LUT      ; Created         ; Register Packing ; Timing optimization ;           ;                ;                                                                     ;                  ;                       ;
; pollard:pollard0|x[45]~_Duplicate_1  ; Packed Register ; Register Packing ; Timing optimization ; Q         ;                ; pollard:pollard0|lpm_mult:Mult0|mult_uht:auto_generated|mac_mult79  ; DATAA            ;                       ;
; pollard:pollard0|x[45]~_Duplicate_1  ; Duplicated      ; Register Packing ; Timing optimization ; Q         ;                ; pollard:pollard0|x[45]~_Duplicate_2                                 ; Q                ;                       ;
; pollard:pollard0|x[45]~_Duplicate_2  ; Packed Register ; Register Packing ; Timing optimization ; Q         ;                ; pollard:pollard0|lpm_mult:Mult0|mult_uht:auto_generated|mac_mult275 ; DATAB            ;                       ;
; pollard:pollard0|x[45]~_Duplicate_2  ; Duplicated      ; Register Packing ; Timing optimization ; Q         ;                ; pollard:pollard0|x[45]~_Duplicate_3                                 ; Q                ;                       ;
; pollard:pollard0|x[46]               ; Packed Register ; Register Packing ; Timing optimization ; Q         ;                ; pollard:pollard0|lpm_mult:Mult0|mult_uht:auto_generated|mac_mult245 ; DATAB            ;                       ;
; pollard:pollard0|x[46]               ; Duplicated      ; Register Packing ; Timing optimization ; Q         ;                ; pollard:pollard0|x[46]~_Duplicate_1                                 ; Q                ;                       ;
; pollard:pollard0|x[46]~SCLR_LUT      ; Created         ; Register Packing ; Timing optimization ;           ;                ;                                                                     ;                  ;                       ;
; pollard:pollard0|x[46]~_Duplicate_1  ; Packed Register ; Register Packing ; Timing optimization ; Q         ;                ; pollard:pollard0|lpm_mult:Mult0|mult_uht:auto_generated|mac_mult79  ; DATAA            ;                       ;
; pollard:pollard0|x[46]~_Duplicate_1  ; Duplicated      ; Register Packing ; Timing optimization ; Q         ;                ; pollard:pollard0|x[46]~_Duplicate_2                                 ; Q                ;                       ;
; pollard:pollard0|x[46]~_Duplicate_2  ; Packed Register ; Register Packing ; Timing optimization ; Q         ;                ; pollard:pollard0|lpm_mult:Mult0|mult_uht:auto_generated|mac_mult275 ; DATAB            ;                       ;
; pollard:pollard0|x[46]~_Duplicate_2  ; Duplicated      ; Register Packing ; Timing optimization ; Q         ;                ; pollard:pollard0|x[46]~_Duplicate_3                                 ; Q                ;                       ;
; pollard:pollard0|x[47]               ; Packed Register ; Register Packing ; Timing optimization ; Q         ;                ; pollard:pollard0|lpm_mult:Mult0|mult_uht:auto_generated|mac_mult245 ; DATAB            ;                       ;
; pollard:pollard0|x[47]               ; Duplicated      ; Register Packing ; Timing optimization ; Q         ;                ; pollard:pollard0|x[47]~_Duplicate_1                                 ; Q                ;                       ;
; pollard:pollard0|x[47]~SCLR_LUT      ; Created         ; Register Packing ; Timing optimization ;           ;                ;                                                                     ;                  ;                       ;
; pollard:pollard0|x[47]~_Duplicate_1  ; Packed Register ; Register Packing ; Timing optimization ; Q         ;                ; pollard:pollard0|lpm_mult:Mult0|mult_uht:auto_generated|mac_mult79  ; DATAA            ;                       ;
; pollard:pollard0|x[47]~_Duplicate_1  ; Duplicated      ; Register Packing ; Timing optimization ; Q         ;                ; pollard:pollard0|x[47]~_Duplicate_2                                 ; Q                ;                       ;
; pollard:pollard0|x[47]~_Duplicate_2  ; Packed Register ; Register Packing ; Timing optimization ; Q         ;                ; pollard:pollard0|lpm_mult:Mult0|mult_uht:auto_generated|mac_mult275 ; DATAB            ;                       ;
; pollard:pollard0|x[47]~_Duplicate_2  ; Duplicated      ; Register Packing ; Timing optimization ; Q         ;                ; pollard:pollard0|x[47]~_Duplicate_3                                 ; Q                ;                       ;
; pollard:pollard0|x[48]               ; Packed Register ; Register Packing ; Timing optimization ; Q         ;                ; pollard:pollard0|lpm_mult:Mult0|mult_uht:auto_generated|mac_mult245 ; DATAB            ;                       ;
; pollard:pollard0|x[48]               ; Duplicated      ; Register Packing ; Timing optimization ; Q         ;                ; pollard:pollard0|x[48]~_Duplicate_1                                 ; Q                ;                       ;
; pollard:pollard0|x[48]~SCLR_LUT      ; Created         ; Register Packing ; Timing optimization ;           ;                ;                                                                     ;                  ;                       ;
; pollard:pollard0|x[48]~_Duplicate_1  ; Packed Register ; Register Packing ; Timing optimization ; Q         ;                ; pollard:pollard0|lpm_mult:Mult0|mult_uht:auto_generated|mac_mult79  ; DATAA            ;                       ;
; pollard:pollard0|x[48]~_Duplicate_1  ; Duplicated      ; Register Packing ; Timing optimization ; Q         ;                ; pollard:pollard0|x[48]~_Duplicate_2                                 ; Q                ;                       ;
; pollard:pollard0|x[48]~_Duplicate_2  ; Packed Register ; Register Packing ; Timing optimization ; Q         ;                ; pollard:pollard0|lpm_mult:Mult0|mult_uht:auto_generated|mac_mult275 ; DATAB            ;                       ;
; pollard:pollard0|x[48]~_Duplicate_2  ; Duplicated      ; Register Packing ; Timing optimization ; Q         ;                ; pollard:pollard0|x[48]~_Duplicate_3                                 ; Q                ;                       ;
; pollard:pollard0|x[49]               ; Packed Register ; Register Packing ; Timing optimization ; Q         ;                ; pollard:pollard0|lpm_mult:Mult0|mult_uht:auto_generated|mac_mult245 ; DATAB            ;                       ;
; pollard:pollard0|x[49]               ; Duplicated      ; Register Packing ; Timing optimization ; Q         ;                ; pollard:pollard0|x[49]~_Duplicate_1                                 ; Q                ;                       ;
; pollard:pollard0|x[49]~SCLR_LUT      ; Created         ; Register Packing ; Timing optimization ;           ;                ;                                                                     ;                  ;                       ;
; pollard:pollard0|x[49]~_Duplicate_1  ; Packed Register ; Register Packing ; Timing optimization ; Q         ;                ; pollard:pollard0|lpm_mult:Mult0|mult_uht:auto_generated|mac_mult79  ; DATAA            ;                       ;
; pollard:pollard0|x[49]~_Duplicate_1  ; Duplicated      ; Register Packing ; Timing optimization ; Q         ;                ; pollard:pollard0|x[49]~_Duplicate_2                                 ; Q                ;                       ;
; pollard:pollard0|x[49]~_Duplicate_2  ; Packed Register ; Register Packing ; Timing optimization ; Q         ;                ; pollard:pollard0|lpm_mult:Mult0|mult_uht:auto_generated|mac_mult275 ; DATAB            ;                       ;
; pollard:pollard0|x[49]~_Duplicate_2  ; Duplicated      ; Register Packing ; Timing optimization ; Q         ;                ; pollard:pollard0|x[49]~_Duplicate_3                                 ; Q                ;                       ;
; pollard:pollard0|x[50]               ; Packed Register ; Register Packing ; Timing optimization ; Q         ;                ; pollard:pollard0|lpm_mult:Mult0|mult_uht:auto_generated|mac_mult245 ; DATAB            ;                       ;
; pollard:pollard0|x[50]               ; Duplicated      ; Register Packing ; Timing optimization ; Q         ;                ; pollard:pollard0|x[50]~_Duplicate_1                                 ; Q                ;                       ;
; pollard:pollard0|x[50]~SCLR_LUT      ; Created         ; Register Packing ; Timing optimization ;           ;                ;                                                                     ;                  ;                       ;
; pollard:pollard0|x[50]~_Duplicate_1  ; Packed Register ; Register Packing ; Timing optimization ; Q         ;                ; pollard:pollard0|lpm_mult:Mult0|mult_uht:auto_generated|mac_mult79  ; DATAA            ;                       ;
; pollard:pollard0|x[50]~_Duplicate_1  ; Duplicated      ; Register Packing ; Timing optimization ; Q         ;                ; pollard:pollard0|x[50]~_Duplicate_2                                 ; Q                ;                       ;
; pollard:pollard0|x[50]~_Duplicate_2  ; Packed Register ; Register Packing ; Timing optimization ; Q         ;                ; pollard:pollard0|lpm_mult:Mult0|mult_uht:auto_generated|mac_mult275 ; DATAB            ;                       ;
; pollard:pollard0|x[50]~_Duplicate_2  ; Duplicated      ; Register Packing ; Timing optimization ; Q         ;                ; pollard:pollard0|x[50]~_Duplicate_3                                 ; Q                ;                       ;
; pollard:pollard0|x[51]               ; Packed Register ; Register Packing ; Timing optimization ; Q         ;                ; pollard:pollard0|lpm_mult:Mult0|mult_uht:auto_generated|mac_mult245 ; DATAB            ;                       ;
; pollard:pollard0|x[51]               ; Duplicated      ; Register Packing ; Timing optimization ; Q         ;                ; pollard:pollard0|x[51]~_Duplicate_1                                 ; Q                ;                       ;
; pollard:pollard0|x[51]~SCLR_LUT      ; Created         ; Register Packing ; Timing optimization ;           ;                ;                                                                     ;                  ;                       ;
; pollard:pollard0|x[51]~_Duplicate_1  ; Packed Register ; Register Packing ; Timing optimization ; Q         ;                ; pollard:pollard0|lpm_mult:Mult0|mult_uht:auto_generated|mac_mult79  ; DATAA            ;                       ;
; pollard:pollard0|x[51]~_Duplicate_1  ; Duplicated      ; Register Packing ; Timing optimization ; Q         ;                ; pollard:pollard0|x[51]~_Duplicate_2                                 ; Q                ;                       ;
; pollard:pollard0|x[51]~_Duplicate_2  ; Packed Register ; Register Packing ; Timing optimization ; Q         ;                ; pollard:pollard0|lpm_mult:Mult0|mult_uht:auto_generated|mac_mult275 ; DATAB            ;                       ;
; pollard:pollard0|x[51]~_Duplicate_2  ; Duplicated      ; Register Packing ; Timing optimization ; Q         ;                ; pollard:pollard0|x[51]~_Duplicate_3                                 ; Q                ;                       ;
; pollard:pollard0|x[52]               ; Packed Register ; Register Packing ; Timing optimization ; Q         ;                ; pollard:pollard0|lpm_mult:Mult0|mult_uht:auto_generated|mac_mult245 ; DATAB            ;                       ;
; pollard:pollard0|x[52]               ; Duplicated      ; Register Packing ; Timing optimization ; Q         ;                ; pollard:pollard0|x[52]~_Duplicate_1                                 ; Q                ;                       ;
; pollard:pollard0|x[52]~SCLR_LUT      ; Created         ; Register Packing ; Timing optimization ;           ;                ;                                                                     ;                  ;                       ;
; pollard:pollard0|x[52]~_Duplicate_1  ; Packed Register ; Register Packing ; Timing optimization ; Q         ;                ; pollard:pollard0|lpm_mult:Mult0|mult_uht:auto_generated|mac_mult79  ; DATAA            ;                       ;
; pollard:pollard0|x[52]~_Duplicate_1  ; Duplicated      ; Register Packing ; Timing optimization ; Q         ;                ; pollard:pollard0|x[52]~_Duplicate_2                                 ; Q                ;                       ;
; pollard:pollard0|x[52]~_Duplicate_2  ; Packed Register ; Register Packing ; Timing optimization ; Q         ;                ; pollard:pollard0|lpm_mult:Mult0|mult_uht:auto_generated|mac_mult275 ; DATAB            ;                       ;
; pollard:pollard0|x[52]~_Duplicate_2  ; Duplicated      ; Register Packing ; Timing optimization ; Q         ;                ; pollard:pollard0|x[52]~_Duplicate_3                                 ; Q                ;                       ;
; pollard:pollard0|x[53]               ; Packed Register ; Register Packing ; Timing optimization ; Q         ;                ; pollard:pollard0|lpm_mult:Mult0|mult_uht:auto_generated|mac_mult245 ; DATAB            ;                       ;
; pollard:pollard0|x[53]               ; Duplicated      ; Register Packing ; Timing optimization ; Q         ;                ; pollard:pollard0|x[53]~_Duplicate_1                                 ; Q                ;                       ;
; pollard:pollard0|x[53]~SCLR_LUT      ; Created         ; Register Packing ; Timing optimization ;           ;                ;                                                                     ;                  ;                       ;
; pollard:pollard0|x[53]~_Duplicate_1  ; Packed Register ; Register Packing ; Timing optimization ; Q         ;                ; pollard:pollard0|lpm_mult:Mult0|mult_uht:auto_generated|mac_mult79  ; DATAA            ;                       ;
; pollard:pollard0|x[53]~_Duplicate_1  ; Duplicated      ; Register Packing ; Timing optimization ; Q         ;                ; pollard:pollard0|x[53]~_Duplicate_2                                 ; Q                ;                       ;
; pollard:pollard0|x[53]~_Duplicate_2  ; Packed Register ; Register Packing ; Timing optimization ; Q         ;                ; pollard:pollard0|lpm_mult:Mult0|mult_uht:auto_generated|mac_mult275 ; DATAB            ;                       ;
; pollard:pollard0|x[53]~_Duplicate_2  ; Duplicated      ; Register Packing ; Timing optimization ; Q         ;                ; pollard:pollard0|x[53]~_Duplicate_3                                 ; Q                ;                       ;
; pollard:pollard0|x[54]               ; Packed Register ; Register Packing ; Timing optimization ; Q         ;                ; pollard:pollard0|lpm_mult:Mult0|mult_uht:auto_generated|mac_mult247 ; DATAB            ;                       ;
; pollard:pollard0|x[54]               ; Duplicated      ; Register Packing ; Timing optimization ; Q         ;                ; pollard:pollard0|x[54]~_Duplicate_1                                 ; Q                ;                       ;
; pollard:pollard0|x[54]~SCLR_LUT      ; Created         ; Register Packing ; Timing optimization ;           ;                ;                                                                     ;                  ;                       ;
; pollard:pollard0|x[55]               ; Packed Register ; Register Packing ; Timing optimization ; Q         ;                ; pollard:pollard0|lpm_mult:Mult0|mult_uht:auto_generated|mac_mult247 ; DATAB            ;                       ;
; pollard:pollard0|x[55]               ; Duplicated      ; Register Packing ; Timing optimization ; Q         ;                ; pollard:pollard0|x[55]~_Duplicate_1                                 ; Q                ;                       ;
; pollard:pollard0|x[55]~SCLR_LUT      ; Created         ; Register Packing ; Timing optimization ;           ;                ;                                                                     ;                  ;                       ;
; pollard:pollard0|x[56]               ; Packed Register ; Register Packing ; Timing optimization ; Q         ;                ; pollard:pollard0|lpm_mult:Mult0|mult_uht:auto_generated|mac_mult247 ; DATAB            ;                       ;
; pollard:pollard0|x[56]               ; Duplicated      ; Register Packing ; Timing optimization ; Q         ;                ; pollard:pollard0|x[56]~_Duplicate_1                                 ; Q                ;                       ;
; pollard:pollard0|x[56]~SCLR_LUT      ; Created         ; Register Packing ; Timing optimization ;           ;                ;                                                                     ;                  ;                       ;
; pollard:pollard0|x[57]               ; Packed Register ; Register Packing ; Timing optimization ; Q         ;                ; pollard:pollard0|lpm_mult:Mult0|mult_uht:auto_generated|mac_mult247 ; DATAB            ;                       ;
; pollard:pollard0|x[57]               ; Duplicated      ; Register Packing ; Timing optimization ; Q         ;                ; pollard:pollard0|x[57]~_Duplicate_1                                 ; Q                ;                       ;
; pollard:pollard0|x[57]~SCLR_LUT      ; Created         ; Register Packing ; Timing optimization ;           ;                ;                                                                     ;                  ;                       ;
; pollard:pollard0|x[58]               ; Packed Register ; Register Packing ; Timing optimization ; Q         ;                ; pollard:pollard0|lpm_mult:Mult0|mult_uht:auto_generated|mac_mult247 ; DATAB            ;                       ;
; pollard:pollard0|x[58]               ; Duplicated      ; Register Packing ; Timing optimization ; Q         ;                ; pollard:pollard0|x[58]~_Duplicate_1                                 ; Q                ;                       ;
; pollard:pollard0|x[58]~SCLR_LUT      ; Created         ; Register Packing ; Timing optimization ;           ;                ;                                                                     ;                  ;                       ;
; pollard:pollard0|x[59]               ; Packed Register ; Register Packing ; Timing optimization ; Q         ;                ; pollard:pollard0|lpm_mult:Mult0|mult_uht:auto_generated|mac_mult247 ; DATAB            ;                       ;
; pollard:pollard0|x[59]               ; Duplicated      ; Register Packing ; Timing optimization ; Q         ;                ; pollard:pollard0|x[59]~_Duplicate_1                                 ; Q                ;                       ;
; pollard:pollard0|x[59]~SCLR_LUT      ; Created         ; Register Packing ; Timing optimization ;           ;                ;                                                                     ;                  ;                       ;
; pollard:pollard0|x[60]               ; Packed Register ; Register Packing ; Timing optimization ; Q         ;                ; pollard:pollard0|lpm_mult:Mult0|mult_uht:auto_generated|mac_mult247 ; DATAB            ;                       ;
; pollard:pollard0|x[60]               ; Duplicated      ; Register Packing ; Timing optimization ; Q         ;                ; pollard:pollard0|x[60]~_Duplicate_1                                 ; Q                ;                       ;
; pollard:pollard0|x[60]~SCLR_LUT      ; Created         ; Register Packing ; Timing optimization ;           ;                ;                                                                     ;                  ;                       ;
; pollard:pollard0|x[61]               ; Packed Register ; Register Packing ; Timing optimization ; Q         ;                ; pollard:pollard0|lpm_mult:Mult0|mult_uht:auto_generated|mac_mult247 ; DATAB            ;                       ;
; pollard:pollard0|x[61]               ; Duplicated      ; Register Packing ; Timing optimization ; Q         ;                ; pollard:pollard0|x[61]~_Duplicate_1                                 ; Q                ;                       ;
; pollard:pollard0|x[61]~SCLR_LUT      ; Created         ; Register Packing ; Timing optimization ;           ;                ;                                                                     ;                  ;                       ;
; pollard:pollard0|x[62]               ; Packed Register ; Register Packing ; Timing optimization ; Q         ;                ; pollard:pollard0|lpm_mult:Mult0|mult_uht:auto_generated|mac_mult247 ; DATAB            ;                       ;
; pollard:pollard0|x[62]               ; Duplicated      ; Register Packing ; Timing optimization ; Q         ;                ; pollard:pollard0|x[62]~_Duplicate_1                                 ; Q                ;                       ;
; pollard:pollard0|x[62]~SCLR_LUT      ; Created         ; Register Packing ; Timing optimization ;           ;                ;                                                                     ;                  ;                       ;
; pollard:pollard0|x[63]               ; Packed Register ; Register Packing ; Timing optimization ; Q         ;                ; pollard:pollard0|lpm_mult:Mult0|mult_uht:auto_generated|mac_mult247 ; DATAB            ;                       ;
; pollard:pollard0|x[63]               ; Duplicated      ; Register Packing ; Timing optimization ; Q         ;                ; pollard:pollard0|x[63]~_Duplicate_1                                 ; Q                ;                       ;
; pollard:pollard0|x[63]~SCLR_LUT      ; Created         ; Register Packing ; Timing optimization ;           ;                ;                                                                     ;                  ;                       ;
; pollard:pollard0|x[64]               ; Packed Register ; Register Packing ; Timing optimization ; Q         ;                ; pollard:pollard0|lpm_mult:Mult0|mult_uht:auto_generated|mac_mult247 ; DATAB            ;                       ;
; pollard:pollard0|x[64]               ; Duplicated      ; Register Packing ; Timing optimization ; Q         ;                ; pollard:pollard0|x[64]~_Duplicate_1                                 ; Q                ;                       ;
; pollard:pollard0|x[64]~SCLR_LUT      ; Created         ; Register Packing ; Timing optimization ;           ;                ;                                                                     ;                  ;                       ;
; pollard:pollard0|x[65]               ; Packed Register ; Register Packing ; Timing optimization ; Q         ;                ; pollard:pollard0|lpm_mult:Mult0|mult_uht:auto_generated|mac_mult247 ; DATAB            ;                       ;
; pollard:pollard0|x[65]               ; Duplicated      ; Register Packing ; Timing optimization ; Q         ;                ; pollard:pollard0|x[65]~_Duplicate_1                                 ; Q                ;                       ;
; pollard:pollard0|x[65]~SCLR_LUT      ; Created         ; Register Packing ; Timing optimization ;           ;                ;                                                                     ;                  ;                       ;
; pollard:pollard0|x[66]               ; Packed Register ; Register Packing ; Timing optimization ; Q         ;                ; pollard:pollard0|lpm_mult:Mult0|mult_uht:auto_generated|mac_mult247 ; DATAB            ;                       ;
; pollard:pollard0|x[66]               ; Duplicated      ; Register Packing ; Timing optimization ; Q         ;                ; pollard:pollard0|x[66]~_Duplicate_1                                 ; Q                ;                       ;
; pollard:pollard0|x[66]~SCLR_LUT      ; Created         ; Register Packing ; Timing optimization ;           ;                ;                                                                     ;                  ;                       ;
; pollard:pollard0|x[67]               ; Packed Register ; Register Packing ; Timing optimization ; Q         ;                ; pollard:pollard0|lpm_mult:Mult0|mult_uht:auto_generated|mac_mult247 ; DATAB            ;                       ;
; pollard:pollard0|x[67]               ; Duplicated      ; Register Packing ; Timing optimization ; Q         ;                ; pollard:pollard0|x[67]~_Duplicate_1                                 ; Q                ;                       ;
; pollard:pollard0|x[67]~SCLR_LUT      ; Created         ; Register Packing ; Timing optimization ;           ;                ;                                                                     ;                  ;                       ;
; pollard:pollard0|x[68]               ; Packed Register ; Register Packing ; Timing optimization ; Q         ;                ; pollard:pollard0|lpm_mult:Mult0|mult_uht:auto_generated|mac_mult247 ; DATAB            ;                       ;
; pollard:pollard0|x[68]               ; Duplicated      ; Register Packing ; Timing optimization ; Q         ;                ; pollard:pollard0|x[68]~_Duplicate_1                                 ; Q                ;                       ;
; pollard:pollard0|x[68]~SCLR_LUT      ; Created         ; Register Packing ; Timing optimization ;           ;                ;                                                                     ;                  ;                       ;
; pollard:pollard0|x[69]               ; Packed Register ; Register Packing ; Timing optimization ; Q         ;                ; pollard:pollard0|lpm_mult:Mult0|mult_uht:auto_generated|mac_mult247 ; DATAB            ;                       ;
; pollard:pollard0|x[69]               ; Duplicated      ; Register Packing ; Timing optimization ; Q         ;                ; pollard:pollard0|x[69]~_Duplicate_1                                 ; Q                ;                       ;
; pollard:pollard0|x[69]~SCLR_LUT      ; Created         ; Register Packing ; Timing optimization ;           ;                ;                                                                     ;                  ;                       ;
; pollard:pollard0|x[70]               ; Packed Register ; Register Packing ; Timing optimization ; Q         ;                ; pollard:pollard0|lpm_mult:Mult0|mult_uht:auto_generated|mac_mult247 ; DATAB            ;                       ;
; pollard:pollard0|x[70]               ; Duplicated      ; Register Packing ; Timing optimization ; Q         ;                ; pollard:pollard0|x[70]~_Duplicate_1                                 ; Q                ;                       ;
; pollard:pollard0|x[70]~SCLR_LUT      ; Created         ; Register Packing ; Timing optimization ;           ;                ;                                                                     ;                  ;                       ;
; pollard:pollard0|x[71]               ; Packed Register ; Register Packing ; Timing optimization ; Q         ;                ; pollard:pollard0|lpm_mult:Mult0|mult_uht:auto_generated|mac_mult247 ; DATAB            ;                       ;
; pollard:pollard0|x[71]               ; Duplicated      ; Register Packing ; Timing optimization ; Q         ;                ; pollard:pollard0|x[71]~_Duplicate_1                                 ; Q                ;                       ;
; pollard:pollard0|x[71]~SCLR_LUT      ; Created         ; Register Packing ; Timing optimization ;           ;                ;                                                                     ;                  ;                       ;
; pollard:pollard0|x[144]              ; Packed Register ; Register Packing ; Timing optimization ; Q         ;                ; pollard:pollard0|lpm_mult:Mult0|mult_uht:auto_generated|mac_mult241 ; DATAA            ;                       ;
; pollard:pollard0|x[144]              ; Duplicated      ; Register Packing ; Timing optimization ; Q         ;                ; pollard:pollard0|x[144]~_Duplicate_1                                ; Q                ;                       ;
; pollard:pollard0|x[144]~SCLR_LUT     ; Created         ; Register Packing ; Timing optimization ;           ;                ;                                                                     ;                  ;                       ;
; pollard:pollard0|x[144]~_Duplicate_1 ; Packed Register ; Register Packing ; Timing optimization ; Q         ;                ; pollard:pollard0|lpm_mult:Mult0|mult_uht:auto_generated|mac_mult17  ; DATAB            ;                       ;
; pollard:pollard0|x[144]~_Duplicate_1 ; Duplicated      ; Register Packing ; Timing optimization ; Q         ;                ; pollard:pollard0|x[144]~_Duplicate_2                                ; Q                ;                       ;
; pollard:pollard0|x[144]~_Duplicate_2 ; Packed Register ; Register Packing ; Timing optimization ; Q         ;                ; pollard:pollard0|lpm_mult:Mult0|mult_uht:auto_generated|mac_mult243 ; DATAA            ;                       ;
; pollard:pollard0|x[144]~_Duplicate_2 ; Duplicated      ; Register Packing ; Timing optimization ; Q         ;                ; pollard:pollard0|x[144]~_Duplicate_3                                ; Q                ;                       ;
; pollard:pollard0|x[144]~_Duplicate_3 ; Packed Register ; Register Packing ; Timing optimization ; Q         ;                ; pollard:pollard0|lpm_mult:Mult0|mult_uht:auto_generated|mac_mult245 ; DATAA            ;                       ;
; pollard:pollard0|x[144]~_Duplicate_3 ; Duplicated      ; Register Packing ; Timing optimization ; Q         ;                ; pollard:pollard0|x[144]~_Duplicate_4                                ; Q                ;                       ;
; pollard:pollard0|x[144]~_Duplicate_4 ; Packed Register ; Register Packing ; Timing optimization ; Q         ;                ; pollard:pollard0|lpm_mult:Mult0|mult_uht:auto_generated|mac_mult247 ; DATAA            ;                       ;
; pollard:pollard0|x[144]~_Duplicate_4 ; Duplicated      ; Register Packing ; Timing optimization ; Q         ;                ; pollard:pollard0|x[144]~_Duplicate_5                                ; Q                ;                       ;
; pollard:pollard0|x[145]              ; Packed Register ; Register Packing ; Timing optimization ; Q         ;                ; pollard:pollard0|lpm_mult:Mult0|mult_uht:auto_generated|mac_mult241 ; DATAA            ;                       ;
; pollard:pollard0|x[145]              ; Duplicated      ; Register Packing ; Timing optimization ; Q         ;                ; pollard:pollard0|x[145]~_Duplicate_1                                ; Q                ;                       ;
; pollard:pollard0|x[145]~SCLR_LUT     ; Created         ; Register Packing ; Timing optimization ;           ;                ;                                                                     ;                  ;                       ;
; pollard:pollard0|x[145]~_Duplicate_1 ; Packed Register ; Register Packing ; Timing optimization ; Q         ;                ; pollard:pollard0|lpm_mult:Mult0|mult_uht:auto_generated|mac_mult17  ; DATAB            ;                       ;
; pollard:pollard0|x[145]~_Duplicate_1 ; Duplicated      ; Register Packing ; Timing optimization ; Q         ;                ; pollard:pollard0|x[145]~_Duplicate_2                                ; Q                ;                       ;
; pollard:pollard0|x[145]~_Duplicate_2 ; Packed Register ; Register Packing ; Timing optimization ; Q         ;                ; pollard:pollard0|lpm_mult:Mult0|mult_uht:auto_generated|mac_mult243 ; DATAA            ;                       ;
; pollard:pollard0|x[145]~_Duplicate_2 ; Duplicated      ; Register Packing ; Timing optimization ; Q         ;                ; pollard:pollard0|x[145]~_Duplicate_3                                ; Q                ;                       ;
; pollard:pollard0|x[145]~_Duplicate_3 ; Packed Register ; Register Packing ; Timing optimization ; Q         ;                ; pollard:pollard0|lpm_mult:Mult0|mult_uht:auto_generated|mac_mult245 ; DATAA            ;                       ;
; pollard:pollard0|x[145]~_Duplicate_3 ; Duplicated      ; Register Packing ; Timing optimization ; Q         ;                ; pollard:pollard0|x[145]~_Duplicate_4                                ; Q                ;                       ;
; pollard:pollard0|x[145]~_Duplicate_4 ; Packed Register ; Register Packing ; Timing optimization ; Q         ;                ; pollard:pollard0|lpm_mult:Mult0|mult_uht:auto_generated|mac_mult247 ; DATAA            ;                       ;
; pollard:pollard0|x[145]~_Duplicate_4 ; Duplicated      ; Register Packing ; Timing optimization ; Q         ;                ; pollard:pollard0|x[145]~_Duplicate_5                                ; Q                ;                       ;
; pollard:pollard0|x[146]              ; Packed Register ; Register Packing ; Timing optimization ; Q         ;                ; pollard:pollard0|lpm_mult:Mult0|mult_uht:auto_generated|mac_mult241 ; DATAA            ;                       ;
; pollard:pollard0|x[146]              ; Duplicated      ; Register Packing ; Timing optimization ; Q         ;                ; pollard:pollard0|x[146]~_Duplicate_1                                ; Q                ;                       ;
; pollard:pollard0|x[146]~SCLR_LUT     ; Created         ; Register Packing ; Timing optimization ;           ;                ;                                                                     ;                  ;                       ;
; pollard:pollard0|x[146]~_Duplicate_1 ; Packed Register ; Register Packing ; Timing optimization ; Q         ;                ; pollard:pollard0|lpm_mult:Mult0|mult_uht:auto_generated|mac_mult17  ; DATAB            ;                       ;
; pollard:pollard0|x[146]~_Duplicate_1 ; Duplicated      ; Register Packing ; Timing optimization ; Q         ;                ; pollard:pollard0|x[146]~_Duplicate_2                                ; Q                ;                       ;
; pollard:pollard0|x[146]~_Duplicate_2 ; Packed Register ; Register Packing ; Timing optimization ; Q         ;                ; pollard:pollard0|lpm_mult:Mult0|mult_uht:auto_generated|mac_mult243 ; DATAA            ;                       ;
; pollard:pollard0|x[146]~_Duplicate_2 ; Duplicated      ; Register Packing ; Timing optimization ; Q         ;                ; pollard:pollard0|x[146]~_Duplicate_3                                ; Q                ;                       ;
; pollard:pollard0|x[146]~_Duplicate_3 ; Packed Register ; Register Packing ; Timing optimization ; Q         ;                ; pollard:pollard0|lpm_mult:Mult0|mult_uht:auto_generated|mac_mult245 ; DATAA            ;                       ;
; pollard:pollard0|x[146]~_Duplicate_3 ; Duplicated      ; Register Packing ; Timing optimization ; Q         ;                ; pollard:pollard0|x[146]~_Duplicate_4                                ; Q                ;                       ;
; pollard:pollard0|x[146]~_Duplicate_4 ; Packed Register ; Register Packing ; Timing optimization ; Q         ;                ; pollard:pollard0|lpm_mult:Mult0|mult_uht:auto_generated|mac_mult247 ; DATAA            ;                       ;
; pollard:pollard0|x[146]~_Duplicate_4 ; Duplicated      ; Register Packing ; Timing optimization ; Q         ;                ; pollard:pollard0|x[146]~_Duplicate_5                                ; Q                ;                       ;
; pollard:pollard0|x[147]              ; Packed Register ; Register Packing ; Timing optimization ; Q         ;                ; pollard:pollard0|lpm_mult:Mult0|mult_uht:auto_generated|mac_mult241 ; DATAA            ;                       ;
; pollard:pollard0|x[147]              ; Duplicated      ; Register Packing ; Timing optimization ; Q         ;                ; pollard:pollard0|x[147]~_Duplicate_1                                ; Q                ;                       ;
; pollard:pollard0|x[147]~SCLR_LUT     ; Created         ; Register Packing ; Timing optimization ;           ;                ;                                                                     ;                  ;                       ;
; pollard:pollard0|x[147]~_Duplicate_1 ; Packed Register ; Register Packing ; Timing optimization ; Q         ;                ; pollard:pollard0|lpm_mult:Mult0|mult_uht:auto_generated|mac_mult17  ; DATAB            ;                       ;
; pollard:pollard0|x[147]~_Duplicate_1 ; Duplicated      ; Register Packing ; Timing optimization ; Q         ;                ; pollard:pollard0|x[147]~_Duplicate_2                                ; Q                ;                       ;
; pollard:pollard0|x[147]~_Duplicate_2 ; Packed Register ; Register Packing ; Timing optimization ; Q         ;                ; pollard:pollard0|lpm_mult:Mult0|mult_uht:auto_generated|mac_mult243 ; DATAA            ;                       ;
; pollard:pollard0|x[147]~_Duplicate_2 ; Duplicated      ; Register Packing ; Timing optimization ; Q         ;                ; pollard:pollard0|x[147]~_Duplicate_3                                ; Q                ;                       ;
; pollard:pollard0|x[147]~_Duplicate_3 ; Packed Register ; Register Packing ; Timing optimization ; Q         ;                ; pollard:pollard0|lpm_mult:Mult0|mult_uht:auto_generated|mac_mult245 ; DATAA            ;                       ;
; pollard:pollard0|x[147]~_Duplicate_3 ; Duplicated      ; Register Packing ; Timing optimization ; Q         ;                ; pollard:pollard0|x[147]~_Duplicate_4                                ; Q                ;                       ;
; pollard:pollard0|x[147]~_Duplicate_4 ; Packed Register ; Register Packing ; Timing optimization ; Q         ;                ; pollard:pollard0|lpm_mult:Mult0|mult_uht:auto_generated|mac_mult247 ; DATAA            ;                       ;
; pollard:pollard0|x[147]~_Duplicate_4 ; Duplicated      ; Register Packing ; Timing optimization ; Q         ;                ; pollard:pollard0|x[147]~_Duplicate_5                                ; Q                ;                       ;
; pollard:pollard0|x[148]              ; Packed Register ; Register Packing ; Timing optimization ; Q         ;                ; pollard:pollard0|lpm_mult:Mult0|mult_uht:auto_generated|mac_mult241 ; DATAA            ;                       ;
; pollard:pollard0|x[148]              ; Duplicated      ; Register Packing ; Timing optimization ; Q         ;                ; pollard:pollard0|x[148]~_Duplicate_1                                ; Q                ;                       ;
; pollard:pollard0|x[148]~SCLR_LUT     ; Created         ; Register Packing ; Timing optimization ;           ;                ;                                                                     ;                  ;                       ;
; pollard:pollard0|x[148]~_Duplicate_1 ; Packed Register ; Register Packing ; Timing optimization ; Q         ;                ; pollard:pollard0|lpm_mult:Mult0|mult_uht:auto_generated|mac_mult17  ; DATAB            ;                       ;
; pollard:pollard0|x[148]~_Duplicate_1 ; Duplicated      ; Register Packing ; Timing optimization ; Q         ;                ; pollard:pollard0|x[148]~_Duplicate_2                                ; Q                ;                       ;
; pollard:pollard0|x[148]~_Duplicate_2 ; Packed Register ; Register Packing ; Timing optimization ; Q         ;                ; pollard:pollard0|lpm_mult:Mult0|mult_uht:auto_generated|mac_mult243 ; DATAA            ;                       ;
; pollard:pollard0|x[148]~_Duplicate_2 ; Duplicated      ; Register Packing ; Timing optimization ; Q         ;                ; pollard:pollard0|x[148]~_Duplicate_3                                ; Q                ;                       ;
; pollard:pollard0|x[148]~_Duplicate_3 ; Packed Register ; Register Packing ; Timing optimization ; Q         ;                ; pollard:pollard0|lpm_mult:Mult0|mult_uht:auto_generated|mac_mult245 ; DATAA            ;                       ;
; pollard:pollard0|x[148]~_Duplicate_3 ; Duplicated      ; Register Packing ; Timing optimization ; Q         ;                ; pollard:pollard0|x[148]~_Duplicate_4                                ; Q                ;                       ;
; pollard:pollard0|x[148]~_Duplicate_4 ; Packed Register ; Register Packing ; Timing optimization ; Q         ;                ; pollard:pollard0|lpm_mult:Mult0|mult_uht:auto_generated|mac_mult247 ; DATAA            ;                       ;
; pollard:pollard0|x[148]~_Duplicate_4 ; Duplicated      ; Register Packing ; Timing optimization ; Q         ;                ; pollard:pollard0|x[148]~_Duplicate_5                                ; Q                ;                       ;
; pollard:pollard0|x[149]              ; Packed Register ; Register Packing ; Timing optimization ; Q         ;                ; pollard:pollard0|lpm_mult:Mult0|mult_uht:auto_generated|mac_mult241 ; DATAA            ;                       ;
; pollard:pollard0|x[149]              ; Duplicated      ; Register Packing ; Timing optimization ; Q         ;                ; pollard:pollard0|x[149]~_Duplicate_1                                ; Q                ;                       ;
; pollard:pollard0|x[149]~SCLR_LUT     ; Created         ; Register Packing ; Timing optimization ;           ;                ;                                                                     ;                  ;                       ;
; pollard:pollard0|x[149]~_Duplicate_1 ; Packed Register ; Register Packing ; Timing optimization ; Q         ;                ; pollard:pollard0|lpm_mult:Mult0|mult_uht:auto_generated|mac_mult17  ; DATAB            ;                       ;
; pollard:pollard0|x[149]~_Duplicate_1 ; Duplicated      ; Register Packing ; Timing optimization ; Q         ;                ; pollard:pollard0|x[149]~_Duplicate_2                                ; Q                ;                       ;
; pollard:pollard0|x[149]~_Duplicate_2 ; Packed Register ; Register Packing ; Timing optimization ; Q         ;                ; pollard:pollard0|lpm_mult:Mult0|mult_uht:auto_generated|mac_mult243 ; DATAA            ;                       ;
; pollard:pollard0|x[149]~_Duplicate_2 ; Duplicated      ; Register Packing ; Timing optimization ; Q         ;                ; pollard:pollard0|x[149]~_Duplicate_3                                ; Q                ;                       ;
; pollard:pollard0|x[149]~_Duplicate_3 ; Packed Register ; Register Packing ; Timing optimization ; Q         ;                ; pollard:pollard0|lpm_mult:Mult0|mult_uht:auto_generated|mac_mult245 ; DATAA            ;                       ;
; pollard:pollard0|x[149]~_Duplicate_3 ; Duplicated      ; Register Packing ; Timing optimization ; Q         ;                ; pollard:pollard0|x[149]~_Duplicate_4                                ; Q                ;                       ;
; pollard:pollard0|x[149]~_Duplicate_4 ; Packed Register ; Register Packing ; Timing optimization ; Q         ;                ; pollard:pollard0|lpm_mult:Mult0|mult_uht:auto_generated|mac_mult247 ; DATAA            ;                       ;
; pollard:pollard0|x[149]~_Duplicate_4 ; Duplicated      ; Register Packing ; Timing optimization ; Q         ;                ; pollard:pollard0|x[149]~_Duplicate_5                                ; Q                ;                       ;
; pollard:pollard0|x[150]              ; Packed Register ; Register Packing ; Timing optimization ; Q         ;                ; pollard:pollard0|lpm_mult:Mult0|mult_uht:auto_generated|mac_mult241 ; DATAA            ;                       ;
; pollard:pollard0|x[150]              ; Duplicated      ; Register Packing ; Timing optimization ; Q         ;                ; pollard:pollard0|x[150]~_Duplicate_1                                ; Q                ;                       ;
; pollard:pollard0|x[150]~SCLR_LUT     ; Created         ; Register Packing ; Timing optimization ;           ;                ;                                                                     ;                  ;                       ;
; pollard:pollard0|x[150]~_Duplicate_1 ; Packed Register ; Register Packing ; Timing optimization ; Q         ;                ; pollard:pollard0|lpm_mult:Mult0|mult_uht:auto_generated|mac_mult17  ; DATAB            ;                       ;
; pollard:pollard0|x[150]~_Duplicate_1 ; Duplicated      ; Register Packing ; Timing optimization ; Q         ;                ; pollard:pollard0|x[150]~_Duplicate_2                                ; Q                ;                       ;
; pollard:pollard0|x[150]~_Duplicate_2 ; Packed Register ; Register Packing ; Timing optimization ; Q         ;                ; pollard:pollard0|lpm_mult:Mult0|mult_uht:auto_generated|mac_mult243 ; DATAA            ;                       ;
; pollard:pollard0|x[150]~_Duplicate_2 ; Duplicated      ; Register Packing ; Timing optimization ; Q         ;                ; pollard:pollard0|x[150]~_Duplicate_3                                ; Q                ;                       ;
; pollard:pollard0|x[150]~_Duplicate_3 ; Packed Register ; Register Packing ; Timing optimization ; Q         ;                ; pollard:pollard0|lpm_mult:Mult0|mult_uht:auto_generated|mac_mult245 ; DATAA            ;                       ;
; pollard:pollard0|x[150]~_Duplicate_3 ; Duplicated      ; Register Packing ; Timing optimization ; Q         ;                ; pollard:pollard0|x[150]~_Duplicate_4                                ; Q                ;                       ;
; pollard:pollard0|x[150]~_Duplicate_4 ; Packed Register ; Register Packing ; Timing optimization ; Q         ;                ; pollard:pollard0|lpm_mult:Mult0|mult_uht:auto_generated|mac_mult247 ; DATAA            ;                       ;
; pollard:pollard0|x[150]~_Duplicate_4 ; Duplicated      ; Register Packing ; Timing optimization ; Q         ;                ; pollard:pollard0|x[150]~_Duplicate_5                                ; Q                ;                       ;
; pollard:pollard0|x[151]              ; Packed Register ; Register Packing ; Timing optimization ; Q         ;                ; pollard:pollard0|lpm_mult:Mult0|mult_uht:auto_generated|mac_mult241 ; DATAA            ;                       ;
; pollard:pollard0|x[151]              ; Duplicated      ; Register Packing ; Timing optimization ; Q         ;                ; pollard:pollard0|x[151]~_Duplicate_1                                ; Q                ;                       ;
; pollard:pollard0|x[151]~SCLR_LUT     ; Created         ; Register Packing ; Timing optimization ;           ;                ;                                                                     ;                  ;                       ;
; pollard:pollard0|x[151]~_Duplicate_1 ; Packed Register ; Register Packing ; Timing optimization ; Q         ;                ; pollard:pollard0|lpm_mult:Mult0|mult_uht:auto_generated|mac_mult17  ; DATAB            ;                       ;
; pollard:pollard0|x[151]~_Duplicate_1 ; Duplicated      ; Register Packing ; Timing optimization ; Q         ;                ; pollard:pollard0|x[151]~_Duplicate_2                                ; Q                ;                       ;
; pollard:pollard0|x[151]~_Duplicate_2 ; Packed Register ; Register Packing ; Timing optimization ; Q         ;                ; pollard:pollard0|lpm_mult:Mult0|mult_uht:auto_generated|mac_mult243 ; DATAA            ;                       ;
; pollard:pollard0|x[151]~_Duplicate_2 ; Duplicated      ; Register Packing ; Timing optimization ; Q         ;                ; pollard:pollard0|x[151]~_Duplicate_3                                ; Q                ;                       ;
; pollard:pollard0|x[151]~_Duplicate_3 ; Packed Register ; Register Packing ; Timing optimization ; Q         ;                ; pollard:pollard0|lpm_mult:Mult0|mult_uht:auto_generated|mac_mult245 ; DATAA            ;                       ;
; pollard:pollard0|x[151]~_Duplicate_3 ; Duplicated      ; Register Packing ; Timing optimization ; Q         ;                ; pollard:pollard0|x[151]~_Duplicate_4                                ; Q                ;                       ;
; pollard:pollard0|x[151]~_Duplicate_4 ; Packed Register ; Register Packing ; Timing optimization ; Q         ;                ; pollard:pollard0|lpm_mult:Mult0|mult_uht:auto_generated|mac_mult247 ; DATAA            ;                       ;
; pollard:pollard0|x[151]~_Duplicate_4 ; Duplicated      ; Register Packing ; Timing optimization ; Q         ;                ; pollard:pollard0|x[151]~_Duplicate_5                                ; Q                ;                       ;
; pollard:pollard0|x[152]              ; Packed Register ; Register Packing ; Timing optimization ; Q         ;                ; pollard:pollard0|lpm_mult:Mult0|mult_uht:auto_generated|mac_mult241 ; DATAA            ;                       ;
; pollard:pollard0|x[152]              ; Duplicated      ; Register Packing ; Timing optimization ; Q         ;                ; pollard:pollard0|x[152]~_Duplicate_1                                ; Q                ;                       ;
; pollard:pollard0|x[152]~SCLR_LUT     ; Created         ; Register Packing ; Timing optimization ;           ;                ;                                                                     ;                  ;                       ;
; pollard:pollard0|x[152]~_Duplicate_1 ; Packed Register ; Register Packing ; Timing optimization ; Q         ;                ; pollard:pollard0|lpm_mult:Mult0|mult_uht:auto_generated|mac_mult17  ; DATAB            ;                       ;
; pollard:pollard0|x[152]~_Duplicate_1 ; Duplicated      ; Register Packing ; Timing optimization ; Q         ;                ; pollard:pollard0|x[152]~_Duplicate_2                                ; Q                ;                       ;
; pollard:pollard0|x[152]~_Duplicate_2 ; Packed Register ; Register Packing ; Timing optimization ; Q         ;                ; pollard:pollard0|lpm_mult:Mult0|mult_uht:auto_generated|mac_mult243 ; DATAA            ;                       ;
; pollard:pollard0|x[152]~_Duplicate_2 ; Duplicated      ; Register Packing ; Timing optimization ; Q         ;                ; pollard:pollard0|x[152]~_Duplicate_3                                ; Q                ;                       ;
; pollard:pollard0|x[152]~_Duplicate_3 ; Packed Register ; Register Packing ; Timing optimization ; Q         ;                ; pollard:pollard0|lpm_mult:Mult0|mult_uht:auto_generated|mac_mult245 ; DATAA            ;                       ;
; pollard:pollard0|x[152]~_Duplicate_3 ; Duplicated      ; Register Packing ; Timing optimization ; Q         ;                ; pollard:pollard0|x[152]~_Duplicate_4                                ; Q                ;                       ;
; pollard:pollard0|x[152]~_Duplicate_4 ; Packed Register ; Register Packing ; Timing optimization ; Q         ;                ; pollard:pollard0|lpm_mult:Mult0|mult_uht:auto_generated|mac_mult247 ; DATAA            ;                       ;
; pollard:pollard0|x[152]~_Duplicate_4 ; Duplicated      ; Register Packing ; Timing optimization ; Q         ;                ; pollard:pollard0|x[152]~_Duplicate_5                                ; Q                ;                       ;
; pollard:pollard0|x[153]              ; Packed Register ; Register Packing ; Timing optimization ; Q         ;                ; pollard:pollard0|lpm_mult:Mult0|mult_uht:auto_generated|mac_mult241 ; DATAA            ;                       ;
; pollard:pollard0|x[153]              ; Duplicated      ; Register Packing ; Timing optimization ; Q         ;                ; pollard:pollard0|x[153]~_Duplicate_1                                ; Q                ;                       ;
; pollard:pollard0|x[153]~SCLR_LUT     ; Created         ; Register Packing ; Timing optimization ;           ;                ;                                                                     ;                  ;                       ;
; pollard:pollard0|x[153]~_Duplicate_1 ; Packed Register ; Register Packing ; Timing optimization ; Q         ;                ; pollard:pollard0|lpm_mult:Mult0|mult_uht:auto_generated|mac_mult17  ; DATAB            ;                       ;
; pollard:pollard0|x[153]~_Duplicate_1 ; Duplicated      ; Register Packing ; Timing optimization ; Q         ;                ; pollard:pollard0|x[153]~_Duplicate_2                                ; Q                ;                       ;
; pollard:pollard0|x[153]~_Duplicate_2 ; Packed Register ; Register Packing ; Timing optimization ; Q         ;                ; pollard:pollard0|lpm_mult:Mult0|mult_uht:auto_generated|mac_mult243 ; DATAA            ;                       ;
; pollard:pollard0|x[153]~_Duplicate_2 ; Duplicated      ; Register Packing ; Timing optimization ; Q         ;                ; pollard:pollard0|x[153]~_Duplicate_3                                ; Q                ;                       ;
; pollard:pollard0|x[153]~_Duplicate_3 ; Packed Register ; Register Packing ; Timing optimization ; Q         ;                ; pollard:pollard0|lpm_mult:Mult0|mult_uht:auto_generated|mac_mult245 ; DATAA            ;                       ;
; pollard:pollard0|x[153]~_Duplicate_3 ; Duplicated      ; Register Packing ; Timing optimization ; Q         ;                ; pollard:pollard0|x[153]~_Duplicate_4                                ; Q                ;                       ;
; pollard:pollard0|x[153]~_Duplicate_4 ; Packed Register ; Register Packing ; Timing optimization ; Q         ;                ; pollard:pollard0|lpm_mult:Mult0|mult_uht:auto_generated|mac_mult247 ; DATAA            ;                       ;
; pollard:pollard0|x[153]~_Duplicate_4 ; Duplicated      ; Register Packing ; Timing optimization ; Q         ;                ; pollard:pollard0|x[153]~_Duplicate_5                                ; Q                ;                       ;
; pollard:pollard0|x[154]              ; Packed Register ; Register Packing ; Timing optimization ; Q         ;                ; pollard:pollard0|lpm_mult:Mult0|mult_uht:auto_generated|mac_mult241 ; DATAA            ;                       ;
; pollard:pollard0|x[154]              ; Duplicated      ; Register Packing ; Timing optimization ; Q         ;                ; pollard:pollard0|x[154]~_Duplicate_1                                ; Q                ;                       ;
; pollard:pollard0|x[154]~SCLR_LUT     ; Created         ; Register Packing ; Timing optimization ;           ;                ;                                                                     ;                  ;                       ;
; pollard:pollard0|x[154]~_Duplicate_1 ; Packed Register ; Register Packing ; Timing optimization ; Q         ;                ; pollard:pollard0|lpm_mult:Mult0|mult_uht:auto_generated|mac_mult17  ; DATAB            ;                       ;
; pollard:pollard0|x[154]~_Duplicate_1 ; Duplicated      ; Register Packing ; Timing optimization ; Q         ;                ; pollard:pollard0|x[154]~_Duplicate_2                                ; Q                ;                       ;
; pollard:pollard0|x[154]~_Duplicate_2 ; Packed Register ; Register Packing ; Timing optimization ; Q         ;                ; pollard:pollard0|lpm_mult:Mult0|mult_uht:auto_generated|mac_mult243 ; DATAA            ;                       ;
; pollard:pollard0|x[154]~_Duplicate_2 ; Duplicated      ; Register Packing ; Timing optimization ; Q         ;                ; pollard:pollard0|x[154]~_Duplicate_3                                ; Q                ;                       ;
; pollard:pollard0|x[154]~_Duplicate_3 ; Packed Register ; Register Packing ; Timing optimization ; Q         ;                ; pollard:pollard0|lpm_mult:Mult0|mult_uht:auto_generated|mac_mult245 ; DATAA            ;                       ;
; pollard:pollard0|x[154]~_Duplicate_3 ; Duplicated      ; Register Packing ; Timing optimization ; Q         ;                ; pollard:pollard0|x[154]~_Duplicate_4                                ; Q                ;                       ;
; pollard:pollard0|x[154]~_Duplicate_4 ; Packed Register ; Register Packing ; Timing optimization ; Q         ;                ; pollard:pollard0|lpm_mult:Mult0|mult_uht:auto_generated|mac_mult247 ; DATAA            ;                       ;
; pollard:pollard0|x[154]~_Duplicate_4 ; Duplicated      ; Register Packing ; Timing optimization ; Q         ;                ; pollard:pollard0|x[154]~_Duplicate_5                                ; Q                ;                       ;
; pollard:pollard0|x[155]              ; Packed Register ; Register Packing ; Timing optimization ; Q         ;                ; pollard:pollard0|lpm_mult:Mult0|mult_uht:auto_generated|mac_mult241 ; DATAA            ;                       ;
; pollard:pollard0|x[155]              ; Duplicated      ; Register Packing ; Timing optimization ; Q         ;                ; pollard:pollard0|x[155]~_Duplicate_1                                ; Q                ;                       ;
; pollard:pollard0|x[155]~SCLR_LUT     ; Created         ; Register Packing ; Timing optimization ;           ;                ;                                                                     ;                  ;                       ;
; pollard:pollard0|x[155]~_Duplicate_1 ; Packed Register ; Register Packing ; Timing optimization ; Q         ;                ; pollard:pollard0|lpm_mult:Mult0|mult_uht:auto_generated|mac_mult17  ; DATAB            ;                       ;
; pollard:pollard0|x[155]~_Duplicate_1 ; Duplicated      ; Register Packing ; Timing optimization ; Q         ;                ; pollard:pollard0|x[155]~_Duplicate_2                                ; Q                ;                       ;
; pollard:pollard0|x[155]~_Duplicate_2 ; Packed Register ; Register Packing ; Timing optimization ; Q         ;                ; pollard:pollard0|lpm_mult:Mult0|mult_uht:auto_generated|mac_mult243 ; DATAA            ;                       ;
; pollard:pollard0|x[155]~_Duplicate_2 ; Duplicated      ; Register Packing ; Timing optimization ; Q         ;                ; pollard:pollard0|x[155]~_Duplicate_3                                ; Q                ;                       ;
; pollard:pollard0|x[155]~_Duplicate_3 ; Packed Register ; Register Packing ; Timing optimization ; Q         ;                ; pollard:pollard0|lpm_mult:Mult0|mult_uht:auto_generated|mac_mult245 ; DATAA            ;                       ;
; pollard:pollard0|x[155]~_Duplicate_3 ; Duplicated      ; Register Packing ; Timing optimization ; Q         ;                ; pollard:pollard0|x[155]~_Duplicate_4                                ; Q                ;                       ;
; pollard:pollard0|x[155]~_Duplicate_4 ; Packed Register ; Register Packing ; Timing optimization ; Q         ;                ; pollard:pollard0|lpm_mult:Mult0|mult_uht:auto_generated|mac_mult247 ; DATAA            ;                       ;
; pollard:pollard0|x[155]~_Duplicate_4 ; Duplicated      ; Register Packing ; Timing optimization ; Q         ;                ; pollard:pollard0|x[155]~_Duplicate_5                                ; Q                ;                       ;
; pollard:pollard0|x[156]              ; Packed Register ; Register Packing ; Timing optimization ; Q         ;                ; pollard:pollard0|lpm_mult:Mult0|mult_uht:auto_generated|mac_mult241 ; DATAA            ;                       ;
; pollard:pollard0|x[156]              ; Duplicated      ; Register Packing ; Timing optimization ; Q         ;                ; pollard:pollard0|x[156]~_Duplicate_1                                ; Q                ;                       ;
; pollard:pollard0|x[156]~SCLR_LUT     ; Created         ; Register Packing ; Timing optimization ;           ;                ;                                                                     ;                  ;                       ;
; pollard:pollard0|x[156]~_Duplicate_1 ; Packed Register ; Register Packing ; Timing optimization ; Q         ;                ; pollard:pollard0|lpm_mult:Mult0|mult_uht:auto_generated|mac_mult17  ; DATAB            ;                       ;
; pollard:pollard0|x[156]~_Duplicate_1 ; Duplicated      ; Register Packing ; Timing optimization ; Q         ;                ; pollard:pollard0|x[156]~_Duplicate_2                                ; Q                ;                       ;
; pollard:pollard0|x[156]~_Duplicate_2 ; Packed Register ; Register Packing ; Timing optimization ; Q         ;                ; pollard:pollard0|lpm_mult:Mult0|mult_uht:auto_generated|mac_mult243 ; DATAA            ;                       ;
; pollard:pollard0|x[156]~_Duplicate_2 ; Duplicated      ; Register Packing ; Timing optimization ; Q         ;                ; pollard:pollard0|x[156]~_Duplicate_3                                ; Q                ;                       ;
; pollard:pollard0|x[156]~_Duplicate_3 ; Packed Register ; Register Packing ; Timing optimization ; Q         ;                ; pollard:pollard0|lpm_mult:Mult0|mult_uht:auto_generated|mac_mult245 ; DATAA            ;                       ;
; pollard:pollard0|x[156]~_Duplicate_3 ; Duplicated      ; Register Packing ; Timing optimization ; Q         ;                ; pollard:pollard0|x[156]~_Duplicate_4                                ; Q                ;                       ;
; pollard:pollard0|x[156]~_Duplicate_4 ; Packed Register ; Register Packing ; Timing optimization ; Q         ;                ; pollard:pollard0|lpm_mult:Mult0|mult_uht:auto_generated|mac_mult247 ; DATAA            ;                       ;
; pollard:pollard0|x[156]~_Duplicate_4 ; Duplicated      ; Register Packing ; Timing optimization ; Q         ;                ; pollard:pollard0|x[156]~_Duplicate_5                                ; Q                ;                       ;
; pollard:pollard0|x[157]              ; Packed Register ; Register Packing ; Timing optimization ; Q         ;                ; pollard:pollard0|lpm_mult:Mult0|mult_uht:auto_generated|mac_mult241 ; DATAA            ;                       ;
; pollard:pollard0|x[157]              ; Duplicated      ; Register Packing ; Timing optimization ; Q         ;                ; pollard:pollard0|x[157]~_Duplicate_1                                ; Q                ;                       ;
; pollard:pollard0|x[157]~SCLR_LUT     ; Created         ; Register Packing ; Timing optimization ;           ;                ;                                                                     ;                  ;                       ;
; pollard:pollard0|x[157]~_Duplicate_1 ; Packed Register ; Register Packing ; Timing optimization ; Q         ;                ; pollard:pollard0|lpm_mult:Mult0|mult_uht:auto_generated|mac_mult17  ; DATAB            ;                       ;
; pollard:pollard0|x[157]~_Duplicate_1 ; Duplicated      ; Register Packing ; Timing optimization ; Q         ;                ; pollard:pollard0|x[157]~_Duplicate_2                                ; Q                ;                       ;
; pollard:pollard0|x[157]~_Duplicate_2 ; Packed Register ; Register Packing ; Timing optimization ; Q         ;                ; pollard:pollard0|lpm_mult:Mult0|mult_uht:auto_generated|mac_mult243 ; DATAA            ;                       ;
; pollard:pollard0|x[157]~_Duplicate_2 ; Duplicated      ; Register Packing ; Timing optimization ; Q         ;                ; pollard:pollard0|x[157]~_Duplicate_3                                ; Q                ;                       ;
; pollard:pollard0|x[157]~_Duplicate_3 ; Packed Register ; Register Packing ; Timing optimization ; Q         ;                ; pollard:pollard0|lpm_mult:Mult0|mult_uht:auto_generated|mac_mult245 ; DATAA            ;                       ;
; pollard:pollard0|x[157]~_Duplicate_3 ; Duplicated      ; Register Packing ; Timing optimization ; Q         ;                ; pollard:pollard0|x[157]~_Duplicate_4                                ; Q                ;                       ;
; pollard:pollard0|x[157]~_Duplicate_4 ; Packed Register ; Register Packing ; Timing optimization ; Q         ;                ; pollard:pollard0|lpm_mult:Mult0|mult_uht:auto_generated|mac_mult247 ; DATAA            ;                       ;
; pollard:pollard0|x[157]~_Duplicate_4 ; Duplicated      ; Register Packing ; Timing optimization ; Q         ;                ; pollard:pollard0|x[157]~_Duplicate_5                                ; Q                ;                       ;
; pollard:pollard0|x[158]              ; Packed Register ; Register Packing ; Timing optimization ; Q         ;                ; pollard:pollard0|lpm_mult:Mult0|mult_uht:auto_generated|mac_mult241 ; DATAA            ;                       ;
; pollard:pollard0|x[158]              ; Duplicated      ; Register Packing ; Timing optimization ; Q         ;                ; pollard:pollard0|x[158]~_Duplicate_1                                ; Q                ;                       ;
; pollard:pollard0|x[158]~SCLR_LUT     ; Created         ; Register Packing ; Timing optimization ;           ;                ;                                                                     ;                  ;                       ;
; pollard:pollard0|x[158]~_Duplicate_1 ; Packed Register ; Register Packing ; Timing optimization ; Q         ;                ; pollard:pollard0|lpm_mult:Mult0|mult_uht:auto_generated|mac_mult17  ; DATAB            ;                       ;
; pollard:pollard0|x[158]~_Duplicate_1 ; Duplicated      ; Register Packing ; Timing optimization ; Q         ;                ; pollard:pollard0|x[158]~_Duplicate_2                                ; Q                ;                       ;
; pollard:pollard0|x[158]~_Duplicate_2 ; Packed Register ; Register Packing ; Timing optimization ; Q         ;                ; pollard:pollard0|lpm_mult:Mult0|mult_uht:auto_generated|mac_mult243 ; DATAA            ;                       ;
; pollard:pollard0|x[158]~_Duplicate_2 ; Duplicated      ; Register Packing ; Timing optimization ; Q         ;                ; pollard:pollard0|x[158]~_Duplicate_3                                ; Q                ;                       ;
; pollard:pollard0|x[158]~_Duplicate_3 ; Packed Register ; Register Packing ; Timing optimization ; Q         ;                ; pollard:pollard0|lpm_mult:Mult0|mult_uht:auto_generated|mac_mult245 ; DATAA            ;                       ;
; pollard:pollard0|x[158]~_Duplicate_3 ; Duplicated      ; Register Packing ; Timing optimization ; Q         ;                ; pollard:pollard0|x[158]~_Duplicate_4                                ; Q                ;                       ;
; pollard:pollard0|x[158]~_Duplicate_4 ; Packed Register ; Register Packing ; Timing optimization ; Q         ;                ; pollard:pollard0|lpm_mult:Mult0|mult_uht:auto_generated|mac_mult247 ; DATAA            ;                       ;
; pollard:pollard0|x[158]~_Duplicate_4 ; Duplicated      ; Register Packing ; Timing optimization ; Q         ;                ; pollard:pollard0|x[158]~_Duplicate_5                                ; Q                ;                       ;
; pollard:pollard0|x[159]              ; Packed Register ; Register Packing ; Timing optimization ; Q         ;                ; pollard:pollard0|lpm_mult:Mult0|mult_uht:auto_generated|mac_mult241 ; DATAA            ;                       ;
; pollard:pollard0|x[159]              ; Duplicated      ; Register Packing ; Timing optimization ; Q         ;                ; pollard:pollard0|x[159]~_Duplicate_1                                ; Q                ;                       ;
; pollard:pollard0|x[159]~SCLR_LUT     ; Created         ; Register Packing ; Timing optimization ;           ;                ;                                                                     ;                  ;                       ;
; pollard:pollard0|x[159]~_Duplicate_1 ; Packed Register ; Register Packing ; Timing optimization ; Q         ;                ; pollard:pollard0|lpm_mult:Mult0|mult_uht:auto_generated|mac_mult17  ; DATAB            ;                       ;
; pollard:pollard0|x[159]~_Duplicate_1 ; Duplicated      ; Register Packing ; Timing optimization ; Q         ;                ; pollard:pollard0|x[159]~_Duplicate_2                                ; Q                ;                       ;
; pollard:pollard0|x[159]~_Duplicate_2 ; Packed Register ; Register Packing ; Timing optimization ; Q         ;                ; pollard:pollard0|lpm_mult:Mult0|mult_uht:auto_generated|mac_mult243 ; DATAA            ;                       ;
; pollard:pollard0|x[159]~_Duplicate_2 ; Duplicated      ; Register Packing ; Timing optimization ; Q         ;                ; pollard:pollard0|x[159]~_Duplicate_3                                ; Q                ;                       ;
; pollard:pollard0|x[159]~_Duplicate_3 ; Packed Register ; Register Packing ; Timing optimization ; Q         ;                ; pollard:pollard0|lpm_mult:Mult0|mult_uht:auto_generated|mac_mult245 ; DATAA            ;                       ;
; pollard:pollard0|x[159]~_Duplicate_3 ; Duplicated      ; Register Packing ; Timing optimization ; Q         ;                ; pollard:pollard0|x[159]~_Duplicate_4                                ; Q                ;                       ;
; pollard:pollard0|x[159]~_Duplicate_4 ; Packed Register ; Register Packing ; Timing optimization ; Q         ;                ; pollard:pollard0|lpm_mult:Mult0|mult_uht:auto_generated|mac_mult247 ; DATAA            ;                       ;
; pollard:pollard0|x[159]~_Duplicate_4 ; Duplicated      ; Register Packing ; Timing optimization ; Q         ;                ; pollard:pollard0|x[159]~_Duplicate_5                                ; Q                ;                       ;
; pollard:pollard0|x[160]              ; Packed Register ; Register Packing ; Timing optimization ; Q         ;                ; pollard:pollard0|lpm_mult:Mult0|mult_uht:auto_generated|mac_mult241 ; DATAA            ;                       ;
; pollard:pollard0|x[160]              ; Duplicated      ; Register Packing ; Timing optimization ; Q         ;                ; pollard:pollard0|x[160]~_Duplicate_1                                ; Q                ;                       ;
; pollard:pollard0|x[160]~SCLR_LUT     ; Created         ; Register Packing ; Timing optimization ;           ;                ;                                                                     ;                  ;                       ;
; pollard:pollard0|x[160]~_Duplicate_1 ; Packed Register ; Register Packing ; Timing optimization ; Q         ;                ; pollard:pollard0|lpm_mult:Mult0|mult_uht:auto_generated|mac_mult17  ; DATAB            ;                       ;
; pollard:pollard0|x[160]~_Duplicate_1 ; Duplicated      ; Register Packing ; Timing optimization ; Q         ;                ; pollard:pollard0|x[160]~_Duplicate_2                                ; Q                ;                       ;
; pollard:pollard0|x[160]~_Duplicate_2 ; Packed Register ; Register Packing ; Timing optimization ; Q         ;                ; pollard:pollard0|lpm_mult:Mult0|mult_uht:auto_generated|mac_mult243 ; DATAA            ;                       ;
; pollard:pollard0|x[160]~_Duplicate_2 ; Duplicated      ; Register Packing ; Timing optimization ; Q         ;                ; pollard:pollard0|x[160]~_Duplicate_3                                ; Q                ;                       ;
; pollard:pollard0|x[160]~_Duplicate_3 ; Packed Register ; Register Packing ; Timing optimization ; Q         ;                ; pollard:pollard0|lpm_mult:Mult0|mult_uht:auto_generated|mac_mult245 ; DATAA            ;                       ;
; pollard:pollard0|x[160]~_Duplicate_3 ; Duplicated      ; Register Packing ; Timing optimization ; Q         ;                ; pollard:pollard0|x[160]~_Duplicate_4                                ; Q                ;                       ;
; pollard:pollard0|x[160]~_Duplicate_4 ; Packed Register ; Register Packing ; Timing optimization ; Q         ;                ; pollard:pollard0|lpm_mult:Mult0|mult_uht:auto_generated|mac_mult247 ; DATAA            ;                       ;
; pollard:pollard0|x[160]~_Duplicate_4 ; Duplicated      ; Register Packing ; Timing optimization ; Q         ;                ; pollard:pollard0|x[160]~_Duplicate_5                                ; Q                ;                       ;
; pollard:pollard0|x[161]              ; Packed Register ; Register Packing ; Timing optimization ; Q         ;                ; pollard:pollard0|lpm_mult:Mult0|mult_uht:auto_generated|mac_mult241 ; DATAA            ;                       ;
; pollard:pollard0|x[161]              ; Duplicated      ; Register Packing ; Timing optimization ; Q         ;                ; pollard:pollard0|x[161]~_Duplicate_1                                ; Q                ;                       ;
; pollard:pollard0|x[161]~SCLR_LUT     ; Created         ; Register Packing ; Timing optimization ;           ;                ;                                                                     ;                  ;                       ;
; pollard:pollard0|x[161]~_Duplicate_1 ; Packed Register ; Register Packing ; Timing optimization ; Q         ;                ; pollard:pollard0|lpm_mult:Mult0|mult_uht:auto_generated|mac_mult17  ; DATAB            ;                       ;
; pollard:pollard0|x[161]~_Duplicate_1 ; Duplicated      ; Register Packing ; Timing optimization ; Q         ;                ; pollard:pollard0|x[161]~_Duplicate_2                                ; Q                ;                       ;
; pollard:pollard0|x[161]~_Duplicate_2 ; Packed Register ; Register Packing ; Timing optimization ; Q         ;                ; pollard:pollard0|lpm_mult:Mult0|mult_uht:auto_generated|mac_mult243 ; DATAA            ;                       ;
; pollard:pollard0|x[161]~_Duplicate_2 ; Duplicated      ; Register Packing ; Timing optimization ; Q         ;                ; pollard:pollard0|x[161]~_Duplicate_3                                ; Q                ;                       ;
; pollard:pollard0|x[161]~_Duplicate_3 ; Packed Register ; Register Packing ; Timing optimization ; Q         ;                ; pollard:pollard0|lpm_mult:Mult0|mult_uht:auto_generated|mac_mult245 ; DATAA            ;                       ;
; pollard:pollard0|x[161]~_Duplicate_3 ; Duplicated      ; Register Packing ; Timing optimization ; Q         ;                ; pollard:pollard0|x[161]~_Duplicate_4                                ; Q                ;                       ;
; pollard:pollard0|x[161]~_Duplicate_4 ; Packed Register ; Register Packing ; Timing optimization ; Q         ;                ; pollard:pollard0|lpm_mult:Mult0|mult_uht:auto_generated|mac_mult247 ; DATAA            ;                       ;
; pollard:pollard0|x[161]~_Duplicate_4 ; Duplicated      ; Register Packing ; Timing optimization ; Q         ;                ; pollard:pollard0|x[161]~_Duplicate_5                                ; Q                ;                       ;
; pollard:pollard0|x[162]              ; Packed Register ; Register Packing ; Timing optimization ; Q         ;                ; pollard:pollard0|lpm_mult:Mult0|mult_uht:auto_generated|mac_mult271 ; DATAA            ;                       ;
; pollard:pollard0|x[162]              ; Duplicated      ; Register Packing ; Timing optimization ; Q         ;                ; pollard:pollard0|x[162]~_Duplicate_1                                ; Q                ;                       ;
; pollard:pollard0|x[162]~SCLR_LUT     ; Created         ; Register Packing ; Timing optimization ;           ;                ;                                                                     ;                  ;                       ;
; pollard:pollard0|x[162]~_Duplicate_1 ; Packed Register ; Register Packing ; Timing optimization ; Q         ;                ; pollard:pollard0|lpm_mult:Mult0|mult_uht:auto_generated|mac_mult19  ; DATAB            ;                       ;
; pollard:pollard0|x[162]~_Duplicate_1 ; Duplicated      ; Register Packing ; Timing optimization ; Q         ;                ; pollard:pollard0|x[162]~_Duplicate_2                                ; Q                ;                       ;
; pollard:pollard0|x[162]~_Duplicate_2 ; Packed Register ; Register Packing ; Timing optimization ; Q         ;                ; pollard:pollard0|lpm_mult:Mult0|mult_uht:auto_generated|mac_mult273 ; DATAA            ;                       ;
; pollard:pollard0|x[162]~_Duplicate_2 ; Duplicated      ; Register Packing ; Timing optimization ; Q         ;                ; pollard:pollard0|x[162]~_Duplicate_3                                ; Q                ;                       ;
; pollard:pollard0|x[162]~_Duplicate_3 ; Packed Register ; Register Packing ; Timing optimization ; Q         ;                ; pollard:pollard0|lpm_mult:Mult0|mult_uht:auto_generated|mac_mult49  ; DATAB            ;                       ;
; pollard:pollard0|x[162]~_Duplicate_3 ; Duplicated      ; Register Packing ; Timing optimization ; Q         ;                ; pollard:pollard0|x[162]~_Duplicate_4                                ; Q                ;                       ;
; pollard:pollard0|x[162]~_Duplicate_4 ; Packed Register ; Register Packing ; Timing optimization ; Q         ;                ; pollard:pollard0|lpm_mult:Mult0|mult_uht:auto_generated|mac_mult275 ; DATAA            ;                       ;
; pollard:pollard0|x[162]~_Duplicate_4 ; Duplicated      ; Register Packing ; Timing optimization ; Q         ;                ; pollard:pollard0|x[162]~_Duplicate_5                                ; Q                ;                       ;
; pollard:pollard0|x[162]~_Duplicate_5 ; Packed Register ; Register Packing ; Timing optimization ; Q         ;                ; pollard:pollard0|lpm_mult:Mult0|mult_uht:auto_generated|mac_mult79  ; DATAB            ;                       ;
; pollard:pollard0|x[162]~_Duplicate_5 ; Duplicated      ; Register Packing ; Timing optimization ; Q         ;                ; pollard:pollard0|x[162]~_Duplicate_6                                ; Q                ;                       ;
; pollard:pollard0|x[163]              ; Packed Register ; Register Packing ; Timing optimization ; Q         ;                ; pollard:pollard0|lpm_mult:Mult0|mult_uht:auto_generated|mac_mult271 ; DATAA            ;                       ;
; pollard:pollard0|x[163]              ; Duplicated      ; Register Packing ; Timing optimization ; Q         ;                ; pollard:pollard0|x[163]~_Duplicate_1                                ; Q                ;                       ;
; pollard:pollard0|x[163]~SCLR_LUT     ; Created         ; Register Packing ; Timing optimization ;           ;                ;                                                                     ;                  ;                       ;
; pollard:pollard0|x[163]~_Duplicate_1 ; Packed Register ; Register Packing ; Timing optimization ; Q         ;                ; pollard:pollard0|lpm_mult:Mult0|mult_uht:auto_generated|mac_mult19  ; DATAB            ;                       ;
; pollard:pollard0|x[163]~_Duplicate_1 ; Duplicated      ; Register Packing ; Timing optimization ; Q         ;                ; pollard:pollard0|x[163]~_Duplicate_2                                ; Q                ;                       ;
; pollard:pollard0|x[163]~_Duplicate_2 ; Packed Register ; Register Packing ; Timing optimization ; Q         ;                ; pollard:pollard0|lpm_mult:Mult0|mult_uht:auto_generated|mac_mult273 ; DATAA            ;                       ;
; pollard:pollard0|x[163]~_Duplicate_2 ; Duplicated      ; Register Packing ; Timing optimization ; Q         ;                ; pollard:pollard0|x[163]~_Duplicate_3                                ; Q                ;                       ;
; pollard:pollard0|x[163]~_Duplicate_3 ; Packed Register ; Register Packing ; Timing optimization ; Q         ;                ; pollard:pollard0|lpm_mult:Mult0|mult_uht:auto_generated|mac_mult49  ; DATAB            ;                       ;
; pollard:pollard0|x[163]~_Duplicate_3 ; Duplicated      ; Register Packing ; Timing optimization ; Q         ;                ; pollard:pollard0|x[163]~_Duplicate_4                                ; Q                ;                       ;
; pollard:pollard0|x[163]~_Duplicate_4 ; Packed Register ; Register Packing ; Timing optimization ; Q         ;                ; pollard:pollard0|lpm_mult:Mult0|mult_uht:auto_generated|mac_mult275 ; DATAA            ;                       ;
; pollard:pollard0|x[163]~_Duplicate_4 ; Duplicated      ; Register Packing ; Timing optimization ; Q         ;                ; pollard:pollard0|x[163]~_Duplicate_5                                ; Q                ;                       ;
; pollard:pollard0|x[163]~_Duplicate_5 ; Packed Register ; Register Packing ; Timing optimization ; Q         ;                ; pollard:pollard0|lpm_mult:Mult0|mult_uht:auto_generated|mac_mult79  ; DATAB            ;                       ;
; pollard:pollard0|x[163]~_Duplicate_5 ; Duplicated      ; Register Packing ; Timing optimization ; Q         ;                ; pollard:pollard0|x[163]~_Duplicate_6                                ; Q                ;                       ;
; pollard:pollard0|x[164]              ; Packed Register ; Register Packing ; Timing optimization ; Q         ;                ; pollard:pollard0|lpm_mult:Mult0|mult_uht:auto_generated|mac_mult271 ; DATAA            ;                       ;
; pollard:pollard0|x[164]              ; Duplicated      ; Register Packing ; Timing optimization ; Q         ;                ; pollard:pollard0|x[164]~_Duplicate_1                                ; Q                ;                       ;
; pollard:pollard0|x[164]~SCLR_LUT     ; Created         ; Register Packing ; Timing optimization ;           ;                ;                                                                     ;                  ;                       ;
; pollard:pollard0|x[164]~_Duplicate_1 ; Packed Register ; Register Packing ; Timing optimization ; Q         ;                ; pollard:pollard0|lpm_mult:Mult0|mult_uht:auto_generated|mac_mult19  ; DATAB            ;                       ;
; pollard:pollard0|x[164]~_Duplicate_1 ; Duplicated      ; Register Packing ; Timing optimization ; Q         ;                ; pollard:pollard0|x[164]~_Duplicate_2                                ; Q                ;                       ;
; pollard:pollard0|x[164]~_Duplicate_2 ; Packed Register ; Register Packing ; Timing optimization ; Q         ;                ; pollard:pollard0|lpm_mult:Mult0|mult_uht:auto_generated|mac_mult273 ; DATAA            ;                       ;
; pollard:pollard0|x[164]~_Duplicate_2 ; Duplicated      ; Register Packing ; Timing optimization ; Q         ;                ; pollard:pollard0|x[164]~_Duplicate_3                                ; Q                ;                       ;
; pollard:pollard0|x[164]~_Duplicate_3 ; Packed Register ; Register Packing ; Timing optimization ; Q         ;                ; pollard:pollard0|lpm_mult:Mult0|mult_uht:auto_generated|mac_mult49  ; DATAB            ;                       ;
; pollard:pollard0|x[164]~_Duplicate_3 ; Duplicated      ; Register Packing ; Timing optimization ; Q         ;                ; pollard:pollard0|x[164]~_Duplicate_4                                ; Q                ;                       ;
; pollard:pollard0|x[164]~_Duplicate_4 ; Packed Register ; Register Packing ; Timing optimization ; Q         ;                ; pollard:pollard0|lpm_mult:Mult0|mult_uht:auto_generated|mac_mult275 ; DATAA            ;                       ;
; pollard:pollard0|x[164]~_Duplicate_4 ; Duplicated      ; Register Packing ; Timing optimization ; Q         ;                ; pollard:pollard0|x[164]~_Duplicate_5                                ; Q                ;                       ;
; pollard:pollard0|x[164]~_Duplicate_5 ; Packed Register ; Register Packing ; Timing optimization ; Q         ;                ; pollard:pollard0|lpm_mult:Mult0|mult_uht:auto_generated|mac_mult79  ; DATAB            ;                       ;
; pollard:pollard0|x[164]~_Duplicate_5 ; Duplicated      ; Register Packing ; Timing optimization ; Q         ;                ; pollard:pollard0|x[164]~_Duplicate_6                                ; Q                ;                       ;
; pollard:pollard0|x[165]              ; Packed Register ; Register Packing ; Timing optimization ; Q         ;                ; pollard:pollard0|lpm_mult:Mult0|mult_uht:auto_generated|mac_mult271 ; DATAA            ;                       ;
; pollard:pollard0|x[165]              ; Duplicated      ; Register Packing ; Timing optimization ; Q         ;                ; pollard:pollard0|x[165]~_Duplicate_1                                ; Q                ;                       ;
; pollard:pollard0|x[165]~SCLR_LUT     ; Created         ; Register Packing ; Timing optimization ;           ;                ;                                                                     ;                  ;                       ;
; pollard:pollard0|x[165]~_Duplicate_1 ; Packed Register ; Register Packing ; Timing optimization ; Q         ;                ; pollard:pollard0|lpm_mult:Mult0|mult_uht:auto_generated|mac_mult19  ; DATAB            ;                       ;
; pollard:pollard0|x[165]~_Duplicate_1 ; Duplicated      ; Register Packing ; Timing optimization ; Q         ;                ; pollard:pollard0|x[165]~_Duplicate_2                                ; Q                ;                       ;
; pollard:pollard0|x[165]~_Duplicate_2 ; Packed Register ; Register Packing ; Timing optimization ; Q         ;                ; pollard:pollard0|lpm_mult:Mult0|mult_uht:auto_generated|mac_mult273 ; DATAA            ;                       ;
; pollard:pollard0|x[165]~_Duplicate_2 ; Duplicated      ; Register Packing ; Timing optimization ; Q         ;                ; pollard:pollard0|x[165]~_Duplicate_3                                ; Q                ;                       ;
; pollard:pollard0|x[165]~_Duplicate_3 ; Packed Register ; Register Packing ; Timing optimization ; Q         ;                ; pollard:pollard0|lpm_mult:Mult0|mult_uht:auto_generated|mac_mult49  ; DATAB            ;                       ;
; pollard:pollard0|x[165]~_Duplicate_3 ; Duplicated      ; Register Packing ; Timing optimization ; Q         ;                ; pollard:pollard0|x[165]~_Duplicate_4                                ; Q                ;                       ;
; pollard:pollard0|x[165]~_Duplicate_4 ; Packed Register ; Register Packing ; Timing optimization ; Q         ;                ; pollard:pollard0|lpm_mult:Mult0|mult_uht:auto_generated|mac_mult275 ; DATAA            ;                       ;
; pollard:pollard0|x[165]~_Duplicate_4 ; Duplicated      ; Register Packing ; Timing optimization ; Q         ;                ; pollard:pollard0|x[165]~_Duplicate_5                                ; Q                ;                       ;
; pollard:pollard0|x[165]~_Duplicate_5 ; Packed Register ; Register Packing ; Timing optimization ; Q         ;                ; pollard:pollard0|lpm_mult:Mult0|mult_uht:auto_generated|mac_mult79  ; DATAB            ;                       ;
; pollard:pollard0|x[165]~_Duplicate_5 ; Duplicated      ; Register Packing ; Timing optimization ; Q         ;                ; pollard:pollard0|x[165]~_Duplicate_6                                ; Q                ;                       ;
; pollard:pollard0|x[166]              ; Packed Register ; Register Packing ; Timing optimization ; Q         ;                ; pollard:pollard0|lpm_mult:Mult0|mult_uht:auto_generated|mac_mult271 ; DATAA            ;                       ;
; pollard:pollard0|x[166]              ; Duplicated      ; Register Packing ; Timing optimization ; Q         ;                ; pollard:pollard0|x[166]~_Duplicate_1                                ; Q                ;                       ;
; pollard:pollard0|x[166]~SCLR_LUT     ; Created         ; Register Packing ; Timing optimization ;           ;                ;                                                                     ;                  ;                       ;
; pollard:pollard0|x[166]~_Duplicate_1 ; Packed Register ; Register Packing ; Timing optimization ; Q         ;                ; pollard:pollard0|lpm_mult:Mult0|mult_uht:auto_generated|mac_mult19  ; DATAB            ;                       ;
; pollard:pollard0|x[166]~_Duplicate_1 ; Duplicated      ; Register Packing ; Timing optimization ; Q         ;                ; pollard:pollard0|x[166]~_Duplicate_2                                ; Q                ;                       ;
; pollard:pollard0|x[166]~_Duplicate_2 ; Packed Register ; Register Packing ; Timing optimization ; Q         ;                ; pollard:pollard0|lpm_mult:Mult0|mult_uht:auto_generated|mac_mult273 ; DATAA            ;                       ;
; pollard:pollard0|x[166]~_Duplicate_2 ; Duplicated      ; Register Packing ; Timing optimization ; Q         ;                ; pollard:pollard0|x[166]~_Duplicate_3                                ; Q                ;                       ;
; pollard:pollard0|x[166]~_Duplicate_3 ; Packed Register ; Register Packing ; Timing optimization ; Q         ;                ; pollard:pollard0|lpm_mult:Mult0|mult_uht:auto_generated|mac_mult49  ; DATAB            ;                       ;
; pollard:pollard0|x[166]~_Duplicate_3 ; Duplicated      ; Register Packing ; Timing optimization ; Q         ;                ; pollard:pollard0|x[166]~_Duplicate_4                                ; Q                ;                       ;
; pollard:pollard0|x[166]~_Duplicate_4 ; Packed Register ; Register Packing ; Timing optimization ; Q         ;                ; pollard:pollard0|lpm_mult:Mult0|mult_uht:auto_generated|mac_mult275 ; DATAA            ;                       ;
; pollard:pollard0|x[166]~_Duplicate_4 ; Duplicated      ; Register Packing ; Timing optimization ; Q         ;                ; pollard:pollard0|x[166]~_Duplicate_5                                ; Q                ;                       ;
; pollard:pollard0|x[166]~_Duplicate_5 ; Packed Register ; Register Packing ; Timing optimization ; Q         ;                ; pollard:pollard0|lpm_mult:Mult0|mult_uht:auto_generated|mac_mult79  ; DATAB            ;                       ;
; pollard:pollard0|x[166]~_Duplicate_5 ; Duplicated      ; Register Packing ; Timing optimization ; Q         ;                ; pollard:pollard0|x[166]~_Duplicate_6                                ; Q                ;                       ;
; pollard:pollard0|x[167]              ; Packed Register ; Register Packing ; Timing optimization ; Q         ;                ; pollard:pollard0|lpm_mult:Mult0|mult_uht:auto_generated|mac_mult271 ; DATAA            ;                       ;
; pollard:pollard0|x[167]              ; Duplicated      ; Register Packing ; Timing optimization ; Q         ;                ; pollard:pollard0|x[167]~_Duplicate_1                                ; Q                ;                       ;
; pollard:pollard0|x[167]~SCLR_LUT     ; Created         ; Register Packing ; Timing optimization ;           ;                ;                                                                     ;                  ;                       ;
; pollard:pollard0|x[167]~_Duplicate_1 ; Packed Register ; Register Packing ; Timing optimization ; Q         ;                ; pollard:pollard0|lpm_mult:Mult0|mult_uht:auto_generated|mac_mult19  ; DATAB            ;                       ;
; pollard:pollard0|x[167]~_Duplicate_1 ; Duplicated      ; Register Packing ; Timing optimization ; Q         ;                ; pollard:pollard0|x[167]~_Duplicate_2                                ; Q                ;                       ;
; pollard:pollard0|x[167]~_Duplicate_2 ; Packed Register ; Register Packing ; Timing optimization ; Q         ;                ; pollard:pollard0|lpm_mult:Mult0|mult_uht:auto_generated|mac_mult273 ; DATAA            ;                       ;
; pollard:pollard0|x[167]~_Duplicate_2 ; Duplicated      ; Register Packing ; Timing optimization ; Q         ;                ; pollard:pollard0|x[167]~_Duplicate_3                                ; Q                ;                       ;
; pollard:pollard0|x[167]~_Duplicate_3 ; Packed Register ; Register Packing ; Timing optimization ; Q         ;                ; pollard:pollard0|lpm_mult:Mult0|mult_uht:auto_generated|mac_mult49  ; DATAB            ;                       ;
; pollard:pollard0|x[167]~_Duplicate_3 ; Duplicated      ; Register Packing ; Timing optimization ; Q         ;                ; pollard:pollard0|x[167]~_Duplicate_4                                ; Q                ;                       ;
; pollard:pollard0|x[167]~_Duplicate_4 ; Packed Register ; Register Packing ; Timing optimization ; Q         ;                ; pollard:pollard0|lpm_mult:Mult0|mult_uht:auto_generated|mac_mult275 ; DATAA            ;                       ;
; pollard:pollard0|x[167]~_Duplicate_4 ; Duplicated      ; Register Packing ; Timing optimization ; Q         ;                ; pollard:pollard0|x[167]~_Duplicate_5                                ; Q                ;                       ;
; pollard:pollard0|x[167]~_Duplicate_5 ; Packed Register ; Register Packing ; Timing optimization ; Q         ;                ; pollard:pollard0|lpm_mult:Mult0|mult_uht:auto_generated|mac_mult79  ; DATAB            ;                       ;
; pollard:pollard0|x[167]~_Duplicate_5 ; Duplicated      ; Register Packing ; Timing optimization ; Q         ;                ; pollard:pollard0|x[167]~_Duplicate_6                                ; Q                ;                       ;
; pollard:pollard0|x[168]              ; Packed Register ; Register Packing ; Timing optimization ; Q         ;                ; pollard:pollard0|lpm_mult:Mult0|mult_uht:auto_generated|mac_mult271 ; DATAA            ;                       ;
; pollard:pollard0|x[168]              ; Duplicated      ; Register Packing ; Timing optimization ; Q         ;                ; pollard:pollard0|x[168]~_Duplicate_1                                ; Q                ;                       ;
; pollard:pollard0|x[168]~SCLR_LUT     ; Created         ; Register Packing ; Timing optimization ;           ;                ;                                                                     ;                  ;                       ;
; pollard:pollard0|x[168]~_Duplicate_1 ; Packed Register ; Register Packing ; Timing optimization ; Q         ;                ; pollard:pollard0|lpm_mult:Mult0|mult_uht:auto_generated|mac_mult19  ; DATAB            ;                       ;
; pollard:pollard0|x[168]~_Duplicate_1 ; Duplicated      ; Register Packing ; Timing optimization ; Q         ;                ; pollard:pollard0|x[168]~_Duplicate_2                                ; Q                ;                       ;
; pollard:pollard0|x[168]~_Duplicate_2 ; Packed Register ; Register Packing ; Timing optimization ; Q         ;                ; pollard:pollard0|lpm_mult:Mult0|mult_uht:auto_generated|mac_mult273 ; DATAA            ;                       ;
; pollard:pollard0|x[168]~_Duplicate_2 ; Duplicated      ; Register Packing ; Timing optimization ; Q         ;                ; pollard:pollard0|x[168]~_Duplicate_3                                ; Q                ;                       ;
; pollard:pollard0|x[168]~_Duplicate_3 ; Packed Register ; Register Packing ; Timing optimization ; Q         ;                ; pollard:pollard0|lpm_mult:Mult0|mult_uht:auto_generated|mac_mult49  ; DATAB            ;                       ;
; pollard:pollard0|x[168]~_Duplicate_3 ; Duplicated      ; Register Packing ; Timing optimization ; Q         ;                ; pollard:pollard0|x[168]~_Duplicate_4                                ; Q                ;                       ;
; pollard:pollard0|x[168]~_Duplicate_4 ; Packed Register ; Register Packing ; Timing optimization ; Q         ;                ; pollard:pollard0|lpm_mult:Mult0|mult_uht:auto_generated|mac_mult275 ; DATAA            ;                       ;
; pollard:pollard0|x[168]~_Duplicate_4 ; Duplicated      ; Register Packing ; Timing optimization ; Q         ;                ; pollard:pollard0|x[168]~_Duplicate_5                                ; Q                ;                       ;
; pollard:pollard0|x[168]~_Duplicate_5 ; Packed Register ; Register Packing ; Timing optimization ; Q         ;                ; pollard:pollard0|lpm_mult:Mult0|mult_uht:auto_generated|mac_mult79  ; DATAB            ;                       ;
; pollard:pollard0|x[168]~_Duplicate_5 ; Duplicated      ; Register Packing ; Timing optimization ; Q         ;                ; pollard:pollard0|x[168]~_Duplicate_6                                ; Q                ;                       ;
; pollard:pollard0|x[169]              ; Packed Register ; Register Packing ; Timing optimization ; Q         ;                ; pollard:pollard0|lpm_mult:Mult0|mult_uht:auto_generated|mac_mult271 ; DATAA            ;                       ;
; pollard:pollard0|x[169]              ; Duplicated      ; Register Packing ; Timing optimization ; Q         ;                ; pollard:pollard0|x[169]~_Duplicate_1                                ; Q                ;                       ;
; pollard:pollard0|x[169]~SCLR_LUT     ; Created         ; Register Packing ; Timing optimization ;           ;                ;                                                                     ;                  ;                       ;
; pollard:pollard0|x[169]~_Duplicate_1 ; Packed Register ; Register Packing ; Timing optimization ; Q         ;                ; pollard:pollard0|lpm_mult:Mult0|mult_uht:auto_generated|mac_mult19  ; DATAB            ;                       ;
; pollard:pollard0|x[169]~_Duplicate_1 ; Duplicated      ; Register Packing ; Timing optimization ; Q         ;                ; pollard:pollard0|x[169]~_Duplicate_2                                ; Q                ;                       ;
; pollard:pollard0|x[169]~_Duplicate_2 ; Packed Register ; Register Packing ; Timing optimization ; Q         ;                ; pollard:pollard0|lpm_mult:Mult0|mult_uht:auto_generated|mac_mult273 ; DATAA            ;                       ;
; pollard:pollard0|x[169]~_Duplicate_2 ; Duplicated      ; Register Packing ; Timing optimization ; Q         ;                ; pollard:pollard0|x[169]~_Duplicate_3                                ; Q                ;                       ;
; pollard:pollard0|x[169]~_Duplicate_3 ; Packed Register ; Register Packing ; Timing optimization ; Q         ;                ; pollard:pollard0|lpm_mult:Mult0|mult_uht:auto_generated|mac_mult49  ; DATAB            ;                       ;
; pollard:pollard0|x[169]~_Duplicate_3 ; Duplicated      ; Register Packing ; Timing optimization ; Q         ;                ; pollard:pollard0|x[169]~_Duplicate_4                                ; Q                ;                       ;
; pollard:pollard0|x[169]~_Duplicate_4 ; Packed Register ; Register Packing ; Timing optimization ; Q         ;                ; pollard:pollard0|lpm_mult:Mult0|mult_uht:auto_generated|mac_mult275 ; DATAA            ;                       ;
; pollard:pollard0|x[169]~_Duplicate_4 ; Duplicated      ; Register Packing ; Timing optimization ; Q         ;                ; pollard:pollard0|x[169]~_Duplicate_5                                ; Q                ;                       ;
; pollard:pollard0|x[169]~_Duplicate_5 ; Packed Register ; Register Packing ; Timing optimization ; Q         ;                ; pollard:pollard0|lpm_mult:Mult0|mult_uht:auto_generated|mac_mult79  ; DATAB            ;                       ;
; pollard:pollard0|x[169]~_Duplicate_5 ; Duplicated      ; Register Packing ; Timing optimization ; Q         ;                ; pollard:pollard0|x[169]~_Duplicate_6                                ; Q                ;                       ;
; pollard:pollard0|x[170]              ; Packed Register ; Register Packing ; Timing optimization ; Q         ;                ; pollard:pollard0|lpm_mult:Mult0|mult_uht:auto_generated|mac_mult271 ; DATAA            ;                       ;
; pollard:pollard0|x[170]              ; Duplicated      ; Register Packing ; Timing optimization ; Q         ;                ; pollard:pollard0|x[170]~_Duplicate_1                                ; Q                ;                       ;
; pollard:pollard0|x[170]~SCLR_LUT     ; Created         ; Register Packing ; Timing optimization ;           ;                ;                                                                     ;                  ;                       ;
; pollard:pollard0|x[170]~_Duplicate_1 ; Packed Register ; Register Packing ; Timing optimization ; Q         ;                ; pollard:pollard0|lpm_mult:Mult0|mult_uht:auto_generated|mac_mult19  ; DATAB            ;                       ;
; pollard:pollard0|x[170]~_Duplicate_1 ; Duplicated      ; Register Packing ; Timing optimization ; Q         ;                ; pollard:pollard0|x[170]~_Duplicate_2                                ; Q                ;                       ;
; pollard:pollard0|x[170]~_Duplicate_2 ; Packed Register ; Register Packing ; Timing optimization ; Q         ;                ; pollard:pollard0|lpm_mult:Mult0|mult_uht:auto_generated|mac_mult273 ; DATAA            ;                       ;
; pollard:pollard0|x[170]~_Duplicate_2 ; Duplicated      ; Register Packing ; Timing optimization ; Q         ;                ; pollard:pollard0|x[170]~_Duplicate_3                                ; Q                ;                       ;
; pollard:pollard0|x[170]~_Duplicate_3 ; Packed Register ; Register Packing ; Timing optimization ; Q         ;                ; pollard:pollard0|lpm_mult:Mult0|mult_uht:auto_generated|mac_mult49  ; DATAB            ;                       ;
; pollard:pollard0|x[170]~_Duplicate_3 ; Duplicated      ; Register Packing ; Timing optimization ; Q         ;                ; pollard:pollard0|x[170]~_Duplicate_4                                ; Q                ;                       ;
; pollard:pollard0|x[170]~_Duplicate_4 ; Packed Register ; Register Packing ; Timing optimization ; Q         ;                ; pollard:pollard0|lpm_mult:Mult0|mult_uht:auto_generated|mac_mult275 ; DATAA            ;                       ;
; pollard:pollard0|x[170]~_Duplicate_4 ; Duplicated      ; Register Packing ; Timing optimization ; Q         ;                ; pollard:pollard0|x[170]~_Duplicate_5                                ; Q                ;                       ;
; pollard:pollard0|x[170]~_Duplicate_5 ; Packed Register ; Register Packing ; Timing optimization ; Q         ;                ; pollard:pollard0|lpm_mult:Mult0|mult_uht:auto_generated|mac_mult79  ; DATAB            ;                       ;
; pollard:pollard0|x[170]~_Duplicate_5 ; Duplicated      ; Register Packing ; Timing optimization ; Q         ;                ; pollard:pollard0|x[170]~_Duplicate_6                                ; Q                ;                       ;
; pollard:pollard0|x[171]              ; Packed Register ; Register Packing ; Timing optimization ; Q         ;                ; pollard:pollard0|lpm_mult:Mult0|mult_uht:auto_generated|mac_mult271 ; DATAA            ;                       ;
; pollard:pollard0|x[171]              ; Duplicated      ; Register Packing ; Timing optimization ; Q         ;                ; pollard:pollard0|x[171]~_Duplicate_1                                ; Q                ;                       ;
; pollard:pollard0|x[171]~SCLR_LUT     ; Created         ; Register Packing ; Timing optimization ;           ;                ;                                                                     ;                  ;                       ;
; pollard:pollard0|x[171]~_Duplicate_1 ; Packed Register ; Register Packing ; Timing optimization ; Q         ;                ; pollard:pollard0|lpm_mult:Mult0|mult_uht:auto_generated|mac_mult19  ; DATAB            ;                       ;
; pollard:pollard0|x[171]~_Duplicate_1 ; Duplicated      ; Register Packing ; Timing optimization ; Q         ;                ; pollard:pollard0|x[171]~_Duplicate_2                                ; Q                ;                       ;
; pollard:pollard0|x[171]~_Duplicate_2 ; Packed Register ; Register Packing ; Timing optimization ; Q         ;                ; pollard:pollard0|lpm_mult:Mult0|mult_uht:auto_generated|mac_mult273 ; DATAA            ;                       ;
; pollard:pollard0|x[171]~_Duplicate_2 ; Duplicated      ; Register Packing ; Timing optimization ; Q         ;                ; pollard:pollard0|x[171]~_Duplicate_3                                ; Q                ;                       ;
; pollard:pollard0|x[171]~_Duplicate_3 ; Packed Register ; Register Packing ; Timing optimization ; Q         ;                ; pollard:pollard0|lpm_mult:Mult0|mult_uht:auto_generated|mac_mult49  ; DATAB            ;                       ;
; pollard:pollard0|x[171]~_Duplicate_3 ; Duplicated      ; Register Packing ; Timing optimization ; Q         ;                ; pollard:pollard0|x[171]~_Duplicate_4                                ; Q                ;                       ;
; pollard:pollard0|x[171]~_Duplicate_4 ; Packed Register ; Register Packing ; Timing optimization ; Q         ;                ; pollard:pollard0|lpm_mult:Mult0|mult_uht:auto_generated|mac_mult275 ; DATAA            ;                       ;
; pollard:pollard0|x[171]~_Duplicate_4 ; Duplicated      ; Register Packing ; Timing optimization ; Q         ;                ; pollard:pollard0|x[171]~_Duplicate_5                                ; Q                ;                       ;
; pollard:pollard0|x[171]~_Duplicate_5 ; Packed Register ; Register Packing ; Timing optimization ; Q         ;                ; pollard:pollard0|lpm_mult:Mult0|mult_uht:auto_generated|mac_mult79  ; DATAB            ;                       ;
; pollard:pollard0|x[171]~_Duplicate_5 ; Duplicated      ; Register Packing ; Timing optimization ; Q         ;                ; pollard:pollard0|x[171]~_Duplicate_6                                ; Q                ;                       ;
; pollard:pollard0|x[172]              ; Packed Register ; Register Packing ; Timing optimization ; Q         ;                ; pollard:pollard0|lpm_mult:Mult0|mult_uht:auto_generated|mac_mult271 ; DATAA            ;                       ;
; pollard:pollard0|x[172]              ; Duplicated      ; Register Packing ; Timing optimization ; Q         ;                ; pollard:pollard0|x[172]~_Duplicate_1                                ; Q                ;                       ;
; pollard:pollard0|x[172]~SCLR_LUT     ; Created         ; Register Packing ; Timing optimization ;           ;                ;                                                                     ;                  ;                       ;
; pollard:pollard0|x[172]~_Duplicate_1 ; Packed Register ; Register Packing ; Timing optimization ; Q         ;                ; pollard:pollard0|lpm_mult:Mult0|mult_uht:auto_generated|mac_mult19  ; DATAB            ;                       ;
; pollard:pollard0|x[172]~_Duplicate_1 ; Duplicated      ; Register Packing ; Timing optimization ; Q         ;                ; pollard:pollard0|x[172]~_Duplicate_2                                ; Q                ;                       ;
; pollard:pollard0|x[172]~_Duplicate_2 ; Packed Register ; Register Packing ; Timing optimization ; Q         ;                ; pollard:pollard0|lpm_mult:Mult0|mult_uht:auto_generated|mac_mult273 ; DATAA            ;                       ;
; pollard:pollard0|x[172]~_Duplicate_2 ; Duplicated      ; Register Packing ; Timing optimization ; Q         ;                ; pollard:pollard0|x[172]~_Duplicate_3                                ; Q                ;                       ;
; pollard:pollard0|x[172]~_Duplicate_3 ; Packed Register ; Register Packing ; Timing optimization ; Q         ;                ; pollard:pollard0|lpm_mult:Mult0|mult_uht:auto_generated|mac_mult49  ; DATAB            ;                       ;
; pollard:pollard0|x[172]~_Duplicate_3 ; Duplicated      ; Register Packing ; Timing optimization ; Q         ;                ; pollard:pollard0|x[172]~_Duplicate_4                                ; Q                ;                       ;
; pollard:pollard0|x[172]~_Duplicate_4 ; Packed Register ; Register Packing ; Timing optimization ; Q         ;                ; pollard:pollard0|lpm_mult:Mult0|mult_uht:auto_generated|mac_mult275 ; DATAA            ;                       ;
; pollard:pollard0|x[172]~_Duplicate_4 ; Duplicated      ; Register Packing ; Timing optimization ; Q         ;                ; pollard:pollard0|x[172]~_Duplicate_5                                ; Q                ;                       ;
; pollard:pollard0|x[172]~_Duplicate_5 ; Packed Register ; Register Packing ; Timing optimization ; Q         ;                ; pollard:pollard0|lpm_mult:Mult0|mult_uht:auto_generated|mac_mult79  ; DATAB            ;                       ;
; pollard:pollard0|x[172]~_Duplicate_5 ; Duplicated      ; Register Packing ; Timing optimization ; Q         ;                ; pollard:pollard0|x[172]~_Duplicate_6                                ; Q                ;                       ;
; pollard:pollard0|x[173]              ; Packed Register ; Register Packing ; Timing optimization ; Q         ;                ; pollard:pollard0|lpm_mult:Mult0|mult_uht:auto_generated|mac_mult271 ; DATAA            ;                       ;
; pollard:pollard0|x[173]              ; Duplicated      ; Register Packing ; Timing optimization ; Q         ;                ; pollard:pollard0|x[173]~_Duplicate_1                                ; Q                ;                       ;
; pollard:pollard0|x[173]~SCLR_LUT     ; Created         ; Register Packing ; Timing optimization ;           ;                ;                                                                     ;                  ;                       ;
; pollard:pollard0|x[173]~_Duplicate_1 ; Packed Register ; Register Packing ; Timing optimization ; Q         ;                ; pollard:pollard0|lpm_mult:Mult0|mult_uht:auto_generated|mac_mult19  ; DATAB            ;                       ;
; pollard:pollard0|x[173]~_Duplicate_1 ; Duplicated      ; Register Packing ; Timing optimization ; Q         ;                ; pollard:pollard0|x[173]~_Duplicate_2                                ; Q                ;                       ;
; pollard:pollard0|x[173]~_Duplicate_2 ; Packed Register ; Register Packing ; Timing optimization ; Q         ;                ; pollard:pollard0|lpm_mult:Mult0|mult_uht:auto_generated|mac_mult273 ; DATAA            ;                       ;
; pollard:pollard0|x[173]~_Duplicate_2 ; Duplicated      ; Register Packing ; Timing optimization ; Q         ;                ; pollard:pollard0|x[173]~_Duplicate_3                                ; Q                ;                       ;
; pollard:pollard0|x[173]~_Duplicate_3 ; Packed Register ; Register Packing ; Timing optimization ; Q         ;                ; pollard:pollard0|lpm_mult:Mult0|mult_uht:auto_generated|mac_mult49  ; DATAB            ;                       ;
; pollard:pollard0|x[173]~_Duplicate_3 ; Duplicated      ; Register Packing ; Timing optimization ; Q         ;                ; pollard:pollard0|x[173]~_Duplicate_4                                ; Q                ;                       ;
; pollard:pollard0|x[173]~_Duplicate_4 ; Packed Register ; Register Packing ; Timing optimization ; Q         ;                ; pollard:pollard0|lpm_mult:Mult0|mult_uht:auto_generated|mac_mult275 ; DATAA            ;                       ;
; pollard:pollard0|x[173]~_Duplicate_4 ; Duplicated      ; Register Packing ; Timing optimization ; Q         ;                ; pollard:pollard0|x[173]~_Duplicate_5                                ; Q                ;                       ;
; pollard:pollard0|x[173]~_Duplicate_5 ; Packed Register ; Register Packing ; Timing optimization ; Q         ;                ; pollard:pollard0|lpm_mult:Mult0|mult_uht:auto_generated|mac_mult79  ; DATAB            ;                       ;
; pollard:pollard0|x[173]~_Duplicate_5 ; Duplicated      ; Register Packing ; Timing optimization ; Q         ;                ; pollard:pollard0|x[173]~_Duplicate_6                                ; Q                ;                       ;
; pollard:pollard0|x[174]              ; Packed Register ; Register Packing ; Timing optimization ; Q         ;                ; pollard:pollard0|lpm_mult:Mult0|mult_uht:auto_generated|mac_mult271 ; DATAA            ;                       ;
; pollard:pollard0|x[174]              ; Duplicated      ; Register Packing ; Timing optimization ; Q         ;                ; pollard:pollard0|x[174]~_Duplicate_1                                ; Q                ;                       ;
; pollard:pollard0|x[174]~SCLR_LUT     ; Created         ; Register Packing ; Timing optimization ;           ;                ;                                                                     ;                  ;                       ;
; pollard:pollard0|x[174]~_Duplicate_1 ; Packed Register ; Register Packing ; Timing optimization ; Q         ;                ; pollard:pollard0|lpm_mult:Mult0|mult_uht:auto_generated|mac_mult19  ; DATAB            ;                       ;
; pollard:pollard0|x[174]~_Duplicate_1 ; Duplicated      ; Register Packing ; Timing optimization ; Q         ;                ; pollard:pollard0|x[174]~_Duplicate_2                                ; Q                ;                       ;
; pollard:pollard0|x[174]~_Duplicate_2 ; Packed Register ; Register Packing ; Timing optimization ; Q         ;                ; pollard:pollard0|lpm_mult:Mult0|mult_uht:auto_generated|mac_mult273 ; DATAA            ;                       ;
; pollard:pollard0|x[174]~_Duplicate_2 ; Duplicated      ; Register Packing ; Timing optimization ; Q         ;                ; pollard:pollard0|x[174]~_Duplicate_3                                ; Q                ;                       ;
; pollard:pollard0|x[174]~_Duplicate_3 ; Packed Register ; Register Packing ; Timing optimization ; Q         ;                ; pollard:pollard0|lpm_mult:Mult0|mult_uht:auto_generated|mac_mult49  ; DATAB            ;                       ;
; pollard:pollard0|x[174]~_Duplicate_3 ; Duplicated      ; Register Packing ; Timing optimization ; Q         ;                ; pollard:pollard0|x[174]~_Duplicate_4                                ; Q                ;                       ;
; pollard:pollard0|x[174]~_Duplicate_4 ; Packed Register ; Register Packing ; Timing optimization ; Q         ;                ; pollard:pollard0|lpm_mult:Mult0|mult_uht:auto_generated|mac_mult275 ; DATAA            ;                       ;
; pollard:pollard0|x[174]~_Duplicate_4 ; Duplicated      ; Register Packing ; Timing optimization ; Q         ;                ; pollard:pollard0|x[174]~_Duplicate_5                                ; Q                ;                       ;
; pollard:pollard0|x[174]~_Duplicate_5 ; Packed Register ; Register Packing ; Timing optimization ; Q         ;                ; pollard:pollard0|lpm_mult:Mult0|mult_uht:auto_generated|mac_mult79  ; DATAB            ;                       ;
; pollard:pollard0|x[174]~_Duplicate_5 ; Duplicated      ; Register Packing ; Timing optimization ; Q         ;                ; pollard:pollard0|x[174]~_Duplicate_6                                ; Q                ;                       ;
; pollard:pollard0|x[175]              ; Packed Register ; Register Packing ; Timing optimization ; Q         ;                ; pollard:pollard0|lpm_mult:Mult0|mult_uht:auto_generated|mac_mult271 ; DATAA            ;                       ;
; pollard:pollard0|x[175]              ; Duplicated      ; Register Packing ; Timing optimization ; Q         ;                ; pollard:pollard0|x[175]~_Duplicate_1                                ; Q                ;                       ;
; pollard:pollard0|x[175]~SCLR_LUT     ; Created         ; Register Packing ; Timing optimization ;           ;                ;                                                                     ;                  ;                       ;
; pollard:pollard0|x[175]~_Duplicate_1 ; Packed Register ; Register Packing ; Timing optimization ; Q         ;                ; pollard:pollard0|lpm_mult:Mult0|mult_uht:auto_generated|mac_mult19  ; DATAB            ;                       ;
; pollard:pollard0|x[175]~_Duplicate_1 ; Duplicated      ; Register Packing ; Timing optimization ; Q         ;                ; pollard:pollard0|x[175]~_Duplicate_2                                ; Q                ;                       ;
; pollard:pollard0|x[175]~_Duplicate_2 ; Packed Register ; Register Packing ; Timing optimization ; Q         ;                ; pollard:pollard0|lpm_mult:Mult0|mult_uht:auto_generated|mac_mult273 ; DATAA            ;                       ;
; pollard:pollard0|x[175]~_Duplicate_2 ; Duplicated      ; Register Packing ; Timing optimization ; Q         ;                ; pollard:pollard0|x[175]~_Duplicate_3                                ; Q                ;                       ;
; pollard:pollard0|x[175]~_Duplicate_3 ; Packed Register ; Register Packing ; Timing optimization ; Q         ;                ; pollard:pollard0|lpm_mult:Mult0|mult_uht:auto_generated|mac_mult49  ; DATAB            ;                       ;
; pollard:pollard0|x[175]~_Duplicate_3 ; Duplicated      ; Register Packing ; Timing optimization ; Q         ;                ; pollard:pollard0|x[175]~_Duplicate_4                                ; Q                ;                       ;
; pollard:pollard0|x[175]~_Duplicate_4 ; Packed Register ; Register Packing ; Timing optimization ; Q         ;                ; pollard:pollard0|lpm_mult:Mult0|mult_uht:auto_generated|mac_mult275 ; DATAA            ;                       ;
; pollard:pollard0|x[175]~_Duplicate_4 ; Duplicated      ; Register Packing ; Timing optimization ; Q         ;                ; pollard:pollard0|x[175]~_Duplicate_5                                ; Q                ;                       ;
; pollard:pollard0|x[175]~_Duplicate_5 ; Packed Register ; Register Packing ; Timing optimization ; Q         ;                ; pollard:pollard0|lpm_mult:Mult0|mult_uht:auto_generated|mac_mult79  ; DATAB            ;                       ;
; pollard:pollard0|x[175]~_Duplicate_5 ; Duplicated      ; Register Packing ; Timing optimization ; Q         ;                ; pollard:pollard0|x[175]~_Duplicate_6                                ; Q                ;                       ;
; pollard:pollard0|x[176]              ; Packed Register ; Register Packing ; Timing optimization ; Q         ;                ; pollard:pollard0|lpm_mult:Mult0|mult_uht:auto_generated|mac_mult271 ; DATAA            ;                       ;
; pollard:pollard0|x[176]              ; Duplicated      ; Register Packing ; Timing optimization ; Q         ;                ; pollard:pollard0|x[176]~_Duplicate_1                                ; Q                ;                       ;
; pollard:pollard0|x[176]~SCLR_LUT     ; Created         ; Register Packing ; Timing optimization ;           ;                ;                                                                     ;                  ;                       ;
; pollard:pollard0|x[176]~_Duplicate_1 ; Packed Register ; Register Packing ; Timing optimization ; Q         ;                ; pollard:pollard0|lpm_mult:Mult0|mult_uht:auto_generated|mac_mult19  ; DATAB            ;                       ;
; pollard:pollard0|x[176]~_Duplicate_1 ; Duplicated      ; Register Packing ; Timing optimization ; Q         ;                ; pollard:pollard0|x[176]~_Duplicate_2                                ; Q                ;                       ;
; pollard:pollard0|x[176]~_Duplicate_2 ; Packed Register ; Register Packing ; Timing optimization ; Q         ;                ; pollard:pollard0|lpm_mult:Mult0|mult_uht:auto_generated|mac_mult273 ; DATAA            ;                       ;
; pollard:pollard0|x[176]~_Duplicate_2 ; Duplicated      ; Register Packing ; Timing optimization ; Q         ;                ; pollard:pollard0|x[176]~_Duplicate_3                                ; Q                ;                       ;
; pollard:pollard0|x[176]~_Duplicate_3 ; Packed Register ; Register Packing ; Timing optimization ; Q         ;                ; pollard:pollard0|lpm_mult:Mult0|mult_uht:auto_generated|mac_mult49  ; DATAB            ;                       ;
; pollard:pollard0|x[176]~_Duplicate_3 ; Duplicated      ; Register Packing ; Timing optimization ; Q         ;                ; pollard:pollard0|x[176]~_Duplicate_4                                ; Q                ;                       ;
; pollard:pollard0|x[176]~_Duplicate_4 ; Packed Register ; Register Packing ; Timing optimization ; Q         ;                ; pollard:pollard0|lpm_mult:Mult0|mult_uht:auto_generated|mac_mult275 ; DATAA            ;                       ;
; pollard:pollard0|x[176]~_Duplicate_4 ; Duplicated      ; Register Packing ; Timing optimization ; Q         ;                ; pollard:pollard0|x[176]~_Duplicate_5                                ; Q                ;                       ;
; pollard:pollard0|x[176]~_Duplicate_5 ; Packed Register ; Register Packing ; Timing optimization ; Q         ;                ; pollard:pollard0|lpm_mult:Mult0|mult_uht:auto_generated|mac_mult79  ; DATAB            ;                       ;
; pollard:pollard0|x[176]~_Duplicate_5 ; Duplicated      ; Register Packing ; Timing optimization ; Q         ;                ; pollard:pollard0|x[176]~_Duplicate_6                                ; Q                ;                       ;
; pollard:pollard0|x[177]              ; Packed Register ; Register Packing ; Timing optimization ; Q         ;                ; pollard:pollard0|lpm_mult:Mult0|mult_uht:auto_generated|mac_mult271 ; DATAA            ;                       ;
; pollard:pollard0|x[177]              ; Duplicated      ; Register Packing ; Timing optimization ; Q         ;                ; pollard:pollard0|x[177]~_Duplicate_1                                ; Q                ;                       ;
; pollard:pollard0|x[177]~SCLR_LUT     ; Created         ; Register Packing ; Timing optimization ;           ;                ;                                                                     ;                  ;                       ;
; pollard:pollard0|x[177]~_Duplicate_1 ; Packed Register ; Register Packing ; Timing optimization ; Q         ;                ; pollard:pollard0|lpm_mult:Mult0|mult_uht:auto_generated|mac_mult19  ; DATAB            ;                       ;
; pollard:pollard0|x[177]~_Duplicate_1 ; Duplicated      ; Register Packing ; Timing optimization ; Q         ;                ; pollard:pollard0|x[177]~_Duplicate_2                                ; Q                ;                       ;
; pollard:pollard0|x[177]~_Duplicate_2 ; Packed Register ; Register Packing ; Timing optimization ; Q         ;                ; pollard:pollard0|lpm_mult:Mult0|mult_uht:auto_generated|mac_mult273 ; DATAA            ;                       ;
; pollard:pollard0|x[177]~_Duplicate_2 ; Duplicated      ; Register Packing ; Timing optimization ; Q         ;                ; pollard:pollard0|x[177]~_Duplicate_3                                ; Q                ;                       ;
; pollard:pollard0|x[177]~_Duplicate_3 ; Packed Register ; Register Packing ; Timing optimization ; Q         ;                ; pollard:pollard0|lpm_mult:Mult0|mult_uht:auto_generated|mac_mult49  ; DATAB            ;                       ;
; pollard:pollard0|x[177]~_Duplicate_3 ; Duplicated      ; Register Packing ; Timing optimization ; Q         ;                ; pollard:pollard0|x[177]~_Duplicate_4                                ; Q                ;                       ;
; pollard:pollard0|x[177]~_Duplicate_4 ; Packed Register ; Register Packing ; Timing optimization ; Q         ;                ; pollard:pollard0|lpm_mult:Mult0|mult_uht:auto_generated|mac_mult275 ; DATAA            ;                       ;
; pollard:pollard0|x[177]~_Duplicate_4 ; Duplicated      ; Register Packing ; Timing optimization ; Q         ;                ; pollard:pollard0|x[177]~_Duplicate_5                                ; Q                ;                       ;
; pollard:pollard0|x[177]~_Duplicate_5 ; Packed Register ; Register Packing ; Timing optimization ; Q         ;                ; pollard:pollard0|lpm_mult:Mult0|mult_uht:auto_generated|mac_mult79  ; DATAB            ;                       ;
; pollard:pollard0|x[177]~_Duplicate_5 ; Duplicated      ; Register Packing ; Timing optimization ; Q         ;                ; pollard:pollard0|x[177]~_Duplicate_6                                ; Q                ;                       ;
; pollard:pollard0|x[178]              ; Packed Register ; Register Packing ; Timing optimization ; Q         ;                ; pollard:pollard0|lpm_mult:Mult0|mult_uht:auto_generated|mac_mult271 ; DATAA            ;                       ;
; pollard:pollard0|x[178]              ; Duplicated      ; Register Packing ; Timing optimization ; Q         ;                ; pollard:pollard0|x[178]~_Duplicate_1                                ; Q                ;                       ;
; pollard:pollard0|x[178]~SCLR_LUT     ; Created         ; Register Packing ; Timing optimization ;           ;                ;                                                                     ;                  ;                       ;
; pollard:pollard0|x[178]~_Duplicate_1 ; Packed Register ; Register Packing ; Timing optimization ; Q         ;                ; pollard:pollard0|lpm_mult:Mult0|mult_uht:auto_generated|mac_mult19  ; DATAB            ;                       ;
; pollard:pollard0|x[178]~_Duplicate_1 ; Duplicated      ; Register Packing ; Timing optimization ; Q         ;                ; pollard:pollard0|x[178]~_Duplicate_2                                ; Q                ;                       ;
; pollard:pollard0|x[178]~_Duplicate_2 ; Packed Register ; Register Packing ; Timing optimization ; Q         ;                ; pollard:pollard0|lpm_mult:Mult0|mult_uht:auto_generated|mac_mult273 ; DATAA            ;                       ;
; pollard:pollard0|x[178]~_Duplicate_2 ; Duplicated      ; Register Packing ; Timing optimization ; Q         ;                ; pollard:pollard0|x[178]~_Duplicate_3                                ; Q                ;                       ;
; pollard:pollard0|x[178]~_Duplicate_3 ; Packed Register ; Register Packing ; Timing optimization ; Q         ;                ; pollard:pollard0|lpm_mult:Mult0|mult_uht:auto_generated|mac_mult49  ; DATAB            ;                       ;
; pollard:pollard0|x[178]~_Duplicate_3 ; Duplicated      ; Register Packing ; Timing optimization ; Q         ;                ; pollard:pollard0|x[178]~_Duplicate_4                                ; Q                ;                       ;
; pollard:pollard0|x[178]~_Duplicate_4 ; Packed Register ; Register Packing ; Timing optimization ; Q         ;                ; pollard:pollard0|lpm_mult:Mult0|mult_uht:auto_generated|mac_mult275 ; DATAA            ;                       ;
; pollard:pollard0|x[178]~_Duplicate_4 ; Duplicated      ; Register Packing ; Timing optimization ; Q         ;                ; pollard:pollard0|x[178]~_Duplicate_5                                ; Q                ;                       ;
; pollard:pollard0|x[178]~_Duplicate_5 ; Packed Register ; Register Packing ; Timing optimization ; Q         ;                ; pollard:pollard0|lpm_mult:Mult0|mult_uht:auto_generated|mac_mult79  ; DATAB            ;                       ;
; pollard:pollard0|x[178]~_Duplicate_5 ; Duplicated      ; Register Packing ; Timing optimization ; Q         ;                ; pollard:pollard0|x[178]~_Duplicate_6                                ; Q                ;                       ;
; pollard:pollard0|x[179]              ; Packed Register ; Register Packing ; Timing optimization ; Q         ;                ; pollard:pollard0|lpm_mult:Mult0|mult_uht:auto_generated|mac_mult271 ; DATAA            ;                       ;
; pollard:pollard0|x[179]              ; Duplicated      ; Register Packing ; Timing optimization ; Q         ;                ; pollard:pollard0|x[179]~_Duplicate_1                                ; Q                ;                       ;
; pollard:pollard0|x[179]~SCLR_LUT     ; Created         ; Register Packing ; Timing optimization ;           ;                ;                                                                     ;                  ;                       ;
; pollard:pollard0|x[179]~_Duplicate_1 ; Packed Register ; Register Packing ; Timing optimization ; Q         ;                ; pollard:pollard0|lpm_mult:Mult0|mult_uht:auto_generated|mac_mult19  ; DATAB            ;                       ;
; pollard:pollard0|x[179]~_Duplicate_1 ; Duplicated      ; Register Packing ; Timing optimization ; Q         ;                ; pollard:pollard0|x[179]~_Duplicate_2                                ; Q                ;                       ;
; pollard:pollard0|x[179]~_Duplicate_2 ; Packed Register ; Register Packing ; Timing optimization ; Q         ;                ; pollard:pollard0|lpm_mult:Mult0|mult_uht:auto_generated|mac_mult273 ; DATAA            ;                       ;
; pollard:pollard0|x[179]~_Duplicate_2 ; Duplicated      ; Register Packing ; Timing optimization ; Q         ;                ; pollard:pollard0|x[179]~_Duplicate_3                                ; Q                ;                       ;
; pollard:pollard0|x[179]~_Duplicate_3 ; Packed Register ; Register Packing ; Timing optimization ; Q         ;                ; pollard:pollard0|lpm_mult:Mult0|mult_uht:auto_generated|mac_mult49  ; DATAB            ;                       ;
; pollard:pollard0|x[179]~_Duplicate_3 ; Duplicated      ; Register Packing ; Timing optimization ; Q         ;                ; pollard:pollard0|x[179]~_Duplicate_4                                ; Q                ;                       ;
; pollard:pollard0|x[179]~_Duplicate_4 ; Packed Register ; Register Packing ; Timing optimization ; Q         ;                ; pollard:pollard0|lpm_mult:Mult0|mult_uht:auto_generated|mac_mult275 ; DATAA            ;                       ;
; pollard:pollard0|x[179]~_Duplicate_4 ; Duplicated      ; Register Packing ; Timing optimization ; Q         ;                ; pollard:pollard0|x[179]~_Duplicate_5                                ; Q                ;                       ;
; pollard:pollard0|x[179]~_Duplicate_5 ; Packed Register ; Register Packing ; Timing optimization ; Q         ;                ; pollard:pollard0|lpm_mult:Mult0|mult_uht:auto_generated|mac_mult79  ; DATAB            ;                       ;
; pollard:pollard0|x[179]~_Duplicate_5 ; Duplicated      ; Register Packing ; Timing optimization ; Q         ;                ; pollard:pollard0|x[179]~_Duplicate_6                                ; Q                ;                       ;
; pollard:pollard0|x[180]              ; Packed Register ; Register Packing ; Timing optimization ; Q         ;                ; pollard:pollard0|lpm_mult:Mult0|mult_uht:auto_generated|mac_mult301 ; DATAA            ;                       ;
; pollard:pollard0|x[180]              ; Duplicated      ; Register Packing ; Timing optimization ; Q         ;                ; pollard:pollard0|x[180]~_Duplicate_1                                ; Q                ;                       ;
; pollard:pollard0|x[180]~SCLR_LUT     ; Created         ; Register Packing ; Timing optimization ;           ;                ;                                                                     ;                  ;                       ;
; pollard:pollard0|x[180]~_Duplicate_1 ; Packed Register ; Register Packing ; Timing optimization ; Q         ;                ; pollard:pollard0|lpm_mult:Mult0|mult_uht:auto_generated|mac_mult21  ; DATAB            ;                       ;
; pollard:pollard0|x[180]~_Duplicate_1 ; Duplicated      ; Register Packing ; Timing optimization ; Q         ;                ; pollard:pollard0|x[180]~_Duplicate_2                                ; Q                ;                       ;
; pollard:pollard0|x[180]~_Duplicate_2 ; Packed Register ; Register Packing ; Timing optimization ; Q         ;                ; pollard:pollard0|lpm_mult:Mult0|mult_uht:auto_generated|mac_mult303 ; DATAA            ;                       ;
; pollard:pollard0|x[180]~_Duplicate_2 ; Duplicated      ; Register Packing ; Timing optimization ; Q         ;                ; pollard:pollard0|x[180]~_Duplicate_3                                ; Q                ;                       ;
; pollard:pollard0|x[180]~_Duplicate_3 ; Packed Register ; Register Packing ; Timing optimization ; Q         ;                ; pollard:pollard0|lpm_mult:Mult0|mult_uht:auto_generated|mac_mult51  ; DATAB            ;                       ;
; pollard:pollard0|x[180]~_Duplicate_3 ; Duplicated      ; Register Packing ; Timing optimization ; Q         ;                ; pollard:pollard0|x[180]~_Duplicate_4                                ; Q                ;                       ;
; pollard:pollard0|x[181]              ; Packed Register ; Register Packing ; Timing optimization ; Q         ;                ; pollard:pollard0|lpm_mult:Mult0|mult_uht:auto_generated|mac_mult301 ; DATAA            ;                       ;
; pollard:pollard0|x[181]              ; Duplicated      ; Register Packing ; Timing optimization ; Q         ;                ; pollard:pollard0|x[181]~_Duplicate_1                                ; Q                ;                       ;
; pollard:pollard0|x[181]~SCLR_LUT     ; Created         ; Register Packing ; Timing optimization ;           ;                ;                                                                     ;                  ;                       ;
; pollard:pollard0|x[181]~_Duplicate_1 ; Packed Register ; Register Packing ; Timing optimization ; Q         ;                ; pollard:pollard0|lpm_mult:Mult0|mult_uht:auto_generated|mac_mult21  ; DATAB            ;                       ;
; pollard:pollard0|x[181]~_Duplicate_1 ; Duplicated      ; Register Packing ; Timing optimization ; Q         ;                ; pollard:pollard0|x[181]~_Duplicate_2                                ; Q                ;                       ;
; pollard:pollard0|x[181]~_Duplicate_2 ; Packed Register ; Register Packing ; Timing optimization ; Q         ;                ; pollard:pollard0|lpm_mult:Mult0|mult_uht:auto_generated|mac_mult303 ; DATAA            ;                       ;
; pollard:pollard0|x[181]~_Duplicate_2 ; Duplicated      ; Register Packing ; Timing optimization ; Q         ;                ; pollard:pollard0|x[181]~_Duplicate_3                                ; Q                ;                       ;
; pollard:pollard0|x[181]~_Duplicate_3 ; Packed Register ; Register Packing ; Timing optimization ; Q         ;                ; pollard:pollard0|lpm_mult:Mult0|mult_uht:auto_generated|mac_mult51  ; DATAB            ;                       ;
; pollard:pollard0|x[181]~_Duplicate_3 ; Duplicated      ; Register Packing ; Timing optimization ; Q         ;                ; pollard:pollard0|x[181]~_Duplicate_4                                ; Q                ;                       ;
; pollard:pollard0|x[182]              ; Packed Register ; Register Packing ; Timing optimization ; Q         ;                ; pollard:pollard0|lpm_mult:Mult0|mult_uht:auto_generated|mac_mult301 ; DATAA            ;                       ;
; pollard:pollard0|x[182]              ; Duplicated      ; Register Packing ; Timing optimization ; Q         ;                ; pollard:pollard0|x[182]~_Duplicate_1                                ; Q                ;                       ;
; pollard:pollard0|x[182]~SCLR_LUT     ; Created         ; Register Packing ; Timing optimization ;           ;                ;                                                                     ;                  ;                       ;
; pollard:pollard0|x[182]~_Duplicate_1 ; Packed Register ; Register Packing ; Timing optimization ; Q         ;                ; pollard:pollard0|lpm_mult:Mult0|mult_uht:auto_generated|mac_mult21  ; DATAB            ;                       ;
; pollard:pollard0|x[182]~_Duplicate_1 ; Duplicated      ; Register Packing ; Timing optimization ; Q         ;                ; pollard:pollard0|x[182]~_Duplicate_2                                ; Q                ;                       ;
; pollard:pollard0|x[182]~_Duplicate_2 ; Packed Register ; Register Packing ; Timing optimization ; Q         ;                ; pollard:pollard0|lpm_mult:Mult0|mult_uht:auto_generated|mac_mult303 ; DATAA            ;                       ;
; pollard:pollard0|x[182]~_Duplicate_2 ; Duplicated      ; Register Packing ; Timing optimization ; Q         ;                ; pollard:pollard0|x[182]~_Duplicate_3                                ; Q                ;                       ;
; pollard:pollard0|x[182]~_Duplicate_3 ; Packed Register ; Register Packing ; Timing optimization ; Q         ;                ; pollard:pollard0|lpm_mult:Mult0|mult_uht:auto_generated|mac_mult51  ; DATAB            ;                       ;
; pollard:pollard0|x[182]~_Duplicate_3 ; Duplicated      ; Register Packing ; Timing optimization ; Q         ;                ; pollard:pollard0|x[182]~_Duplicate_4                                ; Q                ;                       ;
; pollard:pollard0|x[183]              ; Packed Register ; Register Packing ; Timing optimization ; Q         ;                ; pollard:pollard0|lpm_mult:Mult0|mult_uht:auto_generated|mac_mult301 ; DATAA            ;                       ;
; pollard:pollard0|x[183]              ; Duplicated      ; Register Packing ; Timing optimization ; Q         ;                ; pollard:pollard0|x[183]~_Duplicate_1                                ; Q                ;                       ;
; pollard:pollard0|x[183]~SCLR_LUT     ; Created         ; Register Packing ; Timing optimization ;           ;                ;                                                                     ;                  ;                       ;
; pollard:pollard0|x[183]~_Duplicate_1 ; Packed Register ; Register Packing ; Timing optimization ; Q         ;                ; pollard:pollard0|lpm_mult:Mult0|mult_uht:auto_generated|mac_mult21  ; DATAB            ;                       ;
; pollard:pollard0|x[183]~_Duplicate_1 ; Duplicated      ; Register Packing ; Timing optimization ; Q         ;                ; pollard:pollard0|x[183]~_Duplicate_2                                ; Q                ;                       ;
; pollard:pollard0|x[183]~_Duplicate_2 ; Packed Register ; Register Packing ; Timing optimization ; Q         ;                ; pollard:pollard0|lpm_mult:Mult0|mult_uht:auto_generated|mac_mult303 ; DATAA            ;                       ;
; pollard:pollard0|x[183]~_Duplicate_2 ; Duplicated      ; Register Packing ; Timing optimization ; Q         ;                ; pollard:pollard0|x[183]~_Duplicate_3                                ; Q                ;                       ;
; pollard:pollard0|x[183]~_Duplicate_3 ; Packed Register ; Register Packing ; Timing optimization ; Q         ;                ; pollard:pollard0|lpm_mult:Mult0|mult_uht:auto_generated|mac_mult51  ; DATAB            ;                       ;
; pollard:pollard0|x[183]~_Duplicate_3 ; Duplicated      ; Register Packing ; Timing optimization ; Q         ;                ; pollard:pollard0|x[183]~_Duplicate_4                                ; Q                ;                       ;
; pollard:pollard0|x[184]              ; Packed Register ; Register Packing ; Timing optimization ; Q         ;                ; pollard:pollard0|lpm_mult:Mult0|mult_uht:auto_generated|mac_mult301 ; DATAA            ;                       ;
; pollard:pollard0|x[184]              ; Duplicated      ; Register Packing ; Timing optimization ; Q         ;                ; pollard:pollard0|x[184]~_Duplicate_1                                ; Q                ;                       ;
; pollard:pollard0|x[184]~SCLR_LUT     ; Created         ; Register Packing ; Timing optimization ;           ;                ;                                                                     ;                  ;                       ;
; pollard:pollard0|x[184]~_Duplicate_1 ; Packed Register ; Register Packing ; Timing optimization ; Q         ;                ; pollard:pollard0|lpm_mult:Mult0|mult_uht:auto_generated|mac_mult21  ; DATAB            ;                       ;
; pollard:pollard0|x[184]~_Duplicate_1 ; Duplicated      ; Register Packing ; Timing optimization ; Q         ;                ; pollard:pollard0|x[184]~_Duplicate_2                                ; Q                ;                       ;
; pollard:pollard0|x[184]~_Duplicate_2 ; Packed Register ; Register Packing ; Timing optimization ; Q         ;                ; pollard:pollard0|lpm_mult:Mult0|mult_uht:auto_generated|mac_mult303 ; DATAA            ;                       ;
; pollard:pollard0|x[184]~_Duplicate_2 ; Duplicated      ; Register Packing ; Timing optimization ; Q         ;                ; pollard:pollard0|x[184]~_Duplicate_3                                ; Q                ;                       ;
; pollard:pollard0|x[184]~_Duplicate_3 ; Packed Register ; Register Packing ; Timing optimization ; Q         ;                ; pollard:pollard0|lpm_mult:Mult0|mult_uht:auto_generated|mac_mult51  ; DATAB            ;                       ;
; pollard:pollard0|x[184]~_Duplicate_3 ; Duplicated      ; Register Packing ; Timing optimization ; Q         ;                ; pollard:pollard0|x[184]~_Duplicate_4                                ; Q                ;                       ;
; pollard:pollard0|x[185]              ; Packed Register ; Register Packing ; Timing optimization ; Q         ;                ; pollard:pollard0|lpm_mult:Mult0|mult_uht:auto_generated|mac_mult301 ; DATAA            ;                       ;
; pollard:pollard0|x[185]              ; Duplicated      ; Register Packing ; Timing optimization ; Q         ;                ; pollard:pollard0|x[185]~_Duplicate_1                                ; Q                ;                       ;
; pollard:pollard0|x[185]~SCLR_LUT     ; Created         ; Register Packing ; Timing optimization ;           ;                ;                                                                     ;                  ;                       ;
; pollard:pollard0|x[185]~_Duplicate_1 ; Packed Register ; Register Packing ; Timing optimization ; Q         ;                ; pollard:pollard0|lpm_mult:Mult0|mult_uht:auto_generated|mac_mult21  ; DATAB            ;                       ;
; pollard:pollard0|x[185]~_Duplicate_1 ; Duplicated      ; Register Packing ; Timing optimization ; Q         ;                ; pollard:pollard0|x[185]~_Duplicate_2                                ; Q                ;                       ;
; pollard:pollard0|x[185]~_Duplicate_2 ; Packed Register ; Register Packing ; Timing optimization ; Q         ;                ; pollard:pollard0|lpm_mult:Mult0|mult_uht:auto_generated|mac_mult303 ; DATAA            ;                       ;
; pollard:pollard0|x[185]~_Duplicate_2 ; Duplicated      ; Register Packing ; Timing optimization ; Q         ;                ; pollard:pollard0|x[185]~_Duplicate_3                                ; Q                ;                       ;
; pollard:pollard0|x[185]~_Duplicate_3 ; Packed Register ; Register Packing ; Timing optimization ; Q         ;                ; pollard:pollard0|lpm_mult:Mult0|mult_uht:auto_generated|mac_mult51  ; DATAB            ;                       ;
; pollard:pollard0|x[185]~_Duplicate_3 ; Duplicated      ; Register Packing ; Timing optimization ; Q         ;                ; pollard:pollard0|x[185]~_Duplicate_4                                ; Q                ;                       ;
; pollard:pollard0|x[186]              ; Packed Register ; Register Packing ; Timing optimization ; Q         ;                ; pollard:pollard0|lpm_mult:Mult0|mult_uht:auto_generated|mac_mult301 ; DATAA            ;                       ;
; pollard:pollard0|x[186]              ; Duplicated      ; Register Packing ; Timing optimization ; Q         ;                ; pollard:pollard0|x[186]~_Duplicate_1                                ; Q                ;                       ;
; pollard:pollard0|x[186]~SCLR_LUT     ; Created         ; Register Packing ; Timing optimization ;           ;                ;                                                                     ;                  ;                       ;
; pollard:pollard0|x[186]~_Duplicate_1 ; Packed Register ; Register Packing ; Timing optimization ; Q         ;                ; pollard:pollard0|lpm_mult:Mult0|mult_uht:auto_generated|mac_mult21  ; DATAB            ;                       ;
; pollard:pollard0|x[186]~_Duplicate_1 ; Duplicated      ; Register Packing ; Timing optimization ; Q         ;                ; pollard:pollard0|x[186]~_Duplicate_2                                ; Q                ;                       ;
; pollard:pollard0|x[186]~_Duplicate_2 ; Packed Register ; Register Packing ; Timing optimization ; Q         ;                ; pollard:pollard0|lpm_mult:Mult0|mult_uht:auto_generated|mac_mult303 ; DATAA            ;                       ;
; pollard:pollard0|x[186]~_Duplicate_2 ; Duplicated      ; Register Packing ; Timing optimization ; Q         ;                ; pollard:pollard0|x[186]~_Duplicate_3                                ; Q                ;                       ;
; pollard:pollard0|x[186]~_Duplicate_3 ; Packed Register ; Register Packing ; Timing optimization ; Q         ;                ; pollard:pollard0|lpm_mult:Mult0|mult_uht:auto_generated|mac_mult51  ; DATAB            ;                       ;
; pollard:pollard0|x[186]~_Duplicate_3 ; Duplicated      ; Register Packing ; Timing optimization ; Q         ;                ; pollard:pollard0|x[186]~_Duplicate_4                                ; Q                ;                       ;
; pollard:pollard0|x[187]              ; Packed Register ; Register Packing ; Timing optimization ; Q         ;                ; pollard:pollard0|lpm_mult:Mult0|mult_uht:auto_generated|mac_mult301 ; DATAA            ;                       ;
; pollard:pollard0|x[187]              ; Duplicated      ; Register Packing ; Timing optimization ; Q         ;                ; pollard:pollard0|x[187]~_Duplicate_1                                ; Q                ;                       ;
; pollard:pollard0|x[187]~SCLR_LUT     ; Created         ; Register Packing ; Timing optimization ;           ;                ;                                                                     ;                  ;                       ;
; pollard:pollard0|x[187]~_Duplicate_1 ; Packed Register ; Register Packing ; Timing optimization ; Q         ;                ; pollard:pollard0|lpm_mult:Mult0|mult_uht:auto_generated|mac_mult21  ; DATAB            ;                       ;
; pollard:pollard0|x[187]~_Duplicate_1 ; Duplicated      ; Register Packing ; Timing optimization ; Q         ;                ; pollard:pollard0|x[187]~_Duplicate_2                                ; Q                ;                       ;
; pollard:pollard0|x[187]~_Duplicate_2 ; Packed Register ; Register Packing ; Timing optimization ; Q         ;                ; pollard:pollard0|lpm_mult:Mult0|mult_uht:auto_generated|mac_mult303 ; DATAA            ;                       ;
; pollard:pollard0|x[187]~_Duplicate_2 ; Duplicated      ; Register Packing ; Timing optimization ; Q         ;                ; pollard:pollard0|x[187]~_Duplicate_3                                ; Q                ;                       ;
; pollard:pollard0|x[187]~_Duplicate_3 ; Packed Register ; Register Packing ; Timing optimization ; Q         ;                ; pollard:pollard0|lpm_mult:Mult0|mult_uht:auto_generated|mac_mult51  ; DATAB            ;                       ;
; pollard:pollard0|x[187]~_Duplicate_3 ; Duplicated      ; Register Packing ; Timing optimization ; Q         ;                ; pollard:pollard0|x[187]~_Duplicate_4                                ; Q                ;                       ;
; pollard:pollard0|x[188]              ; Packed Register ; Register Packing ; Timing optimization ; Q         ;                ; pollard:pollard0|lpm_mult:Mult0|mult_uht:auto_generated|mac_mult301 ; DATAA            ;                       ;
; pollard:pollard0|x[188]              ; Duplicated      ; Register Packing ; Timing optimization ; Q         ;                ; pollard:pollard0|x[188]~_Duplicate_1                                ; Q                ;                       ;
; pollard:pollard0|x[188]~SCLR_LUT     ; Created         ; Register Packing ; Timing optimization ;           ;                ;                                                                     ;                  ;                       ;
; pollard:pollard0|x[188]~_Duplicate_1 ; Packed Register ; Register Packing ; Timing optimization ; Q         ;                ; pollard:pollard0|lpm_mult:Mult0|mult_uht:auto_generated|mac_mult21  ; DATAB            ;                       ;
; pollard:pollard0|x[188]~_Duplicate_1 ; Duplicated      ; Register Packing ; Timing optimization ; Q         ;                ; pollard:pollard0|x[188]~_Duplicate_2                                ; Q                ;                       ;
; pollard:pollard0|x[188]~_Duplicate_2 ; Packed Register ; Register Packing ; Timing optimization ; Q         ;                ; pollard:pollard0|lpm_mult:Mult0|mult_uht:auto_generated|mac_mult303 ; DATAA            ;                       ;
; pollard:pollard0|x[188]~_Duplicate_2 ; Duplicated      ; Register Packing ; Timing optimization ; Q         ;                ; pollard:pollard0|x[188]~_Duplicate_3                                ; Q                ;                       ;
; pollard:pollard0|x[188]~_Duplicate_3 ; Packed Register ; Register Packing ; Timing optimization ; Q         ;                ; pollard:pollard0|lpm_mult:Mult0|mult_uht:auto_generated|mac_mult51  ; DATAB            ;                       ;
; pollard:pollard0|x[188]~_Duplicate_3 ; Duplicated      ; Register Packing ; Timing optimization ; Q         ;                ; pollard:pollard0|x[188]~_Duplicate_4                                ; Q                ;                       ;
; pollard:pollard0|x[189]              ; Packed Register ; Register Packing ; Timing optimization ; Q         ;                ; pollard:pollard0|lpm_mult:Mult0|mult_uht:auto_generated|mac_mult301 ; DATAA            ;                       ;
; pollard:pollard0|x[189]              ; Duplicated      ; Register Packing ; Timing optimization ; Q         ;                ; pollard:pollard0|x[189]~_Duplicate_1                                ; Q                ;                       ;
; pollard:pollard0|x[189]~SCLR_LUT     ; Created         ; Register Packing ; Timing optimization ;           ;                ;                                                                     ;                  ;                       ;
; pollard:pollard0|x[189]~_Duplicate_1 ; Packed Register ; Register Packing ; Timing optimization ; Q         ;                ; pollard:pollard0|lpm_mult:Mult0|mult_uht:auto_generated|mac_mult21  ; DATAB            ;                       ;
; pollard:pollard0|x[189]~_Duplicate_1 ; Duplicated      ; Register Packing ; Timing optimization ; Q         ;                ; pollard:pollard0|x[189]~_Duplicate_2                                ; Q                ;                       ;
; pollard:pollard0|x[189]~_Duplicate_2 ; Packed Register ; Register Packing ; Timing optimization ; Q         ;                ; pollard:pollard0|lpm_mult:Mult0|mult_uht:auto_generated|mac_mult303 ; DATAA            ;                       ;
; pollard:pollard0|x[189]~_Duplicate_2 ; Duplicated      ; Register Packing ; Timing optimization ; Q         ;                ; pollard:pollard0|x[189]~_Duplicate_3                                ; Q                ;                       ;
; pollard:pollard0|x[189]~_Duplicate_3 ; Packed Register ; Register Packing ; Timing optimization ; Q         ;                ; pollard:pollard0|lpm_mult:Mult0|mult_uht:auto_generated|mac_mult51  ; DATAB            ;                       ;
; pollard:pollard0|x[189]~_Duplicate_3 ; Duplicated      ; Register Packing ; Timing optimization ; Q         ;                ; pollard:pollard0|x[189]~_Duplicate_4                                ; Q                ;                       ;
; pollard:pollard0|x[190]              ; Packed Register ; Register Packing ; Timing optimization ; Q         ;                ; pollard:pollard0|lpm_mult:Mult0|mult_uht:auto_generated|mac_mult301 ; DATAA            ;                       ;
; pollard:pollard0|x[190]              ; Duplicated      ; Register Packing ; Timing optimization ; Q         ;                ; pollard:pollard0|x[190]~_Duplicate_1                                ; Q                ;                       ;
; pollard:pollard0|x[190]~SCLR_LUT     ; Created         ; Register Packing ; Timing optimization ;           ;                ;                                                                     ;                  ;                       ;
; pollard:pollard0|x[190]~_Duplicate_1 ; Packed Register ; Register Packing ; Timing optimization ; Q         ;                ; pollard:pollard0|lpm_mult:Mult0|mult_uht:auto_generated|mac_mult21  ; DATAB            ;                       ;
; pollard:pollard0|x[190]~_Duplicate_1 ; Duplicated      ; Register Packing ; Timing optimization ; Q         ;                ; pollard:pollard0|x[190]~_Duplicate_2                                ; Q                ;                       ;
; pollard:pollard0|x[190]~_Duplicate_2 ; Packed Register ; Register Packing ; Timing optimization ; Q         ;                ; pollard:pollard0|lpm_mult:Mult0|mult_uht:auto_generated|mac_mult303 ; DATAA            ;                       ;
; pollard:pollard0|x[190]~_Duplicate_2 ; Duplicated      ; Register Packing ; Timing optimization ; Q         ;                ; pollard:pollard0|x[190]~_Duplicate_3                                ; Q                ;                       ;
; pollard:pollard0|x[190]~_Duplicate_3 ; Packed Register ; Register Packing ; Timing optimization ; Q         ;                ; pollard:pollard0|lpm_mult:Mult0|mult_uht:auto_generated|mac_mult51  ; DATAB            ;                       ;
; pollard:pollard0|x[190]~_Duplicate_3 ; Duplicated      ; Register Packing ; Timing optimization ; Q         ;                ; pollard:pollard0|x[190]~_Duplicate_4                                ; Q                ;                       ;
; pollard:pollard0|x[191]              ; Packed Register ; Register Packing ; Timing optimization ; Q         ;                ; pollard:pollard0|lpm_mult:Mult0|mult_uht:auto_generated|mac_mult301 ; DATAA            ;                       ;
; pollard:pollard0|x[191]              ; Duplicated      ; Register Packing ; Timing optimization ; Q         ;                ; pollard:pollard0|x[191]~_Duplicate_1                                ; Q                ;                       ;
; pollard:pollard0|x[191]~SCLR_LUT     ; Created         ; Register Packing ; Timing optimization ;           ;                ;                                                                     ;                  ;                       ;
; pollard:pollard0|x[191]~_Duplicate_1 ; Packed Register ; Register Packing ; Timing optimization ; Q         ;                ; pollard:pollard0|lpm_mult:Mult0|mult_uht:auto_generated|mac_mult21  ; DATAB            ;                       ;
; pollard:pollard0|x[191]~_Duplicate_1 ; Duplicated      ; Register Packing ; Timing optimization ; Q         ;                ; pollard:pollard0|x[191]~_Duplicate_2                                ; Q                ;                       ;
; pollard:pollard0|x[191]~_Duplicate_2 ; Packed Register ; Register Packing ; Timing optimization ; Q         ;                ; pollard:pollard0|lpm_mult:Mult0|mult_uht:auto_generated|mac_mult303 ; DATAA            ;                       ;
; pollard:pollard0|x[191]~_Duplicate_2 ; Duplicated      ; Register Packing ; Timing optimization ; Q         ;                ; pollard:pollard0|x[191]~_Duplicate_3                                ; Q                ;                       ;
; pollard:pollard0|x[191]~_Duplicate_3 ; Packed Register ; Register Packing ; Timing optimization ; Q         ;                ; pollard:pollard0|lpm_mult:Mult0|mult_uht:auto_generated|mac_mult51  ; DATAB            ;                       ;
; pollard:pollard0|x[191]~_Duplicate_3 ; Duplicated      ; Register Packing ; Timing optimization ; Q         ;                ; pollard:pollard0|x[191]~_Duplicate_4                                ; Q                ;                       ;
; pollard:pollard0|x[192]              ; Packed Register ; Register Packing ; Timing optimization ; Q         ;                ; pollard:pollard0|lpm_mult:Mult0|mult_uht:auto_generated|mac_mult301 ; DATAA            ;                       ;
; pollard:pollard0|x[192]              ; Duplicated      ; Register Packing ; Timing optimization ; Q         ;                ; pollard:pollard0|x[192]~_Duplicate_1                                ; Q                ;                       ;
; pollard:pollard0|x[192]~SCLR_LUT     ; Created         ; Register Packing ; Timing optimization ;           ;                ;                                                                     ;                  ;                       ;
; pollard:pollard0|x[192]~_Duplicate_1 ; Packed Register ; Register Packing ; Timing optimization ; Q         ;                ; pollard:pollard0|lpm_mult:Mult0|mult_uht:auto_generated|mac_mult21  ; DATAB            ;                       ;
; pollard:pollard0|x[192]~_Duplicate_1 ; Duplicated      ; Register Packing ; Timing optimization ; Q         ;                ; pollard:pollard0|x[192]~_Duplicate_2                                ; Q                ;                       ;
; pollard:pollard0|x[192]~_Duplicate_2 ; Packed Register ; Register Packing ; Timing optimization ; Q         ;                ; pollard:pollard0|lpm_mult:Mult0|mult_uht:auto_generated|mac_mult303 ; DATAA            ;                       ;
; pollard:pollard0|x[192]~_Duplicate_2 ; Duplicated      ; Register Packing ; Timing optimization ; Q         ;                ; pollard:pollard0|x[192]~_Duplicate_3                                ; Q                ;                       ;
; pollard:pollard0|x[192]~_Duplicate_3 ; Packed Register ; Register Packing ; Timing optimization ; Q         ;                ; pollard:pollard0|lpm_mult:Mult0|mult_uht:auto_generated|mac_mult51  ; DATAB            ;                       ;
; pollard:pollard0|x[192]~_Duplicate_3 ; Duplicated      ; Register Packing ; Timing optimization ; Q         ;                ; pollard:pollard0|x[192]~_Duplicate_4                                ; Q                ;                       ;
; pollard:pollard0|x[193]              ; Packed Register ; Register Packing ; Timing optimization ; Q         ;                ; pollard:pollard0|lpm_mult:Mult0|mult_uht:auto_generated|mac_mult301 ; DATAA            ;                       ;
; pollard:pollard0|x[193]              ; Duplicated      ; Register Packing ; Timing optimization ; Q         ;                ; pollard:pollard0|x[193]~_Duplicate_1                                ; Q                ;                       ;
; pollard:pollard0|x[193]~SCLR_LUT     ; Created         ; Register Packing ; Timing optimization ;           ;                ;                                                                     ;                  ;                       ;
; pollard:pollard0|x[193]~_Duplicate_1 ; Packed Register ; Register Packing ; Timing optimization ; Q         ;                ; pollard:pollard0|lpm_mult:Mult0|mult_uht:auto_generated|mac_mult21  ; DATAB            ;                       ;
; pollard:pollard0|x[193]~_Duplicate_1 ; Duplicated      ; Register Packing ; Timing optimization ; Q         ;                ; pollard:pollard0|x[193]~_Duplicate_2                                ; Q                ;                       ;
; pollard:pollard0|x[193]~_Duplicate_2 ; Packed Register ; Register Packing ; Timing optimization ; Q         ;                ; pollard:pollard0|lpm_mult:Mult0|mult_uht:auto_generated|mac_mult303 ; DATAA            ;                       ;
; pollard:pollard0|x[193]~_Duplicate_2 ; Duplicated      ; Register Packing ; Timing optimization ; Q         ;                ; pollard:pollard0|x[193]~_Duplicate_3                                ; Q                ;                       ;
; pollard:pollard0|x[193]~_Duplicate_3 ; Packed Register ; Register Packing ; Timing optimization ; Q         ;                ; pollard:pollard0|lpm_mult:Mult0|mult_uht:auto_generated|mac_mult51  ; DATAB            ;                       ;
; pollard:pollard0|x[193]~_Duplicate_3 ; Duplicated      ; Register Packing ; Timing optimization ; Q         ;                ; pollard:pollard0|x[193]~_Duplicate_4                                ; Q                ;                       ;
; pollard:pollard0|x[194]              ; Packed Register ; Register Packing ; Timing optimization ; Q         ;                ; pollard:pollard0|lpm_mult:Mult0|mult_uht:auto_generated|mac_mult301 ; DATAA            ;                       ;
; pollard:pollard0|x[194]              ; Duplicated      ; Register Packing ; Timing optimization ; Q         ;                ; pollard:pollard0|x[194]~_Duplicate_1                                ; Q                ;                       ;
; pollard:pollard0|x[194]~SCLR_LUT     ; Created         ; Register Packing ; Timing optimization ;           ;                ;                                                                     ;                  ;                       ;
; pollard:pollard0|x[194]~_Duplicate_1 ; Packed Register ; Register Packing ; Timing optimization ; Q         ;                ; pollard:pollard0|lpm_mult:Mult0|mult_uht:auto_generated|mac_mult21  ; DATAB            ;                       ;
; pollard:pollard0|x[194]~_Duplicate_1 ; Duplicated      ; Register Packing ; Timing optimization ; Q         ;                ; pollard:pollard0|x[194]~_Duplicate_2                                ; Q                ;                       ;
; pollard:pollard0|x[194]~_Duplicate_2 ; Packed Register ; Register Packing ; Timing optimization ; Q         ;                ; pollard:pollard0|lpm_mult:Mult0|mult_uht:auto_generated|mac_mult303 ; DATAA            ;                       ;
; pollard:pollard0|x[194]~_Duplicate_2 ; Duplicated      ; Register Packing ; Timing optimization ; Q         ;                ; pollard:pollard0|x[194]~_Duplicate_3                                ; Q                ;                       ;
; pollard:pollard0|x[194]~_Duplicate_3 ; Packed Register ; Register Packing ; Timing optimization ; Q         ;                ; pollard:pollard0|lpm_mult:Mult0|mult_uht:auto_generated|mac_mult51  ; DATAB            ;                       ;
; pollard:pollard0|x[194]~_Duplicate_3 ; Duplicated      ; Register Packing ; Timing optimization ; Q         ;                ; pollard:pollard0|x[194]~_Duplicate_4                                ; Q                ;                       ;
; pollard:pollard0|x[195]              ; Packed Register ; Register Packing ; Timing optimization ; Q         ;                ; pollard:pollard0|lpm_mult:Mult0|mult_uht:auto_generated|mac_mult301 ; DATAA            ;                       ;
; pollard:pollard0|x[195]              ; Duplicated      ; Register Packing ; Timing optimization ; Q         ;                ; pollard:pollard0|x[195]~_Duplicate_1                                ; Q                ;                       ;
; pollard:pollard0|x[195]~SCLR_LUT     ; Created         ; Register Packing ; Timing optimization ;           ;                ;                                                                     ;                  ;                       ;
; pollard:pollard0|x[195]~_Duplicate_1 ; Packed Register ; Register Packing ; Timing optimization ; Q         ;                ; pollard:pollard0|lpm_mult:Mult0|mult_uht:auto_generated|mac_mult21  ; DATAB            ;                       ;
; pollard:pollard0|x[195]~_Duplicate_1 ; Duplicated      ; Register Packing ; Timing optimization ; Q         ;                ; pollard:pollard0|x[195]~_Duplicate_2                                ; Q                ;                       ;
; pollard:pollard0|x[195]~_Duplicate_2 ; Packed Register ; Register Packing ; Timing optimization ; Q         ;                ; pollard:pollard0|lpm_mult:Mult0|mult_uht:auto_generated|mac_mult303 ; DATAA            ;                       ;
; pollard:pollard0|x[195]~_Duplicate_2 ; Duplicated      ; Register Packing ; Timing optimization ; Q         ;                ; pollard:pollard0|x[195]~_Duplicate_3                                ; Q                ;                       ;
; pollard:pollard0|x[195]~_Duplicate_3 ; Packed Register ; Register Packing ; Timing optimization ; Q         ;                ; pollard:pollard0|lpm_mult:Mult0|mult_uht:auto_generated|mac_mult51  ; DATAB            ;                       ;
; pollard:pollard0|x[195]~_Duplicate_3 ; Duplicated      ; Register Packing ; Timing optimization ; Q         ;                ; pollard:pollard0|x[195]~_Duplicate_4                                ; Q                ;                       ;
; pollard:pollard0|x[196]              ; Packed Register ; Register Packing ; Timing optimization ; Q         ;                ; pollard:pollard0|lpm_mult:Mult0|mult_uht:auto_generated|mac_mult301 ; DATAA            ;                       ;
; pollard:pollard0|x[196]              ; Duplicated      ; Register Packing ; Timing optimization ; Q         ;                ; pollard:pollard0|x[196]~_Duplicate_1                                ; Q                ;                       ;
; pollard:pollard0|x[196]~SCLR_LUT     ; Created         ; Register Packing ; Timing optimization ;           ;                ;                                                                     ;                  ;                       ;
; pollard:pollard0|x[196]~_Duplicate_1 ; Packed Register ; Register Packing ; Timing optimization ; Q         ;                ; pollard:pollard0|lpm_mult:Mult0|mult_uht:auto_generated|mac_mult21  ; DATAB            ;                       ;
; pollard:pollard0|x[196]~_Duplicate_1 ; Duplicated      ; Register Packing ; Timing optimization ; Q         ;                ; pollard:pollard0|x[196]~_Duplicate_2                                ; Q                ;                       ;
; pollard:pollard0|x[196]~_Duplicate_2 ; Packed Register ; Register Packing ; Timing optimization ; Q         ;                ; pollard:pollard0|lpm_mult:Mult0|mult_uht:auto_generated|mac_mult303 ; DATAA            ;                       ;
; pollard:pollard0|x[196]~_Duplicate_2 ; Duplicated      ; Register Packing ; Timing optimization ; Q         ;                ; pollard:pollard0|x[196]~_Duplicate_3                                ; Q                ;                       ;
; pollard:pollard0|x[196]~_Duplicate_3 ; Packed Register ; Register Packing ; Timing optimization ; Q         ;                ; pollard:pollard0|lpm_mult:Mult0|mult_uht:auto_generated|mac_mult51  ; DATAB            ;                       ;
; pollard:pollard0|x[196]~_Duplicate_3 ; Duplicated      ; Register Packing ; Timing optimization ; Q         ;                ; pollard:pollard0|x[196]~_Duplicate_4                                ; Q                ;                       ;
; pollard:pollard0|x[197]              ; Packed Register ; Register Packing ; Timing optimization ; Q         ;                ; pollard:pollard0|lpm_mult:Mult0|mult_uht:auto_generated|mac_mult301 ; DATAA            ;                       ;
; pollard:pollard0|x[197]              ; Duplicated      ; Register Packing ; Timing optimization ; Q         ;                ; pollard:pollard0|x[197]~_Duplicate_1                                ; Q                ;                       ;
; pollard:pollard0|x[197]~SCLR_LUT     ; Created         ; Register Packing ; Timing optimization ;           ;                ;                                                                     ;                  ;                       ;
; pollard:pollard0|x[197]~_Duplicate_1 ; Packed Register ; Register Packing ; Timing optimization ; Q         ;                ; pollard:pollard0|lpm_mult:Mult0|mult_uht:auto_generated|mac_mult21  ; DATAB            ;                       ;
; pollard:pollard0|x[197]~_Duplicate_1 ; Duplicated      ; Register Packing ; Timing optimization ; Q         ;                ; pollard:pollard0|x[197]~_Duplicate_2                                ; Q                ;                       ;
; pollard:pollard0|x[197]~_Duplicate_2 ; Packed Register ; Register Packing ; Timing optimization ; Q         ;                ; pollard:pollard0|lpm_mult:Mult0|mult_uht:auto_generated|mac_mult303 ; DATAA            ;                       ;
; pollard:pollard0|x[197]~_Duplicate_2 ; Duplicated      ; Register Packing ; Timing optimization ; Q         ;                ; pollard:pollard0|x[197]~_Duplicate_3                                ; Q                ;                       ;
; pollard:pollard0|x[197]~_Duplicate_3 ; Packed Register ; Register Packing ; Timing optimization ; Q         ;                ; pollard:pollard0|lpm_mult:Mult0|mult_uht:auto_generated|mac_mult51  ; DATAB            ;                       ;
; pollard:pollard0|x[197]~_Duplicate_3 ; Duplicated      ; Register Packing ; Timing optimization ; Q         ;                ; pollard:pollard0|x[197]~_Duplicate_4                                ; Q                ;                       ;
+--------------------------------------+-----------------+------------------+---------------------+-----------+----------------+---------------------------------------------------------------------+------------------+-----------------------+


+----------------------------------------------------------------------------------------------------+
; Incremental Compilation Preservation Summary                                                       ;
+---------------------+----------------------+----------------------------+--------------------------+
; Type                ; Total [A + B]        ; From Design Partitions [A] ; From Rapid Recompile [B] ;
+---------------------+----------------------+----------------------------+--------------------------+
; Placement (by node) ;                      ;                            ;                          ;
;     -- Requested    ; 0.00 % ( 0 / 87456 ) ; 0.00 % ( 0 / 87456 )       ; 0.00 % ( 0 / 87456 )     ;
;     -- Achieved     ; 0.00 % ( 0 / 87456 ) ; 0.00 % ( 0 / 87456 )       ; 0.00 % ( 0 / 87456 )     ;
;                     ;                      ;                            ;                          ;
; Routing (by net)    ;                      ;                            ;                          ;
;     -- Requested    ; 0.00 % ( 0 / 0 )     ; 0.00 % ( 0 / 0 )           ; 0.00 % ( 0 / 0 )         ;
;     -- Achieved     ; 0.00 % ( 0 / 0 )     ; 0.00 % ( 0 / 0 )           ; 0.00 % ( 0 / 0 )         ;
+---------------------+----------------------+----------------------------+--------------------------+


+----------------------------------------------------------------------------------------------------------------------------------------------------------------------------------------+
; Incremental Compilation Partition Settings                                                                                                                                             ;
+--------------------------------+----------------+-------------------+-------------------------+------------------------+------------------------------+--------------------------------+
; Partition Name                 ; Partition Type ; Netlist Type Used ; Preservation Level Used ; Netlist Type Requested ; Preservation Level Requested ; Contents                       ;
+--------------------------------+----------------+-------------------+-------------------------+------------------------+------------------------------+--------------------------------+
; Top                            ; User-created   ; Source File       ; N/A                     ; Source File            ; N/A                          ;                                ;
; hard_block:auto_generated_inst ; Auto-generated ; Source File       ; N/A                     ; Source File            ; N/A                          ; hard_block:auto_generated_inst ;
+--------------------------------+----------------+-------------------+-------------------------+------------------------+------------------------------+--------------------------------+


+------------------------------------------------------------------------------------------------------------------------------------+
; Incremental Compilation Placement Preservation                                                                                     ;
+--------------------------------+-----------------------+-------------------------+-------------------+---------------------+-------+
; Partition Name                 ; Preservation Achieved ; Preservation Level Used ; Netlist Type Used ; Preservation Method ; Notes ;
+--------------------------------+-----------------------+-------------------------+-------------------+---------------------+-------+
; Top                            ; 0.00 % ( 0 / 87445 )  ; N/A                     ; Source File       ; N/A                 ;       ;
; hard_block:auto_generated_inst ; 0.00 % ( 0 / 11 )     ; N/A                     ; Source File       ; N/A                 ;       ;
+--------------------------------+-----------------------+-------------------------+-------------------+---------------------+-------+


+-------------------------------------------------------------------------+
; Fitter Resource Usage Summary                                           ;
+---------------------------------------------+---------------------------+
; Resource                                    ; Usage                     ;
+---------------------------------------------+---------------------------+
; Total logic elements                        ; 86,003 / 6,272 ( 1371 % ) ;
;     -- Combinational with no register       ; 84488                     ;
;     -- Register only                        ; 10                        ;
;     -- Combinational with a register        ; 1505                      ;
;                                             ;                           ;
; Logic element usage by number of LUT inputs ;                           ;
;     -- 4 input functions                    ; 32298                     ;
;     -- 3 input functions                    ; 44264                     ;
;     -- <=2 input functions                  ; 9431                      ;
;     -- Register only                        ; 10                        ;
;                                             ;                           ;
; Logic elements by mode                      ;                           ;
;     -- normal mode                          ; 40334                     ;
;     -- arithmetic mode                      ; 45659                     ;
;                                             ;                           ;
; Total registers*                            ; 1,515 / 6,666 ( 23 % )    ;
;     -- Dedicated logic registers            ; 1,515 / 6,272 ( 24 % )    ;
;     -- I/O registers                        ; 0 / 394 ( 0 % )           ;
;                                             ;                           ;
; Total LABs                                  ; Not available             ;
; Virtual pins                                ; 0                         ;
; I/O pins                                    ; 7 / 89 ( 8 % )            ;
;     -- Clock pins                           ; 0 / 4 ( 0 % )             ;
;     -- Dedicated input pins                 ; 0 / 9 ( 0 % )             ;
;                                             ;                           ;
; M9Ks                                        ; 0 / 30 ( 0 % )            ;
; Total block memory bits                     ; 0 / 276,480 ( 0 % )       ;
; Total block memory implementation bits      ; 0 / 276,480 ( 0 % )       ;
; Embedded Multiplier 9-bit elements          ; 30 / 30 ( 100 % )         ;
; PLLs                                        ; 1 / 2 ( 50 % )            ;
; Global signals                              ; 3                         ;
;     -- Global clocks                        ; 3 / 10 ( 30 % )           ;
; JTAGs                                       ; 0 / 1 ( 0 % )             ;
; CRC blocks                                  ; 0 / 1 ( 0 % )             ;
; ASMI blocks                                 ; 0 / 1 ( 0 % )             ;
; Oscillator blocks                           ; 0 / 1 ( 0 % )             ;
; Impedance control blocks                    ; 0 / 4 ( 0 % )             ;
; Maximum fan-out                             ; 1475                      ;
; Highest non-global fan-out                  ; 646                       ;
; Total fan-out                               ; 283473                    ;
; Average fan-out                             ; 3.24                      ;
+---------------------------------------------+---------------------------+
*  Register count does not include registers inside RAM blocks or DSP blocks.



+------------------------------------------------------------------------------------------------------------------------------------------------------------------------------------------------------------------------------------------------+
; Input Pins                                                                                                                                                                                                                                     ;
+-------+------------+----------+-----------------------+--------------------+--------+----------------+---------------+-----------------+----------+--------------+--------------+---------------------------+----------------------+-----------+
; Name  ; Pin #      ; I/O Bank ; Combinational Fan-Out ; Registered Fan-Out ; Global ; Input Register ; Power Up High ; PCI I/O Enabled ; Bus Hold ; Weak Pull Up ; I/O Standard ; Termination Control Block ; Location assigned by ; Slew Rate ;
+-------+------------+----------+-----------------------+--------------------+--------+----------------+---------------+-----------------+----------+--------------+--------------+---------------------------+----------------------+-----------+
; clk   ; Unassigned ; --       ; 42                    ; 0                  ; yes    ; no             ; no            ; yes             ; no       ; Off          ; 2.5 V        ; --                        ; User                 ; no        ;
; reset ; Unassigned ; --       ; 549                   ; 0                  ; no     ; no             ; no            ; yes             ; no       ; Off          ; 2.5 V        ; --                        ; User                 ; no        ;
+-------+------------+----------+-----------------------+--------------------+--------+----------------+---------------+-----------------+----------+--------------+--------------+---------------------------+----------------------+-----------+


+------------------------------------------------------------------------------------------------------------------------------------------------------------------------------------------------------------------------------------------------------------------------------------------------------------------------------------------------------------------------------------------------------------------+
; Output Pins                                                                                                                                                                                                                                                                                                                                                                                                      ;
+---------+------------+----------+-----------------+------------------------+---------------+-----------+-----------------+------------+---------------+----------+--------------+--------------+------------------+-----------------------------------+---------------------------+----------------------------+-----------------------------+----------------------+----------------------+---------------------+
; Name    ; Pin #      ; I/O Bank ; Output Register ; Output Enable Register ; Power Up High ; Slew Rate ; PCI I/O Enabled ; Open Drain ; TRI Primitive ; Bus Hold ; Weak Pull Up ; I/O Standard ; Current Strength ; Termination                       ; Termination Control Block ; Output Buffer Pre-emphasis ; Voltage Output Differential ; Location assigned by ; Output Enable Source ; Output Enable Group ;
+---------+------------+----------+-----------------+------------------------+---------------+-----------+-----------------+------------+---------------+----------+--------------+--------------+------------------+-----------------------------------+---------------------------+----------------------------+-----------------------------+----------------------+----------------------+---------------------+
; leds[0] ; Unassigned ; --       ; no              ; no                     ; no            ; 2         ; no              ; no         ; no            ; no       ; Off          ; 2.5 V        ; Default          ; Series 50 Ohm without Calibration ; --                        ; no                         ; no                          ; User                 ; -                    ; -                   ;
; leds[1] ; Unassigned ; --       ; no              ; no                     ; no            ; 2         ; no              ; no         ; no            ; no       ; Off          ; 2.5 V        ; Default          ; Series 50 Ohm without Calibration ; --                        ; no                         ; no                          ; User                 ; -                    ; -                   ;
; leds[2] ; Unassigned ; --       ; no              ; no                     ; no            ; 2         ; no              ; no         ; no            ; no       ; Off          ; 2.5 V        ; Default          ; Series 50 Ohm without Calibration ; --                        ; no                         ; no                          ; User                 ; -                    ; -                   ;
; leds[3] ; Unassigned ; --       ; no              ; no                     ; no            ; 2         ; no              ; no         ; no            ; no       ; Off          ; 2.5 V        ; Default          ; Series 50 Ohm without Calibration ; --                        ; no                         ; no                          ; User                 ; -                    ; -                   ;
; tx      ; Unassigned ; --       ; no              ; no                     ; no            ; 2         ; no              ; no         ; no            ; no       ; Off          ; 2.5 V        ; Default          ; Series 50 Ohm without Calibration ; --                        ; no                         ; no                          ; User                 ; -                    ; -                   ;
+---------+------------+----------+-----------------+------------------------+---------------+-----------+-----------------+------------+---------------+----------+--------------+--------------+------------------+-----------------------------------+---------------------------+----------------------------+-----------------------------+----------------------+----------------------+---------------------+


+-----------------------------------------------------------------------------------+
; Dual Purpose and Dedicated Pins                                                   ;
+----------+-----------+-------------+------------------+---------------------------+
; Location ; Pin Name  ; Reserved As ; User Signal Name ; Pin Type                  ;
+----------+-----------+-------------+------------------+---------------------------+
; 9        ; nSTATUS   ; -           ; -                ; Dedicated Programming Pin ;
; 14       ; nCONFIG   ; -           ; -                ; Dedicated Programming Pin ;
; 21       ; nCE       ; -           ; -                ; Dedicated Programming Pin ;
; 92       ; CONF_DONE ; -           ; -                ; Dedicated Programming Pin ;
; 94       ; MSEL0     ; -           ; -                ; Dedicated Programming Pin ;
; 96       ; MSEL1     ; -           ; -                ; Dedicated Programming Pin ;
; 97       ; MSEL2     ; -           ; -                ; Dedicated Programming Pin ;
; 97       ; MSEL3     ; -           ; -                ; Dedicated Programming Pin ;
+----------+-----------+-------------+------------------+---------------------------+


+----------------------------------------------------------+
; I/O Bank Usage                                           ;
+----------+----------------+---------------+--------------+
; I/O Bank ; Usage          ; VCCIO Voltage ; VREF Voltage ;
+----------+----------------+---------------+--------------+
; 1        ; 0 / 12 ( 0 % ) ; 2.5V          ; --           ;
; 2        ; 0 / 7 ( 0 % )  ; 2.5V          ; --           ;
; 3        ; 0 / 11 ( 0 % ) ; 2.5V          ; --           ;
; 4        ; 0 / 13 ( 0 % ) ; 2.5V          ; --           ;
; 5        ; 0 / 13 ( 0 % ) ; 2.5V          ; --           ;
; 6        ; 0 / 9 ( 0 % )  ; 2.5V          ; --           ;
; 7        ; 0 / 12 ( 0 % ) ; 2.5V          ; --           ;
; 8        ; 0 / 12 ( 0 % ) ; 2.5V          ; --           ;
; Unknown  ; 11             ; --            ;              ;
+----------+----------------+---------------+--------------+


+---------------------------------------------------------------------------------------------------------------------------------------------------------------+
; All Package Pins                                                                                                                                              ;
+----------+------------+----------+---------------------------------+--------+--------------+---------+------------+-----------------+----------+--------------+
; Location ; Pad Number ; I/O Bank ; Pin Name/Usage                  ; Dir.   ; I/O Standard ; Voltage ; I/O Type   ; User Assignment ; Bus Hold ; Weak Pull Up ;
+----------+------------+----------+---------------------------------+--------+--------------+---------+------------+-----------------+----------+--------------+
; 1        ; 0          ; 1        ; RESERVED_INPUT_WITH_WEAK_PULLUP ;        ;              ;         ; Row I/O    ;                 ; no       ; On           ;
; 2        ; 1          ; 1        ; RESERVED_INPUT_WITH_WEAK_PULLUP ;        ;              ;         ; Row I/O    ;                 ; no       ; On           ;
; 3        ; 2          ; 1        ; RESERVED_INPUT_WITH_WEAK_PULLUP ;        ;              ;         ; Row I/O    ;                 ; no       ; On           ;
; 4        ;            ;          ; GND                             ; gnd    ;              ;         ; --         ;                 ; --       ; --           ;
; 5        ;            ;          ; VCCINT                          ; power  ;              ; 1.2V    ; --         ;                 ; --       ; --           ;
; 6        ; 5          ; 1        ; RESERVED_INPUT_WITH_WEAK_PULLUP ;        ;              ;         ; Row I/O    ;                 ; no       ; On           ;
; 7        ; 6          ; 1        ; RESERVED_INPUT_WITH_WEAK_PULLUP ;        ;              ;         ; Row I/O    ;                 ; --       ; --           ;
; 8        ; 7          ; 1        ; RESERVED_INPUT_WITH_WEAK_PULLUP ;        ;              ;         ; Row I/O    ;                 ; no       ; On           ;
; 9        ; 9          ; 1        ; ^nSTATUS                        ;        ;              ;         ; --         ;                 ; --       ; --           ;
; 10       ; 13         ; 1        ; RESERVED_INPUT_WITH_WEAK_PULLUP ;        ;              ;         ; Row I/O    ;                 ; no       ; On           ;
; 11       ; 14         ; 1        ; RESERVED_INPUT_WITH_WEAK_PULLUP ;        ;              ;         ; Row I/O    ;                 ; no       ; On           ;
; 12       ; 15         ; 1        ; RESERVED_INPUT_WITH_WEAK_PULLUP ;        ;              ;         ; Row I/O    ;                 ; --       ; On           ;
; 13       ; 16         ; 1        ; RESERVED_INPUT_WITH_WEAK_PULLUP ;        ;              ;         ; Row I/O    ;                 ; no       ; On           ;
; 14       ; 17         ; 1        ; ^nCONFIG                        ;        ;              ;         ; --         ;                 ; --       ; --           ;
; 15       ; 18         ; 1        ; #TDI                            ; input  ;              ;         ; --         ;                 ; --       ; --           ;
; 16       ; 19         ; 1        ; #TCK                            ; input  ;              ;         ; --         ;                 ; --       ; --           ;
; 17       ;            ; 1        ; VCCIO1                          ; power  ;              ; 2.5V    ; --         ;                 ; --       ; --           ;
; 18       ; 20         ; 1        ; #TMS                            ; input  ;              ;         ; --         ;                 ; --       ; --           ;
; 19       ;            ;          ; GND                             ; gnd    ;              ;         ; --         ;                 ; --       ; --           ;
; 20       ; 21         ; 1        ; #TDO                            ; output ;              ;         ; --         ;                 ; --       ; --           ;
; 21       ; 22         ; 1        ; ^nCE                            ;        ;              ;         ; --         ;                 ; --       ; --           ;
; 22       ; 23         ; 1        ; GND+                            ;        ;              ;         ; Row I/O    ;                 ; --       ; --           ;
; 23       ; 24         ; 1        ; GND+                            ;        ;              ;         ; Row I/O    ;                 ; --       ; --           ;
; 24       ; 25         ; 2        ; GND+                            ;        ;              ;         ; Row I/O    ;                 ; --       ; --           ;
; 25       ; 26         ; 2        ; GND+                            ;        ;              ;         ; Row I/O    ;                 ; --       ; --           ;
; 26       ;            ; 2        ; VCCIO2                          ; power  ;              ; 2.5V    ; --         ;                 ; --       ; --           ;
; 27       ;            ;          ; GND                             ; gnd    ;              ;         ; --         ;                 ; --       ; --           ;
; 28       ; 31         ; 2        ; RESERVED_INPUT_WITH_WEAK_PULLUP ;        ;              ;         ; Row I/O    ;                 ; no       ; On           ;
; 29       ;            ;          ; VCCINT                          ; power  ;              ; 1.2V    ; --         ;                 ; --       ; --           ;
; 30       ;            ;          ; GND                             ; gnd    ;              ;         ; --         ;                 ; --       ; --           ;
; 31       ; 36         ; 2        ; RESERVED_INPUT_WITH_WEAK_PULLUP ;        ;              ;         ; Row I/O    ;                 ; --       ; --           ;
; 32       ; 39         ; 2        ; RESERVED_INPUT_WITH_WEAK_PULLUP ;        ;              ;         ; Row I/O    ;                 ; no       ; On           ;
; 33       ; 40         ; 2        ; RESERVED_INPUT_WITH_WEAK_PULLUP ;        ;              ;         ; Row I/O    ;                 ; no       ; On           ;
; 34       ; 41         ; 2        ; RESERVED_INPUT_WITH_WEAK_PULLUP ;        ;              ;         ; Row I/O    ;                 ; no       ; On           ;
; 35       ;            ; --       ; VCCA1                           ; power  ;              ; 2.5V    ; --         ;                 ; --       ; --           ;
; 36       ;            ;          ; GNDA1                           ; gnd    ;              ;         ; --         ;                 ; --       ; --           ;
; 37       ;            ;          ; VCCD_PLL1                       ; power  ;              ; 1.2V    ; --         ;                 ; --       ; --           ;
; 38       ; 45         ; 3        ; RESERVED_INPUT_WITH_WEAK_PULLUP ;        ;              ;         ; Column I/O ;                 ; no       ; On           ;
; 39       ; 46         ; 3        ; RESERVED_INPUT_WITH_WEAK_PULLUP ;        ;              ;         ; Column I/O ;                 ; no       ; On           ;
; 40       ;            ; 3        ; VCCIO3                          ; power  ;              ; 2.5V    ; --         ;                 ; --       ; --           ;
; 41       ;            ;          ; GND                             ; gnd    ;              ;         ; --         ;                 ; --       ; --           ;
; 42       ; 52         ; 3        ; RESERVED_INPUT_WITH_WEAK_PULLUP ;        ;              ;         ; Column I/O ;                 ; no       ; On           ;
; 43       ; 53         ; 3        ; RESERVED_INPUT_WITH_WEAK_PULLUP ;        ;              ;         ; Column I/O ;                 ; no       ; On           ;
; 44       ; 54         ; 3        ; RESERVED_INPUT_WITH_WEAK_PULLUP ;        ;              ;         ; Column I/O ;                 ; no       ; On           ;
; 45       ;            ;          ; VCCINT                          ; power  ;              ; 1.2V    ; --         ;                 ; --       ; --           ;
; 46       ; 58         ; 3        ; RESERVED_INPUT_WITH_WEAK_PULLUP ;        ;              ;         ; Column I/O ;                 ; --       ; --           ;
; 47       ;            ; 3        ; VCCIO3                          ; power  ;              ; 2.5V    ; --         ;                 ; --       ; --           ;
; 48       ;            ;          ; GND                             ; gnd    ;              ;         ; --         ;                 ; --       ; --           ;
; 49       ; 68         ; 3        ; RESERVED_INPUT_WITH_WEAK_PULLUP ;        ;              ;         ; Column I/O ;                 ; no       ; On           ;
; 50       ; 69         ; 3        ; RESERVED_INPUT_WITH_WEAK_PULLUP ;        ;              ;         ; Column I/O ;                 ; no       ; On           ;
; 51       ; 70         ; 3        ; RESERVED_INPUT_WITH_WEAK_PULLUP ;        ;              ;         ; Column I/O ;                 ; no       ; On           ;
; 52       ; 72         ; 3        ; RESERVED_INPUT_WITH_WEAK_PULLUP ;        ;              ;         ; Column I/O ;                 ; no       ; On           ;
; 53       ; 73         ; 3        ; RESERVED_INPUT_WITH_WEAK_PULLUP ;        ;              ;         ; Column I/O ;                 ; no       ; On           ;
; 54       ; 74         ; 4        ; RESERVED_INPUT_WITH_WEAK_PULLUP ;        ;              ;         ; Column I/O ;                 ; no       ; On           ;
; 55       ; 75         ; 4        ; RESERVED_INPUT_WITH_WEAK_PULLUP ;        ;              ;         ; Column I/O ;                 ; no       ; On           ;
; 56       ;            ; 4        ; VCCIO4                          ; power  ;              ; 2.5V    ; --         ;                 ; --       ; --           ;
; 57       ;            ;          ; GND                             ; gnd    ;              ;         ; --         ;                 ; --       ; --           ;
; 58       ; 80         ; 4        ; RESERVED_INPUT_WITH_WEAK_PULLUP ;        ;              ;         ; Column I/O ;                 ; no       ; On           ;
; 59       ; 83         ; 4        ; RESERVED_INPUT_WITH_WEAK_PULLUP ;        ;              ;         ; Column I/O ;                 ; no       ; On           ;
; 60       ; 84         ; 4        ; RESERVED_INPUT_WITH_WEAK_PULLUP ;        ;              ;         ; Column I/O ;                 ; no       ; On           ;
; 61       ;            ;          ; VCCINT                          ; power  ;              ; 1.2V    ; --         ;                 ; --       ; --           ;
; 62       ;            ; 4        ; VCCIO4                          ; power  ;              ; 2.5V    ; --         ;                 ; --       ; --           ;
; 63       ;            ;          ; GND                             ; gnd    ;              ;         ; --         ;                 ; --       ; --           ;
; 64       ;            ;          ; GND                             ; gnd    ;              ;         ; --         ;                 ; --       ; --           ;
; 65       ; 90         ; 4        ; RESERVED_INPUT_WITH_WEAK_PULLUP ;        ;              ;         ; Column I/O ;                 ; --       ; --           ;
; 66       ; 93         ; 4        ; RESERVED_INPUT_WITH_WEAK_PULLUP ;        ;              ;         ; Column I/O ;                 ; no       ; On           ;
; 67       ; 94         ; 4        ; RESERVED_INPUT_WITH_WEAK_PULLUP ;        ;              ;         ; Column I/O ;                 ; no       ; On           ;
; 68       ; 96         ; 4        ; RESERVED_INPUT_WITH_WEAK_PULLUP ;        ;              ;         ; Column I/O ;                 ; no       ; On           ;
; 69       ; 97         ; 4        ; RESERVED_INPUT_WITH_WEAK_PULLUP ;        ;              ;         ; Column I/O ;                 ; no       ; On           ;
; 70       ; 98         ; 4        ; RESERVED_INPUT_WITH_WEAK_PULLUP ;        ;              ;         ; Column I/O ;                 ; no       ; On           ;
; 71       ; 99         ; 4        ; RESERVED_INPUT_WITH_WEAK_PULLUP ;        ;              ;         ; Column I/O ;                 ; no       ; On           ;
; 72       ; 100        ; 4        ; RESERVED_INPUT_WITH_WEAK_PULLUP ;        ;              ;         ; Column I/O ;                 ; no       ; On           ;
; 73       ; 102        ; 5        ; RESERVED_INPUT_WITH_WEAK_PULLUP ;        ;              ;         ; Row I/O    ;                 ; no       ; On           ;
; 74       ; 103        ; 5        ; RESERVED_INPUT_WITH_WEAK_PULLUP ;        ;              ;         ; Row I/O    ;                 ; no       ; On           ;
; 75       ; 104        ; 5        ; RESERVED_INPUT_WITH_WEAK_PULLUP ;        ;              ;         ; Row I/O    ;                 ; no       ; On           ;
; 76       ; 106        ; 5        ; RESERVED_INPUT_WITH_WEAK_PULLUP ;        ;              ;         ; Row I/O    ;                 ; no       ; On           ;
; 77       ; 107        ; 5        ; RESERVED_INPUT_WITH_WEAK_PULLUP ;        ;              ;         ; Row I/O    ;                 ; no       ; On           ;
; 78       ;            ;          ; VCCINT                          ; power  ;              ; 1.2V    ; --         ;                 ; --       ; --           ;
; 79       ;            ;          ; GND                             ; gnd    ;              ;         ; --         ;                 ; --       ; --           ;
; 80       ; 113        ; 5        ; RESERVED_INPUT_WITH_WEAK_PULLUP ;        ;              ;         ; Row I/O    ;                 ; --       ; --           ;
; 81       ;            ; 5        ; VCCIO5                          ; power  ;              ; 2.5V    ; --         ;                 ; --       ; --           ;
; 82       ;            ;          ; GND                             ; gnd    ;              ;         ; --         ;                 ; --       ; --           ;
; 83       ; 117        ; 5        ; RESERVED_INPUT_WITH_WEAK_PULLUP ;        ;              ;         ; Row I/O    ;                 ; no       ; On           ;
; 84       ; 118        ; 5        ; RESERVED_INPUT_WITH_WEAK_PULLUP ;        ;              ;         ; Row I/O    ;                 ; no       ; On           ;
; 85       ; 119        ; 5        ; RESERVED_INPUT_WITH_WEAK_PULLUP ;        ;              ;         ; Row I/O    ;                 ; no       ; On           ;
; 86       ; 120        ; 5        ; RESERVED_INPUT_WITH_WEAK_PULLUP ;        ;              ;         ; Row I/O    ;                 ; no       ; On           ;
; 87       ; 121        ; 5        ; RESERVED_INPUT_WITH_WEAK_PULLUP ;        ;              ;         ; Row I/O    ;                 ; no       ; On           ;
; 88       ; 125        ; 5        ; GND+                            ;        ;              ;         ; Row I/O    ;                 ; --       ; --           ;
; 89       ; 126        ; 5        ; GND+                            ;        ;              ;         ; Row I/O    ;                 ; --       ; --           ;
; 90       ; 127        ; 6        ; GND+                            ;        ;              ;         ; Row I/O    ;                 ; --       ; --           ;
; 91       ; 128        ; 6        ; GND+                            ;        ;              ;         ; Row I/O    ;                 ; --       ; --           ;
; 92       ; 129        ; 6        ; ^CONF_DONE                      ;        ;              ;         ; --         ;                 ; --       ; --           ;
; 93       ;            ; 6        ; VCCIO6                          ; power  ;              ; 2.5V    ; --         ;                 ; --       ; --           ;
; 94       ; 130        ; 6        ; ^MSEL0                          ;        ;              ;         ; --         ;                 ; --       ; --           ;
; 95       ;            ;          ; GND                             ; gnd    ;              ;         ; --         ;                 ; --       ; --           ;
; 96       ; 131        ; 6        ; ^MSEL1                          ;        ;              ;         ; --         ;                 ; --       ; --           ;
; 97       ; 132        ; 6        ; ^MSEL2                          ;        ;              ;         ; --         ;                 ; --       ; --           ;
; 97       ; 133        ; 6        ; ^MSEL3                          ;        ;              ;         ; --         ;                 ; --       ; --           ;
; 98       ; 136        ; 6        ; RESERVED_INPUT_WITH_WEAK_PULLUP ;        ;              ;         ; Row I/O    ;                 ; no       ; On           ;
; 99       ; 137        ; 6        ; RESERVED_INPUT_WITH_WEAK_PULLUP ;        ;              ;         ; Row I/O    ;                 ; no       ; On           ;
; 100      ; 138        ; 6        ; RESERVED_INPUT_WITH_WEAK_PULLUP ;        ;              ;         ; Row I/O    ;                 ; no       ; On           ;
; 101      ; 139        ; 6        ; RESERVED_INPUT_WITH_WEAK_PULLUP ;        ;              ;         ; Row I/O    ;                 ; no       ; On           ;
; 102      ;            ;          ; VCCINT                          ; power  ;              ; 1.2V    ; --         ;                 ; --       ; --           ;
; 103      ; 140        ; 6        ; RESERVED_INPUT_WITH_WEAK_PULLUP ;        ;              ;         ; Row I/O    ;                 ; no       ; On           ;
; 104      ;            ;          ; GND                             ; gnd    ;              ;         ; --         ;                 ; --       ; --           ;
; 105      ; 142        ; 6        ; RESERVED_INPUT_WITH_WEAK_PULLUP ;        ;              ;         ; Row I/O    ;                 ; --       ; --           ;
; 106      ; 146        ; 6        ; RESERVED_INPUT_WITH_WEAK_PULLUP ;        ;              ;         ; Row I/O    ;                 ; no       ; On           ;
; 107      ;            ; --       ; VCCA2                           ; power  ;              ; 2.5V    ; --         ;                 ; --       ; --           ;
; 108      ;            ;          ; GNDA2                           ; gnd    ;              ;         ; --         ;                 ; --       ; --           ;
; 109      ;            ;          ; VCCD_PLL2                       ; power  ;              ; 1.2V    ; --         ;                 ; --       ; --           ;
; 110      ;            ;          ; GND                             ; gnd    ;              ;         ; --         ;                 ; --       ; --           ;
; 111      ; 154        ; 7        ; RESERVED_INPUT_WITH_WEAK_PULLUP ;        ;              ;         ; Column I/O ;                 ; no       ; On           ;
; 112      ; 155        ; 7        ; RESERVED_INPUT_WITH_WEAK_PULLUP ;        ;              ;         ; Column I/O ;                 ; no       ; On           ;
; 113      ; 156        ; 7        ; RESERVED_INPUT_WITH_WEAK_PULLUP ;        ;              ;         ; Column I/O ;                 ; no       ; On           ;
; 114      ; 157        ; 7        ; RESERVED_INPUT_WITH_WEAK_PULLUP ;        ;              ;         ; Column I/O ;                 ; no       ; On           ;
; 115      ; 158        ; 7        ; RESERVED_INPUT_WITH_WEAK_PULLUP ;        ;              ;         ; Column I/O ;                 ; no       ; On           ;
; 116      ;            ;          ; VCCINT                          ; power  ;              ; 1.2V    ; --         ;                 ; --       ; --           ;
; 117      ;            ; 7        ; VCCIO7                          ; power  ;              ; 2.5V    ; --         ;                 ; --       ; --           ;
; 118      ;            ;          ; GND                             ; gnd    ;              ;         ; --         ;                 ; --       ; --           ;
; 119      ; 163        ; 7        ; RESERVED_INPUT_WITH_WEAK_PULLUP ;        ;              ;         ; Column I/O ;                 ; --       ; --           ;
; 120      ; 164        ; 7        ; RESERVED_INPUT_WITH_WEAK_PULLUP ;        ;              ;         ; Column I/O ;                 ; no       ; On           ;
; 121      ; 165        ; 7        ; RESERVED_INPUT_WITH_WEAK_PULLUP ;        ;              ;         ; Column I/O ;                 ; no       ; On           ;
; 122      ;            ; 7        ; VCCIO7                          ; power  ;              ; 2.5V    ; --         ;                 ; --       ; --           ;
; 123      ;            ;          ; GND                             ; gnd    ;              ;         ; --         ;                 ; --       ; --           ;
; 124      ; 173        ; 7        ; RESERVED_INPUT_WITH_WEAK_PULLUP ;        ;              ;         ; Column I/O ;                 ; no       ; On           ;
; 125      ; 174        ; 7        ; RESERVED_INPUT_WITH_WEAK_PULLUP ;        ;              ;         ; Column I/O ;                 ; no       ; On           ;
; 126      ; 175        ; 7        ; RESERVED_INPUT_WITH_WEAK_PULLUP ;        ;              ;         ; Column I/O ;                 ; no       ; On           ;
; 127      ; 176        ; 7        ; RESERVED_INPUT_WITH_WEAK_PULLUP ;        ;              ;         ; Column I/O ;                 ; no       ; On           ;
; 128      ; 177        ; 8        ; RESERVED_INPUT_WITH_WEAK_PULLUP ;        ;              ;         ; Column I/O ;                 ; no       ; On           ;
; 129      ; 178        ; 8        ; RESERVED_INPUT_WITH_WEAK_PULLUP ;        ;              ;         ; Column I/O ;                 ; no       ; On           ;
; 130      ;            ; 8        ; VCCIO8                          ; power  ;              ; 2.5V    ; --         ;                 ; --       ; --           ;
; 131      ;            ;          ; GND                             ; gnd    ;              ;         ; --         ;                 ; --       ; --           ;
; 132      ; 181        ; 8        ; RESERVED_INPUT_WITH_WEAK_PULLUP ;        ;              ;         ; Column I/O ;                 ; no       ; On           ;
; 133      ; 182        ; 8        ; RESERVED_INPUT_WITH_WEAK_PULLUP ;        ;              ;         ; Column I/O ;                 ; no       ; On           ;
; 134      ;            ;          ; VCCINT                          ; power  ;              ; 1.2V    ; --         ;                 ; --       ; --           ;
; 135      ; 185        ; 8        ; RESERVED_INPUT_WITH_WEAK_PULLUP ;        ;              ;         ; Column I/O ;                 ; no       ; On           ;
; 136      ; 187        ; 8        ; RESERVED_INPUT_WITH_WEAK_PULLUP ;        ;              ;         ; Column I/O ;                 ; --       ; --           ;
; 137      ; 190        ; 8        ; RESERVED_INPUT_WITH_WEAK_PULLUP ;        ;              ;         ; Column I/O ;                 ; no       ; On           ;
; 138      ; 191        ; 8        ; RESERVED_INPUT_WITH_WEAK_PULLUP ;        ;              ;         ; Column I/O ;                 ; no       ; On           ;
; 139      ;            ; 8        ; VCCIO8                          ; power  ;              ; 2.5V    ; --         ;                 ; --       ; --           ;
; 140      ;            ;          ; GND                             ; gnd    ;              ;         ; --         ;                 ; --       ; --           ;
; 141      ; 195        ; 8        ; RESERVED_INPUT_WITH_WEAK_PULLUP ;        ;              ;         ; Column I/O ;                 ; no       ; On           ;
; 142      ; 201        ; 8        ; RESERVED_INPUT_WITH_WEAK_PULLUP ;        ;              ;         ; Column I/O ;                 ; no       ; On           ;
; 143      ; 202        ; 8        ; RESERVED_INPUT_WITH_WEAK_PULLUP ;        ;              ;         ; Column I/O ;                 ; no       ; On           ;
; 144      ; 203        ; 8        ; RESERVED_INPUT_WITH_WEAK_PULLUP ;        ;              ;         ; Column I/O ;                 ; no       ; On           ;
; EPAD     ;            ;          ; GND                             ;        ;              ;         ; --         ;                 ; --       ; --           ;
+----------+------------+----------+---------------------------------+--------+--------------+---------+------------+-----------------+----------+--------------+
Note: Pin directions (input, output or bidir) are based on device operating in user mode.


+---------------------------------------------------------------------------+
; PLL Summary                                                               ;
+-------------------------------+-------------------------------------------+
; Name                          ; altpll:PLL|altpll_5co:auto_generated|pll1 ;
+-------------------------------+-------------------------------------------+
; SDC pin name                  ; PLL|auto_generated|pll1                   ;
; PLL mode                      ; Normal                                    ;
; Compensate clock              ; clock0                                    ;
; Compensated input/output pins ; --                                        ;
; Switchover type               ; --                                        ;
; Input frequency 0             ; 50.0 MHz                                  ;
; Input frequency 1             ; --                                        ;
; Nominal PFD frequency         ; 50.0 MHz                                  ;
; Nominal VCO frequency         ; 400.0 MHz                                 ;
; VCO post scale K counter      ; 2                                         ;
; VCO frequency control         ; Auto                                      ;
; VCO phase shift step          ; 312 ps                                    ;
; VCO multiply                  ; --                                        ;
; VCO divide                    ; --                                        ;
; Freq min lock                 ; 37.5 MHz                                  ;
; Freq max lock                 ; 81.27 MHz                                 ;
; M VCO Tap                     ; 0                                         ;
; M Initial                     ; 1                                         ;
; M value                       ; 8                                         ;
; N value                       ; 1                                         ;
; Charge pump current           ; setting 1                                 ;
; Loop filter resistance        ; setting 27                                ;
; Loop filter capacitance       ; setting 0                                 ;
; Bandwidth                     ; 1.03 MHz to 1.97 MHz                      ;
; Bandwidth type                ; Medium                                    ;
; Real time reconfigurable      ; Off                                       ;
; Scan chain MIF file           ; --                                        ;
; Preserve PLL counter order    ; Off                                       ;
; PLL location                  ; PLL_2                                     ;
; Inclk0 signal                 ; clk                                       ;
; Inclk1 signal                 ; --                                        ;
; Inclk0 signal type            ; Dedicated Pin                             ;
; Inclk1 signal type            ; --                                        ;
+-------------------------------+-------------------------------------------+


+------------------------------------------------------------------------------------------------------------------------------------------------------------------------------------------------------------------------------------------------------+
; PLL Usage                                                                                                                                                                                                                                            ;
+---------------------------------------------+--------------+------+-----+------------------+-------------+------------------+------------+---------+---------------+------------+---------------+---------+---------+--------------------------------+
; Name                                        ; Output Clock ; Mult ; Div ; Output Frequency ; Phase Shift ; Phase Shift Step ; Duty Cycle ; Counter ; Counter Value ; High / Low ; Cascade Input ; Initial ; VCO Tap ; SDC Pin Name                   ;
+---------------------------------------------+--------------+------+-----+------------------+-------------+------------------+------------+---------+---------------+------------+---------------+---------+---------+--------------------------------+
; altpll:PLL|altpll_5co:auto_generated|clk[0] ; clock0       ; 1    ; 2   ; 25.0 MHz         ; 0 (0 ps)    ; 2.81 (312 ps)    ; 50/50      ; C0      ; 16            ; 8/8 Even   ; --            ; 1       ; 0       ; PLL|auto_generated|pll1|clk[0] ;
; altpll:PLL|altpll_5co:auto_generated|clk[1] ; clock1       ; 8    ; 1   ; 400.0 MHz        ; 0 (0 ps)    ; 45.00 (312 ps)   ; 50/50      ; C1      ; Bypass        ; --         ; --            ; 1       ; 0       ; PLL|auto_generated|pll1|clk[1] ;
+---------------------------------------------+--------------+------+-----+------------------+-------------+------------------+------------+---------+---------------+------------+---------------+---------+---------+--------------------------------+


+------------------------------------------+
; I/O Assignment Warnings                  ;
+----------+-------------------------------+
; Pin Name ; Reason                        ;
+----------+-------------------------------+
; leds[0]  ; Incomplete set of assignments ;
; leds[1]  ; Incomplete set of assignments ;
; leds[2]  ; Incomplete set of assignments ;
; leds[3]  ; Incomplete set of assignments ;
; tx       ; Incomplete set of assignments ;
; reset    ; Incomplete set of assignments ;
; clk      ; Incomplete set of assignments ;
+----------+-------------------------------+


+----------------------------------------------------------------------------------------------------------------------------------------------------------------------------------------------------------------------------------------------------------------------------------------------------------------------------------------------------------------------------------------------------------------------------+
; Fitter Resource Utilization by Entity                                                                                                                                                                                                                                                                                                                                                                                      ;
+---------------------------------------------------+-------------+---------------------------+---------------+-------------+--------------+---------+-----------+------+--------------+--------------+-------------------+------------------+------------------------------------------------------------------------------------------------------------------------------------------------+---------------+--------------+
; Compilation Hierarchy Node                        ; Logic Cells ; Dedicated Logic Registers ; I/O Registers ; Memory Bits ; DSP Elements ; DSP 9x9 ; DSP 18x18 ; Pins ; Virtual Pins ; LUT-Only LCs ; Register-Only LCs ; LUT/Register LCs ; Full Hierarchy Name                                                                                                                            ; Entity Name   ; Library Name ;
+---------------------------------------------------+-------------+---------------------------+---------------+-------------+--------------+---------+-----------+------+--------------+--------------+-------------------+------------------+------------------------------------------------------------------------------------------------------------------------------------------------+---------------+--------------+
; |hello                                            ; 0 (0)       ; 1515 (41)                 ; 0 (0)         ; 0           ; 30           ; 0       ; 15        ; 7    ; 0            ; 0 (0)        ; 0 (0)             ; 0 (0)            ; |hello                                                                                                                                         ; hello         ; work         ;
;    |altpll:PLL|                                   ; 0 (0)       ; 0 (0)                     ; 0 (0)         ; 0           ; 0            ; 0       ; 0         ; 0    ; 0            ; 0 (0)        ; 0 (0)             ; 0 (0)            ; |hello|altpll:PLL                                                                                                                              ; altpll        ; work         ;
;       |altpll_5co:auto_generated|                 ; 0 (0)       ; 0 (0)                     ; 0 (0)         ; 0           ; 0            ; 0       ; 0         ; 0    ; 0            ; 0 (0)        ; 0 (0)             ; 0 (0)            ; |hello|altpll:PLL|altpll_5co:auto_generated                                                                                                    ; altpll_5co    ; work         ;
;    |pollard:pollard0|                             ; 0 (0)       ; 1460 (1203)               ; 0 (0)         ; 0           ; 30           ; 0       ; 15        ; 0    ; 0            ; 0 (0)        ; 0 (0)             ; 0 (0)            ; |hello|pollard:pollard0                                                                                                                        ; pollard       ; work         ;
;       |gcd:gcd0|                                  ; 0 (0)       ; 257 (257)                 ; 0 (0)         ; 0           ; 0            ; 0       ; 0         ; 0    ; 0            ; 0 (0)        ; 0 (0)             ; 0 (0)            ; |hello|pollard:pollard0|gcd:gcd0                                                                                                               ; gcd           ; work         ;
;       |lpm_mult:Mult0|                            ; 0 (0)       ; 0 (0)                     ; 0 (0)         ; 0           ; 30           ; 0       ; 15        ; 0    ; 0            ; 0 (0)        ; 0 (0)             ; 0 (0)            ; |hello|pollard:pollard0|lpm_mult:Mult0                                                                                                         ; lpm_mult      ; work         ;
;          |mult_uht:auto_generated|                ; 0 (0)       ; 0 (0)                     ; 0 (0)         ; 0           ; 30           ; 0       ; 15        ; 0    ; 0            ; 0 (0)        ; 0 (0)             ; 0 (0)            ; |hello|pollard:pollard0|lpm_mult:Mult0|mult_uht:auto_generated                                                                                 ; mult_uht      ; work         ;
;             |alt_mac_mult:mac_mult101|            ; 0 (0)       ; 0 (0)                     ; 0 (0)         ; 0           ; 0            ; 0       ; 0         ; 0    ; 0            ; 0 (0)        ; 0 (0)             ; 0 (0)            ; |hello|pollard:pollard0|lpm_mult:Mult0|mult_uht:auto_generated|alt_mac_mult:mac_mult101                                                        ; alt_mac_mult  ; work         ;
;                |mac_mult_2vg1:auto_generated|     ; 0 (0)       ; 0 (0)                     ; 0 (0)         ; 0           ; 0            ; 0       ; 0         ; 0    ; 0            ; 0 (0)        ; 0 (0)             ; 0 (0)            ; |hello|pollard:pollard0|lpm_mult:Mult0|mult_uht:auto_generated|alt_mac_mult:mac_mult101|mac_mult_2vg1:auto_generated                           ; mac_mult_2vg1 ; work         ;
;                   |mult_qql:mult1|                ; 0 (0)       ; 0 (0)                     ; 0 (0)         ; 0           ; 0            ; 0       ; 0         ; 0    ; 0            ; 0 (0)        ; 0 (0)             ; 0 (0)            ; |hello|pollard:pollard0|lpm_mult:Mult0|mult_uht:auto_generated|alt_mac_mult:mac_mult101|mac_mult_2vg1:auto_generated|mult_qql:mult1            ; mult_qql      ; work         ;
;             |alt_mac_mult:mac_mult103|            ; 0 (0)       ; 0 (0)                     ; 0 (0)         ; 0           ; 0            ; 0       ; 0         ; 0    ; 0            ; 0 (0)        ; 0 (0)             ; 0 (0)            ; |hello|pollard:pollard0|lpm_mult:Mult0|mult_uht:auto_generated|alt_mac_mult:mac_mult103                                                        ; alt_mac_mult  ; work         ;
;                |mac_mult_2vg1:auto_generated|     ; 0 (0)       ; 0 (0)                     ; 0 (0)         ; 0           ; 0            ; 0       ; 0         ; 0    ; 0            ; 0 (0)        ; 0 (0)             ; 0 (0)            ; |hello|pollard:pollard0|lpm_mult:Mult0|mult_uht:auto_generated|alt_mac_mult:mac_mult103|mac_mult_2vg1:auto_generated                           ; mac_mult_2vg1 ; work         ;
;                   |mult_qql:mult1|                ; 0 (0)       ; 0 (0)                     ; 0 (0)         ; 0           ; 0            ; 0       ; 0         ; 0    ; 0            ; 0 (0)        ; 0 (0)             ; 0 (0)            ; |hello|pollard:pollard0|lpm_mult:Mult0|mult_uht:auto_generated|alt_mac_mult:mac_mult103|mac_mult_2vg1:auto_generated|mult_qql:mult1            ; mult_qql      ; work         ;
;             |alt_mac_mult:mac_mult105|            ; 0 (0)       ; 0 (0)                     ; 0 (0)         ; 0           ; 0            ; 0       ; 0         ; 0    ; 0            ; 0 (0)        ; 0 (0)             ; 0 (0)            ; |hello|pollard:pollard0|lpm_mult:Mult0|mult_uht:auto_generated|alt_mac_mult:mac_mult105                                                        ; alt_mac_mult  ; work         ;
;                |mac_mult_2vg1:auto_generated|     ; 0 (0)       ; 0 (0)                     ; 0 (0)         ; 0           ; 0            ; 0       ; 0         ; 0    ; 0            ; 0 (0)        ; 0 (0)             ; 0 (0)            ; |hello|pollard:pollard0|lpm_mult:Mult0|mult_uht:auto_generated|alt_mac_mult:mac_mult105|mac_mult_2vg1:auto_generated                           ; mac_mult_2vg1 ; work         ;
;                   |mult_qql:mult1|                ; 0 (0)       ; 0 (0)                     ; 0 (0)         ; 0           ; 0            ; 0       ; 0         ; 0    ; 0            ; 0 (0)        ; 0 (0)             ; 0 (0)            ; |hello|pollard:pollard0|lpm_mult:Mult0|mult_uht:auto_generated|alt_mac_mult:mac_mult105|mac_mult_2vg1:auto_generated|mult_qql:mult1            ; mult_qql      ; work         ;
;             |alt_mac_mult:mac_mult107|            ; 0 (0)       ; 0 (0)                     ; 0 (0)         ; 0           ; 0            ; 0       ; 0         ; 0    ; 0            ; 0 (0)        ; 0 (0)             ; 0 (0)            ; |hello|pollard:pollard0|lpm_mult:Mult0|mult_uht:auto_generated|alt_mac_mult:mac_mult107                                                        ; alt_mac_mult  ; work         ;
;                |mac_mult_2vg1:auto_generated|     ; 0 (0)       ; 0 (0)                     ; 0 (0)         ; 0           ; 0            ; 0       ; 0         ; 0    ; 0            ; 0 (0)        ; 0 (0)             ; 0 (0)            ; |hello|pollard:pollard0|lpm_mult:Mult0|mult_uht:auto_generated|alt_mac_mult:mac_mult107|mac_mult_2vg1:auto_generated                           ; mac_mult_2vg1 ; work         ;
;                   |mult_qql:mult1|                ; 0 (0)       ; 0 (0)                     ; 0 (0)         ; 0           ; 0            ; 0       ; 0         ; 0    ; 0            ; 0 (0)        ; 0 (0)             ; 0 (0)            ; |hello|pollard:pollard0|lpm_mult:Mult0|mult_uht:auto_generated|alt_mac_mult:mac_mult107|mac_mult_2vg1:auto_generated|mult_qql:mult1            ; mult_qql      ; work         ;
;             |alt_mac_mult:mac_mult109|            ; 0 (0)       ; 0 (0)                     ; 0 (0)         ; 0           ; 0            ; 0       ; 0         ; 0    ; 0            ; 0 (0)        ; 0 (0)             ; 0 (0)            ; |hello|pollard:pollard0|lpm_mult:Mult0|mult_uht:auto_generated|alt_mac_mult:mac_mult109                                                        ; alt_mac_mult  ; work         ;
;                |mac_mult_2vg1:auto_generated|     ; 0 (0)       ; 0 (0)                     ; 0 (0)         ; 0           ; 0            ; 0       ; 0         ; 0    ; 0            ; 0 (0)        ; 0 (0)             ; 0 (0)            ; |hello|pollard:pollard0|lpm_mult:Mult0|mult_uht:auto_generated|alt_mac_mult:mac_mult109|mac_mult_2vg1:auto_generated                           ; mac_mult_2vg1 ; work         ;
;                   |mult_qql:mult1|                ; 0 (0)       ; 0 (0)                     ; 0 (0)         ; 0           ; 0            ; 0       ; 0         ; 0    ; 0            ; 0 (0)        ; 0 (0)             ; 0 (0)            ; |hello|pollard:pollard0|lpm_mult:Mult0|mult_uht:auto_generated|alt_mac_mult:mac_mult109|mac_mult_2vg1:auto_generated|mult_qql:mult1            ; mult_qql      ; work         ;
;             |alt_mac_mult:mac_mult111|            ; 0 (0)       ; 0 (0)                     ; 0 (0)         ; 0           ; 0            ; 0       ; 0         ; 0    ; 0            ; 0 (0)        ; 0 (0)             ; 0 (0)            ; |hello|pollard:pollard0|lpm_mult:Mult0|mult_uht:auto_generated|alt_mac_mult:mac_mult111                                                        ; alt_mac_mult  ; work         ;
;                |mac_mult_2vg1:auto_generated|     ; 0 (0)       ; 0 (0)                     ; 0 (0)         ; 0           ; 0            ; 0       ; 0         ; 0    ; 0            ; 0 (0)        ; 0 (0)             ; 0 (0)            ; |hello|pollard:pollard0|lpm_mult:Mult0|mult_uht:auto_generated|alt_mac_mult:mac_mult111|mac_mult_2vg1:auto_generated                           ; mac_mult_2vg1 ; work         ;
;                   |mult_qql:mult1|                ; 0 (0)       ; 0 (0)                     ; 0 (0)         ; 0           ; 0            ; 0       ; 0         ; 0    ; 0            ; 0 (0)        ; 0 (0)             ; 0 (0)            ; |hello|pollard:pollard0|lpm_mult:Mult0|mult_uht:auto_generated|alt_mac_mult:mac_mult111|mac_mult_2vg1:auto_generated|mult_qql:mult1            ; mult_qql      ; work         ;
;             |alt_mac_mult:mac_mult113|            ; 0 (0)       ; 0 (0)                     ; 0 (0)         ; 0           ; 0            ; 0       ; 0         ; 0    ; 0            ; 0 (0)        ; 0 (0)             ; 0 (0)            ; |hello|pollard:pollard0|lpm_mult:Mult0|mult_uht:auto_generated|alt_mac_mult:mac_mult113                                                        ; alt_mac_mult  ; work         ;
;                |mac_mult_2vg1:auto_generated|     ; 0 (0)       ; 0 (0)                     ; 0 (0)         ; 0           ; 0            ; 0       ; 0         ; 0    ; 0            ; 0 (0)        ; 0 (0)             ; 0 (0)            ; |hello|pollard:pollard0|lpm_mult:Mult0|mult_uht:auto_generated|alt_mac_mult:mac_mult113|mac_mult_2vg1:auto_generated                           ; mac_mult_2vg1 ; work         ;
;                   |mult_qql:mult1|                ; 0 (0)       ; 0 (0)                     ; 0 (0)         ; 0           ; 0            ; 0       ; 0         ; 0    ; 0            ; 0 (0)        ; 0 (0)             ; 0 (0)            ; |hello|pollard:pollard0|lpm_mult:Mult0|mult_uht:auto_generated|alt_mac_mult:mac_mult113|mac_mult_2vg1:auto_generated|mult_qql:mult1            ; mult_qql      ; work         ;
;             |alt_mac_mult:mac_mult11|             ; 0 (0)       ; 0 (0)                     ; 0 (0)         ; 0           ; 0            ; 0       ; 0         ; 0    ; 0            ; 0 (0)        ; 0 (0)             ; 0 (0)            ; |hello|pollard:pollard0|lpm_mult:Mult0|mult_uht:auto_generated|alt_mac_mult:mac_mult11                                                         ; alt_mac_mult  ; work         ;
;                |mac_mult_2vg1:auto_generated|     ; 0 (0)       ; 0 (0)                     ; 0 (0)         ; 0           ; 0            ; 0       ; 0         ; 0    ; 0            ; 0 (0)        ; 0 (0)             ; 0 (0)            ; |hello|pollard:pollard0|lpm_mult:Mult0|mult_uht:auto_generated|alt_mac_mult:mac_mult11|mac_mult_2vg1:auto_generated                            ; mac_mult_2vg1 ; work         ;
;                   |mult_qql:mult1|                ; 0 (0)       ; 0 (0)                     ; 0 (0)         ; 0           ; 0            ; 0       ; 0         ; 0    ; 0            ; 0 (0)        ; 0 (0)             ; 0 (0)            ; |hello|pollard:pollard0|lpm_mult:Mult0|mult_uht:auto_generated|alt_mac_mult:mac_mult11|mac_mult_2vg1:auto_generated|mult_qql:mult1             ; mult_qql      ; work         ;
;             |alt_mac_mult:mac_mult121|            ; 0 (0)       ; 0 (0)                     ; 0 (0)         ; 0           ; 0            ; 0       ; 0         ; 0    ; 0            ; 0 (0)        ; 0 (0)             ; 0 (0)            ; |hello|pollard:pollard0|lpm_mult:Mult0|mult_uht:auto_generated|alt_mac_mult:mac_mult121                                                        ; alt_mac_mult  ; work         ;
;                |mac_mult_2vg1:auto_generated|     ; 0 (0)       ; 0 (0)                     ; 0 (0)         ; 0           ; 0            ; 0       ; 0         ; 0    ; 0            ; 0 (0)        ; 0 (0)             ; 0 (0)            ; |hello|pollard:pollard0|lpm_mult:Mult0|mult_uht:auto_generated|alt_mac_mult:mac_mult121|mac_mult_2vg1:auto_generated                           ; mac_mult_2vg1 ; work         ;
;                   |mult_qql:mult1|                ; 0 (0)       ; 0 (0)                     ; 0 (0)         ; 0           ; 0            ; 0       ; 0         ; 0    ; 0            ; 0 (0)        ; 0 (0)             ; 0 (0)            ; |hello|pollard:pollard0|lpm_mult:Mult0|mult_uht:auto_generated|alt_mac_mult:mac_mult121|mac_mult_2vg1:auto_generated|mult_qql:mult1            ; mult_qql      ; work         ;
;             |alt_mac_mult:mac_mult123|            ; 0 (0)       ; 0 (0)                     ; 0 (0)         ; 0           ; 0            ; 0       ; 0         ; 0    ; 0            ; 0 (0)        ; 0 (0)             ; 0 (0)            ; |hello|pollard:pollard0|lpm_mult:Mult0|mult_uht:auto_generated|alt_mac_mult:mac_mult123                                                        ; alt_mac_mult  ; work         ;
;                |mac_mult_2vg1:auto_generated|     ; 0 (0)       ; 0 (0)                     ; 0 (0)         ; 0           ; 0            ; 0       ; 0         ; 0    ; 0            ; 0 (0)        ; 0 (0)             ; 0 (0)            ; |hello|pollard:pollard0|lpm_mult:Mult0|mult_uht:auto_generated|alt_mac_mult:mac_mult123|mac_mult_2vg1:auto_generated                           ; mac_mult_2vg1 ; work         ;
;                   |mult_qql:mult1|                ; 0 (0)       ; 0 (0)                     ; 0 (0)         ; 0           ; 0            ; 0       ; 0         ; 0    ; 0            ; 0 (0)        ; 0 (0)             ; 0 (0)            ; |hello|pollard:pollard0|lpm_mult:Mult0|mult_uht:auto_generated|alt_mac_mult:mac_mult123|mac_mult_2vg1:auto_generated|mult_qql:mult1            ; mult_qql      ; work         ;
;             |alt_mac_mult:mac_mult125|            ; 0 (0)       ; 0 (0)                     ; 0 (0)         ; 0           ; 0            ; 0       ; 0         ; 0    ; 0            ; 0 (0)        ; 0 (0)             ; 0 (0)            ; |hello|pollard:pollard0|lpm_mult:Mult0|mult_uht:auto_generated|alt_mac_mult:mac_mult125                                                        ; alt_mac_mult  ; work         ;
;                |mac_mult_2vg1:auto_generated|     ; 0 (0)       ; 0 (0)                     ; 0 (0)         ; 0           ; 0            ; 0       ; 0         ; 0    ; 0            ; 0 (0)        ; 0 (0)             ; 0 (0)            ; |hello|pollard:pollard0|lpm_mult:Mult0|mult_uht:auto_generated|alt_mac_mult:mac_mult125|mac_mult_2vg1:auto_generated                           ; mac_mult_2vg1 ; work         ;
;                   |mult_qql:mult1|                ; 0 (0)       ; 0 (0)                     ; 0 (0)         ; 0           ; 0            ; 0       ; 0         ; 0    ; 0            ; 0 (0)        ; 0 (0)             ; 0 (0)            ; |hello|pollard:pollard0|lpm_mult:Mult0|mult_uht:auto_generated|alt_mac_mult:mac_mult125|mac_mult_2vg1:auto_generated|mult_qql:mult1            ; mult_qql      ; work         ;
;             |alt_mac_mult:mac_mult127|            ; 0 (0)       ; 0 (0)                     ; 0 (0)         ; 0           ; 0            ; 0       ; 0         ; 0    ; 0            ; 0 (0)        ; 0 (0)             ; 0 (0)            ; |hello|pollard:pollard0|lpm_mult:Mult0|mult_uht:auto_generated|alt_mac_mult:mac_mult127                                                        ; alt_mac_mult  ; work         ;
;                |mac_mult_2vg1:auto_generated|     ; 0 (0)       ; 0 (0)                     ; 0 (0)         ; 0           ; 0            ; 0       ; 0         ; 0    ; 0            ; 0 (0)        ; 0 (0)             ; 0 (0)            ; |hello|pollard:pollard0|lpm_mult:Mult0|mult_uht:auto_generated|alt_mac_mult:mac_mult127|mac_mult_2vg1:auto_generated                           ; mac_mult_2vg1 ; work         ;
;                   |mult_qql:mult1|                ; 0 (0)       ; 0 (0)                     ; 0 (0)         ; 0           ; 0            ; 0       ; 0         ; 0    ; 0            ; 0 (0)        ; 0 (0)             ; 0 (0)            ; |hello|pollard:pollard0|lpm_mult:Mult0|mult_uht:auto_generated|alt_mac_mult:mac_mult127|mac_mult_2vg1:auto_generated|mult_qql:mult1            ; mult_qql      ; work         ;
;             |alt_mac_mult:mac_mult129|            ; 0 (0)       ; 0 (0)                     ; 0 (0)         ; 0           ; 0            ; 0       ; 0         ; 0    ; 0            ; 0 (0)        ; 0 (0)             ; 0 (0)            ; |hello|pollard:pollard0|lpm_mult:Mult0|mult_uht:auto_generated|alt_mac_mult:mac_mult129                                                        ; alt_mac_mult  ; work         ;
;                |mac_mult_2vg1:auto_generated|     ; 0 (0)       ; 0 (0)                     ; 0 (0)         ; 0           ; 0            ; 0       ; 0         ; 0    ; 0            ; 0 (0)        ; 0 (0)             ; 0 (0)            ; |hello|pollard:pollard0|lpm_mult:Mult0|mult_uht:auto_generated|alt_mac_mult:mac_mult129|mac_mult_2vg1:auto_generated                           ; mac_mult_2vg1 ; work         ;
;                   |mult_qql:mult1|                ; 0 (0)       ; 0 (0)                     ; 0 (0)         ; 0           ; 0            ; 0       ; 0         ; 0    ; 0            ; 0 (0)        ; 0 (0)             ; 0 (0)            ; |hello|pollard:pollard0|lpm_mult:Mult0|mult_uht:auto_generated|alt_mac_mult:mac_mult129|mac_mult_2vg1:auto_generated|mult_qql:mult1            ; mult_qql      ; work         ;
;             |alt_mac_mult:mac_mult131|            ; 0 (0)       ; 0 (0)                     ; 0 (0)         ; 0           ; 0            ; 0       ; 0         ; 0    ; 0            ; 0 (0)        ; 0 (0)             ; 0 (0)            ; |hello|pollard:pollard0|lpm_mult:Mult0|mult_uht:auto_generated|alt_mac_mult:mac_mult131                                                        ; alt_mac_mult  ; work         ;
;                |mac_mult_2vg1:auto_generated|     ; 0 (0)       ; 0 (0)                     ; 0 (0)         ; 0           ; 0            ; 0       ; 0         ; 0    ; 0            ; 0 (0)        ; 0 (0)             ; 0 (0)            ; |hello|pollard:pollard0|lpm_mult:Mult0|mult_uht:auto_generated|alt_mac_mult:mac_mult131|mac_mult_2vg1:auto_generated                           ; mac_mult_2vg1 ; work         ;
;                   |mult_qql:mult1|                ; 0 (0)       ; 0 (0)                     ; 0 (0)         ; 0           ; 0            ; 0       ; 0         ; 0    ; 0            ; 0 (0)        ; 0 (0)             ; 0 (0)            ; |hello|pollard:pollard0|lpm_mult:Mult0|mult_uht:auto_generated|alt_mac_mult:mac_mult131|mac_mult_2vg1:auto_generated|mult_qql:mult1            ; mult_qql      ; work         ;
;             |alt_mac_mult:mac_mult133|            ; 0 (0)       ; 0 (0)                     ; 0 (0)         ; 0           ; 0            ; 0       ; 0         ; 0    ; 0            ; 0 (0)        ; 0 (0)             ; 0 (0)            ; |hello|pollard:pollard0|lpm_mult:Mult0|mult_uht:auto_generated|alt_mac_mult:mac_mult133                                                        ; alt_mac_mult  ; work         ;
;                |mac_mult_2vg1:auto_generated|     ; 0 (0)       ; 0 (0)                     ; 0 (0)         ; 0           ; 0            ; 0       ; 0         ; 0    ; 0            ; 0 (0)        ; 0 (0)             ; 0 (0)            ; |hello|pollard:pollard0|lpm_mult:Mult0|mult_uht:auto_generated|alt_mac_mult:mac_mult133|mac_mult_2vg1:auto_generated                           ; mac_mult_2vg1 ; work         ;
;                   |mult_qql:mult1|                ; 0 (0)       ; 0 (0)                     ; 0 (0)         ; 0           ; 0            ; 0       ; 0         ; 0    ; 0            ; 0 (0)        ; 0 (0)             ; 0 (0)            ; |hello|pollard:pollard0|lpm_mult:Mult0|mult_uht:auto_generated|alt_mac_mult:mac_mult133|mac_mult_2vg1:auto_generated|mult_qql:mult1            ; mult_qql      ; work         ;
;             |alt_mac_mult:mac_mult135|            ; 0 (0)       ; 0 (0)                     ; 0 (0)         ; 0           ; 0            ; 0       ; 0         ; 0    ; 0            ; 0 (0)        ; 0 (0)             ; 0 (0)            ; |hello|pollard:pollard0|lpm_mult:Mult0|mult_uht:auto_generated|alt_mac_mult:mac_mult135                                                        ; alt_mac_mult  ; work         ;
;                |mac_mult_2vg1:auto_generated|     ; 0 (0)       ; 0 (0)                     ; 0 (0)         ; 0           ; 0            ; 0       ; 0         ; 0    ; 0            ; 0 (0)        ; 0 (0)             ; 0 (0)            ; |hello|pollard:pollard0|lpm_mult:Mult0|mult_uht:auto_generated|alt_mac_mult:mac_mult135|mac_mult_2vg1:auto_generated                           ; mac_mult_2vg1 ; work         ;
;                   |mult_qql:mult1|                ; 0 (0)       ; 0 (0)                     ; 0 (0)         ; 0           ; 0            ; 0       ; 0         ; 0    ; 0            ; 0 (0)        ; 0 (0)             ; 0 (0)            ; |hello|pollard:pollard0|lpm_mult:Mult0|mult_uht:auto_generated|alt_mac_mult:mac_mult135|mac_mult_2vg1:auto_generated|mult_qql:mult1            ; mult_qql      ; work         ;
;             |alt_mac_mult:mac_mult137|            ; 0 (0)       ; 0 (0)                     ; 0 (0)         ; 0           ; 0            ; 0       ; 0         ; 0    ; 0            ; 0 (0)        ; 0 (0)             ; 0 (0)            ; |hello|pollard:pollard0|lpm_mult:Mult0|mult_uht:auto_generated|alt_mac_mult:mac_mult137                                                        ; alt_mac_mult  ; work         ;
;                |mac_mult_2vg1:auto_generated|     ; 0 (0)       ; 0 (0)                     ; 0 (0)         ; 0           ; 0            ; 0       ; 0         ; 0    ; 0            ; 0 (0)        ; 0 (0)             ; 0 (0)            ; |hello|pollard:pollard0|lpm_mult:Mult0|mult_uht:auto_generated|alt_mac_mult:mac_mult137|mac_mult_2vg1:auto_generated                           ; mac_mult_2vg1 ; work         ;
;                   |mult_qql:mult1|                ; 0 (0)       ; 0 (0)                     ; 0 (0)         ; 0           ; 0            ; 0       ; 0         ; 0    ; 0            ; 0 (0)        ; 0 (0)             ; 0 (0)            ; |hello|pollard:pollard0|lpm_mult:Mult0|mult_uht:auto_generated|alt_mac_mult:mac_mult137|mac_mult_2vg1:auto_generated|mult_qql:mult1            ; mult_qql      ; work         ;
;             |alt_mac_mult:mac_mult139|            ; 0 (0)       ; 0 (0)                     ; 0 (0)         ; 0           ; 0            ; 0       ; 0         ; 0    ; 0            ; 0 (0)        ; 0 (0)             ; 0 (0)            ; |hello|pollard:pollard0|lpm_mult:Mult0|mult_uht:auto_generated|alt_mac_mult:mac_mult139                                                        ; alt_mac_mult  ; work         ;
;                |mac_mult_2vg1:auto_generated|     ; 0 (0)       ; 0 (0)                     ; 0 (0)         ; 0           ; 0            ; 0       ; 0         ; 0    ; 0            ; 0 (0)        ; 0 (0)             ; 0 (0)            ; |hello|pollard:pollard0|lpm_mult:Mult0|mult_uht:auto_generated|alt_mac_mult:mac_mult139|mac_mult_2vg1:auto_generated                           ; mac_mult_2vg1 ; work         ;
;                   |mult_qql:mult1|                ; 0 (0)       ; 0 (0)                     ; 0 (0)         ; 0           ; 0            ; 0       ; 0         ; 0    ; 0            ; 0 (0)        ; 0 (0)             ; 0 (0)            ; |hello|pollard:pollard0|lpm_mult:Mult0|mult_uht:auto_generated|alt_mac_mult:mac_mult139|mac_mult_2vg1:auto_generated|mult_qql:mult1            ; mult_qql      ; work         ;
;             |alt_mac_mult:mac_mult13|             ; 0 (0)       ; 0 (0)                     ; 0 (0)         ; 0           ; 0            ; 0       ; 0         ; 0    ; 0            ; 0 (0)        ; 0 (0)             ; 0 (0)            ; |hello|pollard:pollard0|lpm_mult:Mult0|mult_uht:auto_generated|alt_mac_mult:mac_mult13                                                         ; alt_mac_mult  ; work         ;
;                |mac_mult_2vg1:auto_generated|     ; 0 (0)       ; 0 (0)                     ; 0 (0)         ; 0           ; 0            ; 0       ; 0         ; 0    ; 0            ; 0 (0)        ; 0 (0)             ; 0 (0)            ; |hello|pollard:pollard0|lpm_mult:Mult0|mult_uht:auto_generated|alt_mac_mult:mac_mult13|mac_mult_2vg1:auto_generated                            ; mac_mult_2vg1 ; work         ;
;                   |mult_qql:mult1|                ; 0 (0)       ; 0 (0)                     ; 0 (0)         ; 0           ; 0            ; 0       ; 0         ; 0    ; 0            ; 0 (0)        ; 0 (0)             ; 0 (0)            ; |hello|pollard:pollard0|lpm_mult:Mult0|mult_uht:auto_generated|alt_mac_mult:mac_mult13|mac_mult_2vg1:auto_generated|mult_qql:mult1             ; mult_qql      ; work         ;
;             |alt_mac_mult:mac_mult141|            ; 0 (0)       ; 0 (0)                     ; 0 (0)         ; 0           ; 0            ; 0       ; 0         ; 0    ; 0            ; 0 (0)        ; 0 (0)             ; 0 (0)            ; |hello|pollard:pollard0|lpm_mult:Mult0|mult_uht:auto_generated|alt_mac_mult:mac_mult141                                                        ; alt_mac_mult  ; work         ;
;                |mac_mult_2vg1:auto_generated|     ; 0 (0)       ; 0 (0)                     ; 0 (0)         ; 0           ; 0            ; 0       ; 0         ; 0    ; 0            ; 0 (0)        ; 0 (0)             ; 0 (0)            ; |hello|pollard:pollard0|lpm_mult:Mult0|mult_uht:auto_generated|alt_mac_mult:mac_mult141|mac_mult_2vg1:auto_generated                           ; mac_mult_2vg1 ; work         ;
;                   |mult_qql:mult1|                ; 0 (0)       ; 0 (0)                     ; 0 (0)         ; 0           ; 0            ; 0       ; 0         ; 0    ; 0            ; 0 (0)        ; 0 (0)             ; 0 (0)            ; |hello|pollard:pollard0|lpm_mult:Mult0|mult_uht:auto_generated|alt_mac_mult:mac_mult141|mac_mult_2vg1:auto_generated|mult_qql:mult1            ; mult_qql      ; work         ;
;             |alt_mac_mult:mac_mult151|            ; 0 (0)       ; 0 (0)                     ; 0 (0)         ; 0           ; 0            ; 0       ; 0         ; 0    ; 0            ; 0 (0)        ; 0 (0)             ; 0 (0)            ; |hello|pollard:pollard0|lpm_mult:Mult0|mult_uht:auto_generated|alt_mac_mult:mac_mult151                                                        ; alt_mac_mult  ; work         ;
;                |mac_mult_2vg1:auto_generated|     ; 0 (0)       ; 0 (0)                     ; 0 (0)         ; 0           ; 0            ; 0       ; 0         ; 0    ; 0            ; 0 (0)        ; 0 (0)             ; 0 (0)            ; |hello|pollard:pollard0|lpm_mult:Mult0|mult_uht:auto_generated|alt_mac_mult:mac_mult151|mac_mult_2vg1:auto_generated                           ; mac_mult_2vg1 ; work         ;
;                   |mult_qql:mult1|                ; 0 (0)       ; 0 (0)                     ; 0 (0)         ; 0           ; 0            ; 0       ; 0         ; 0    ; 0            ; 0 (0)        ; 0 (0)             ; 0 (0)            ; |hello|pollard:pollard0|lpm_mult:Mult0|mult_uht:auto_generated|alt_mac_mult:mac_mult151|mac_mult_2vg1:auto_generated|mult_qql:mult1            ; mult_qql      ; work         ;
;             |alt_mac_mult:mac_mult153|            ; 0 (0)       ; 0 (0)                     ; 0 (0)         ; 0           ; 0            ; 0       ; 0         ; 0    ; 0            ; 0 (0)        ; 0 (0)             ; 0 (0)            ; |hello|pollard:pollard0|lpm_mult:Mult0|mult_uht:auto_generated|alt_mac_mult:mac_mult153                                                        ; alt_mac_mult  ; work         ;
;                |mac_mult_2vg1:auto_generated|     ; 0 (0)       ; 0 (0)                     ; 0 (0)         ; 0           ; 0            ; 0       ; 0         ; 0    ; 0            ; 0 (0)        ; 0 (0)             ; 0 (0)            ; |hello|pollard:pollard0|lpm_mult:Mult0|mult_uht:auto_generated|alt_mac_mult:mac_mult153|mac_mult_2vg1:auto_generated                           ; mac_mult_2vg1 ; work         ;
;                   |mult_qql:mult1|                ; 0 (0)       ; 0 (0)                     ; 0 (0)         ; 0           ; 0            ; 0       ; 0         ; 0    ; 0            ; 0 (0)        ; 0 (0)             ; 0 (0)            ; |hello|pollard:pollard0|lpm_mult:Mult0|mult_uht:auto_generated|alt_mac_mult:mac_mult153|mac_mult_2vg1:auto_generated|mult_qql:mult1            ; mult_qql      ; work         ;
;             |alt_mac_mult:mac_mult155|            ; 0 (0)       ; 0 (0)                     ; 0 (0)         ; 0           ; 0            ; 0       ; 0         ; 0    ; 0            ; 0 (0)        ; 0 (0)             ; 0 (0)            ; |hello|pollard:pollard0|lpm_mult:Mult0|mult_uht:auto_generated|alt_mac_mult:mac_mult155                                                        ; alt_mac_mult  ; work         ;
;                |mac_mult_2vg1:auto_generated|     ; 0 (0)       ; 0 (0)                     ; 0 (0)         ; 0           ; 0            ; 0       ; 0         ; 0    ; 0            ; 0 (0)        ; 0 (0)             ; 0 (0)            ; |hello|pollard:pollard0|lpm_mult:Mult0|mult_uht:auto_generated|alt_mac_mult:mac_mult155|mac_mult_2vg1:auto_generated                           ; mac_mult_2vg1 ; work         ;
;                   |mult_qql:mult1|                ; 0 (0)       ; 0 (0)                     ; 0 (0)         ; 0           ; 0            ; 0       ; 0         ; 0    ; 0            ; 0 (0)        ; 0 (0)             ; 0 (0)            ; |hello|pollard:pollard0|lpm_mult:Mult0|mult_uht:auto_generated|alt_mac_mult:mac_mult155|mac_mult_2vg1:auto_generated|mult_qql:mult1            ; mult_qql      ; work         ;
;             |alt_mac_mult:mac_mult157|            ; 0 (0)       ; 0 (0)                     ; 0 (0)         ; 0           ; 0            ; 0       ; 0         ; 0    ; 0            ; 0 (0)        ; 0 (0)             ; 0 (0)            ; |hello|pollard:pollard0|lpm_mult:Mult0|mult_uht:auto_generated|alt_mac_mult:mac_mult157                                                        ; alt_mac_mult  ; work         ;
;                |mac_mult_2vg1:auto_generated|     ; 0 (0)       ; 0 (0)                     ; 0 (0)         ; 0           ; 0            ; 0       ; 0         ; 0    ; 0            ; 0 (0)        ; 0 (0)             ; 0 (0)            ; |hello|pollard:pollard0|lpm_mult:Mult0|mult_uht:auto_generated|alt_mac_mult:mac_mult157|mac_mult_2vg1:auto_generated                           ; mac_mult_2vg1 ; work         ;
;                   |mult_qql:mult1|                ; 0 (0)       ; 0 (0)                     ; 0 (0)         ; 0           ; 0            ; 0       ; 0         ; 0    ; 0            ; 0 (0)        ; 0 (0)             ; 0 (0)            ; |hello|pollard:pollard0|lpm_mult:Mult0|mult_uht:auto_generated|alt_mac_mult:mac_mult157|mac_mult_2vg1:auto_generated|mult_qql:mult1            ; mult_qql      ; work         ;
;             |alt_mac_mult:mac_mult159|            ; 0 (0)       ; 0 (0)                     ; 0 (0)         ; 0           ; 0            ; 0       ; 0         ; 0    ; 0            ; 0 (0)        ; 0 (0)             ; 0 (0)            ; |hello|pollard:pollard0|lpm_mult:Mult0|mult_uht:auto_generated|alt_mac_mult:mac_mult159                                                        ; alt_mac_mult  ; work         ;
;                |mac_mult_2vg1:auto_generated|     ; 0 (0)       ; 0 (0)                     ; 0 (0)         ; 0           ; 0            ; 0       ; 0         ; 0    ; 0            ; 0 (0)        ; 0 (0)             ; 0 (0)            ; |hello|pollard:pollard0|lpm_mult:Mult0|mult_uht:auto_generated|alt_mac_mult:mac_mult159|mac_mult_2vg1:auto_generated                           ; mac_mult_2vg1 ; work         ;
;                   |mult_qql:mult1|                ; 0 (0)       ; 0 (0)                     ; 0 (0)         ; 0           ; 0            ; 0       ; 0         ; 0    ; 0            ; 0 (0)        ; 0 (0)             ; 0 (0)            ; |hello|pollard:pollard0|lpm_mult:Mult0|mult_uht:auto_generated|alt_mac_mult:mac_mult159|mac_mult_2vg1:auto_generated|mult_qql:mult1            ; mult_qql      ; work         ;
;             |alt_mac_mult:mac_mult15|             ; 0 (0)       ; 0 (0)                     ; 0 (0)         ; 0           ; 0            ; 0       ; 0         ; 0    ; 0            ; 0 (0)        ; 0 (0)             ; 0 (0)            ; |hello|pollard:pollard0|lpm_mult:Mult0|mult_uht:auto_generated|alt_mac_mult:mac_mult15                                                         ; alt_mac_mult  ; work         ;
;                |mac_mult_2vg1:auto_generated|     ; 0 (0)       ; 0 (0)                     ; 0 (0)         ; 0           ; 0            ; 0       ; 0         ; 0    ; 0            ; 0 (0)        ; 0 (0)             ; 0 (0)            ; |hello|pollard:pollard0|lpm_mult:Mult0|mult_uht:auto_generated|alt_mac_mult:mac_mult15|mac_mult_2vg1:auto_generated                            ; mac_mult_2vg1 ; work         ;
;                   |mult_qql:mult1|                ; 0 (0)       ; 0 (0)                     ; 0 (0)         ; 0           ; 0            ; 0       ; 0         ; 0    ; 0            ; 0 (0)        ; 0 (0)             ; 0 (0)            ; |hello|pollard:pollard0|lpm_mult:Mult0|mult_uht:auto_generated|alt_mac_mult:mac_mult15|mac_mult_2vg1:auto_generated|mult_qql:mult1             ; mult_qql      ; work         ;
;             |alt_mac_mult:mac_mult161|            ; 0 (0)       ; 0 (0)                     ; 0 (0)         ; 0           ; 0            ; 0       ; 0         ; 0    ; 0            ; 0 (0)        ; 0 (0)             ; 0 (0)            ; |hello|pollard:pollard0|lpm_mult:Mult0|mult_uht:auto_generated|alt_mac_mult:mac_mult161                                                        ; alt_mac_mult  ; work         ;
;                |mac_mult_2vg1:auto_generated|     ; 0 (0)       ; 0 (0)                     ; 0 (0)         ; 0           ; 0            ; 0       ; 0         ; 0    ; 0            ; 0 (0)        ; 0 (0)             ; 0 (0)            ; |hello|pollard:pollard0|lpm_mult:Mult0|mult_uht:auto_generated|alt_mac_mult:mac_mult161|mac_mult_2vg1:auto_generated                           ; mac_mult_2vg1 ; work         ;
;                   |mult_qql:mult1|                ; 0 (0)       ; 0 (0)                     ; 0 (0)         ; 0           ; 0            ; 0       ; 0         ; 0    ; 0            ; 0 (0)        ; 0 (0)             ; 0 (0)            ; |hello|pollard:pollard0|lpm_mult:Mult0|mult_uht:auto_generated|alt_mac_mult:mac_mult161|mac_mult_2vg1:auto_generated|mult_qql:mult1            ; mult_qql      ; work         ;
;             |alt_mac_mult:mac_mult163|            ; 0 (0)       ; 0 (0)                     ; 0 (0)         ; 0           ; 0            ; 0       ; 0         ; 0    ; 0            ; 0 (0)        ; 0 (0)             ; 0 (0)            ; |hello|pollard:pollard0|lpm_mult:Mult0|mult_uht:auto_generated|alt_mac_mult:mac_mult163                                                        ; alt_mac_mult  ; work         ;
;                |mac_mult_2vg1:auto_generated|     ; 0 (0)       ; 0 (0)                     ; 0 (0)         ; 0           ; 0            ; 0       ; 0         ; 0    ; 0            ; 0 (0)        ; 0 (0)             ; 0 (0)            ; |hello|pollard:pollard0|lpm_mult:Mult0|mult_uht:auto_generated|alt_mac_mult:mac_mult163|mac_mult_2vg1:auto_generated                           ; mac_mult_2vg1 ; work         ;
;                   |mult_qql:mult1|                ; 0 (0)       ; 0 (0)                     ; 0 (0)         ; 0           ; 0            ; 0       ; 0         ; 0    ; 0            ; 0 (0)        ; 0 (0)             ; 0 (0)            ; |hello|pollard:pollard0|lpm_mult:Mult0|mult_uht:auto_generated|alt_mac_mult:mac_mult163|mac_mult_2vg1:auto_generated|mult_qql:mult1            ; mult_qql      ; work         ;
;             |alt_mac_mult:mac_mult165|            ; 0 (0)       ; 0 (0)                     ; 0 (0)         ; 0           ; 0            ; 0       ; 0         ; 0    ; 0            ; 0 (0)        ; 0 (0)             ; 0 (0)            ; |hello|pollard:pollard0|lpm_mult:Mult0|mult_uht:auto_generated|alt_mac_mult:mac_mult165                                                        ; alt_mac_mult  ; work         ;
;                |mac_mult_2vg1:auto_generated|     ; 0 (0)       ; 0 (0)                     ; 0 (0)         ; 0           ; 0            ; 0       ; 0         ; 0    ; 0            ; 0 (0)        ; 0 (0)             ; 0 (0)            ; |hello|pollard:pollard0|lpm_mult:Mult0|mult_uht:auto_generated|alt_mac_mult:mac_mult165|mac_mult_2vg1:auto_generated                           ; mac_mult_2vg1 ; work         ;
;                   |mult_qql:mult1|                ; 0 (0)       ; 0 (0)                     ; 0 (0)         ; 0           ; 0            ; 0       ; 0         ; 0    ; 0            ; 0 (0)        ; 0 (0)             ; 0 (0)            ; |hello|pollard:pollard0|lpm_mult:Mult0|mult_uht:auto_generated|alt_mac_mult:mac_mult165|mac_mult_2vg1:auto_generated|mult_qql:mult1            ; mult_qql      ; work         ;
;             |alt_mac_mult:mac_mult167|            ; 0 (0)       ; 0 (0)                     ; 0 (0)         ; 0           ; 0            ; 0       ; 0         ; 0    ; 0            ; 0 (0)        ; 0 (0)             ; 0 (0)            ; |hello|pollard:pollard0|lpm_mult:Mult0|mult_uht:auto_generated|alt_mac_mult:mac_mult167                                                        ; alt_mac_mult  ; work         ;
;                |mac_mult_2vg1:auto_generated|     ; 0 (0)       ; 0 (0)                     ; 0 (0)         ; 0           ; 0            ; 0       ; 0         ; 0    ; 0            ; 0 (0)        ; 0 (0)             ; 0 (0)            ; |hello|pollard:pollard0|lpm_mult:Mult0|mult_uht:auto_generated|alt_mac_mult:mac_mult167|mac_mult_2vg1:auto_generated                           ; mac_mult_2vg1 ; work         ;
;                   |mult_qql:mult1|                ; 0 (0)       ; 0 (0)                     ; 0 (0)         ; 0           ; 0            ; 0       ; 0         ; 0    ; 0            ; 0 (0)        ; 0 (0)             ; 0 (0)            ; |hello|pollard:pollard0|lpm_mult:Mult0|mult_uht:auto_generated|alt_mac_mult:mac_mult167|mac_mult_2vg1:auto_generated|mult_qql:mult1            ; mult_qql      ; work         ;
;             |alt_mac_mult:mac_mult169|            ; 0 (0)       ; 0 (0)                     ; 0 (0)         ; 0           ; 0            ; 0       ; 0         ; 0    ; 0            ; 0 (0)        ; 0 (0)             ; 0 (0)            ; |hello|pollard:pollard0|lpm_mult:Mult0|mult_uht:auto_generated|alt_mac_mult:mac_mult169                                                        ; alt_mac_mult  ; work         ;
;                |mac_mult_2vg1:auto_generated|     ; 0 (0)       ; 0 (0)                     ; 0 (0)         ; 0           ; 0            ; 0       ; 0         ; 0    ; 0            ; 0 (0)        ; 0 (0)             ; 0 (0)            ; |hello|pollard:pollard0|lpm_mult:Mult0|mult_uht:auto_generated|alt_mac_mult:mac_mult169|mac_mult_2vg1:auto_generated                           ; mac_mult_2vg1 ; work         ;
;                   |mult_qql:mult1|                ; 0 (0)       ; 0 (0)                     ; 0 (0)         ; 0           ; 0            ; 0       ; 0         ; 0    ; 0            ; 0 (0)        ; 0 (0)             ; 0 (0)            ; |hello|pollard:pollard0|lpm_mult:Mult0|mult_uht:auto_generated|alt_mac_mult:mac_mult169|mac_mult_2vg1:auto_generated|mult_qql:mult1            ; mult_qql      ; work         ;
;             |alt_mac_mult:mac_mult181|            ; 0 (0)       ; 0 (0)                     ; 0 (0)         ; 0           ; 0            ; 0       ; 0         ; 0    ; 0            ; 0 (0)        ; 0 (0)             ; 0 (0)            ; |hello|pollard:pollard0|lpm_mult:Mult0|mult_uht:auto_generated|alt_mac_mult:mac_mult181                                                        ; alt_mac_mult  ; work         ;
;                |mac_mult_2vg1:auto_generated|     ; 0 (0)       ; 0 (0)                     ; 0 (0)         ; 0           ; 0            ; 0       ; 0         ; 0    ; 0            ; 0 (0)        ; 0 (0)             ; 0 (0)            ; |hello|pollard:pollard0|lpm_mult:Mult0|mult_uht:auto_generated|alt_mac_mult:mac_mult181|mac_mult_2vg1:auto_generated                           ; mac_mult_2vg1 ; work         ;
;                   |mult_qql:mult1|                ; 0 (0)       ; 0 (0)                     ; 0 (0)         ; 0           ; 0            ; 0       ; 0         ; 0    ; 0            ; 0 (0)        ; 0 (0)             ; 0 (0)            ; |hello|pollard:pollard0|lpm_mult:Mult0|mult_uht:auto_generated|alt_mac_mult:mac_mult181|mac_mult_2vg1:auto_generated|mult_qql:mult1            ; mult_qql      ; work         ;
;             |alt_mac_mult:mac_mult183|            ; 0 (0)       ; 0 (0)                     ; 0 (0)         ; 0           ; 0            ; 0       ; 0         ; 0    ; 0            ; 0 (0)        ; 0 (0)             ; 0 (0)            ; |hello|pollard:pollard0|lpm_mult:Mult0|mult_uht:auto_generated|alt_mac_mult:mac_mult183                                                        ; alt_mac_mult  ; work         ;
;                |mac_mult_2vg1:auto_generated|     ; 0 (0)       ; 0 (0)                     ; 0 (0)         ; 0           ; 0            ; 0       ; 0         ; 0    ; 0            ; 0 (0)        ; 0 (0)             ; 0 (0)            ; |hello|pollard:pollard0|lpm_mult:Mult0|mult_uht:auto_generated|alt_mac_mult:mac_mult183|mac_mult_2vg1:auto_generated                           ; mac_mult_2vg1 ; work         ;
;                   |mult_qql:mult1|                ; 0 (0)       ; 0 (0)                     ; 0 (0)         ; 0           ; 0            ; 0       ; 0         ; 0    ; 0            ; 0 (0)        ; 0 (0)             ; 0 (0)            ; |hello|pollard:pollard0|lpm_mult:Mult0|mult_uht:auto_generated|alt_mac_mult:mac_mult183|mac_mult_2vg1:auto_generated|mult_qql:mult1            ; mult_qql      ; work         ;
;             |alt_mac_mult:mac_mult185|            ; 0 (0)       ; 0 (0)                     ; 0 (0)         ; 0           ; 0            ; 0       ; 0         ; 0    ; 0            ; 0 (0)        ; 0 (0)             ; 0 (0)            ; |hello|pollard:pollard0|lpm_mult:Mult0|mult_uht:auto_generated|alt_mac_mult:mac_mult185                                                        ; alt_mac_mult  ; work         ;
;                |mac_mult_2vg1:auto_generated|     ; 0 (0)       ; 0 (0)                     ; 0 (0)         ; 0           ; 0            ; 0       ; 0         ; 0    ; 0            ; 0 (0)        ; 0 (0)             ; 0 (0)            ; |hello|pollard:pollard0|lpm_mult:Mult0|mult_uht:auto_generated|alt_mac_mult:mac_mult185|mac_mult_2vg1:auto_generated                           ; mac_mult_2vg1 ; work         ;
;                   |mult_qql:mult1|                ; 0 (0)       ; 0 (0)                     ; 0 (0)         ; 0           ; 0            ; 0       ; 0         ; 0    ; 0            ; 0 (0)        ; 0 (0)             ; 0 (0)            ; |hello|pollard:pollard0|lpm_mult:Mult0|mult_uht:auto_generated|alt_mac_mult:mac_mult185|mac_mult_2vg1:auto_generated|mult_qql:mult1            ; mult_qql      ; work         ;
;             |alt_mac_mult:mac_mult187|            ; 0 (0)       ; 0 (0)                     ; 0 (0)         ; 0           ; 0            ; 0       ; 0         ; 0    ; 0            ; 0 (0)        ; 0 (0)             ; 0 (0)            ; |hello|pollard:pollard0|lpm_mult:Mult0|mult_uht:auto_generated|alt_mac_mult:mac_mult187                                                        ; alt_mac_mult  ; work         ;
;                |mac_mult_2vg1:auto_generated|     ; 0 (0)       ; 0 (0)                     ; 0 (0)         ; 0           ; 0            ; 0       ; 0         ; 0    ; 0            ; 0 (0)        ; 0 (0)             ; 0 (0)            ; |hello|pollard:pollard0|lpm_mult:Mult0|mult_uht:auto_generated|alt_mac_mult:mac_mult187|mac_mult_2vg1:auto_generated                           ; mac_mult_2vg1 ; work         ;
;                   |mult_qql:mult1|                ; 0 (0)       ; 0 (0)                     ; 0 (0)         ; 0           ; 0            ; 0       ; 0         ; 0    ; 0            ; 0 (0)        ; 0 (0)             ; 0 (0)            ; |hello|pollard:pollard0|lpm_mult:Mult0|mult_uht:auto_generated|alt_mac_mult:mac_mult187|mac_mult_2vg1:auto_generated|mult_qql:mult1            ; mult_qql      ; work         ;
;             |alt_mac_mult:mac_mult189|            ; 0 (0)       ; 0 (0)                     ; 0 (0)         ; 0           ; 0            ; 0       ; 0         ; 0    ; 0            ; 0 (0)        ; 0 (0)             ; 0 (0)            ; |hello|pollard:pollard0|lpm_mult:Mult0|mult_uht:auto_generated|alt_mac_mult:mac_mult189                                                        ; alt_mac_mult  ; work         ;
;                |mac_mult_2vg1:auto_generated|     ; 0 (0)       ; 0 (0)                     ; 0 (0)         ; 0           ; 0            ; 0       ; 0         ; 0    ; 0            ; 0 (0)        ; 0 (0)             ; 0 (0)            ; |hello|pollard:pollard0|lpm_mult:Mult0|mult_uht:auto_generated|alt_mac_mult:mac_mult189|mac_mult_2vg1:auto_generated                           ; mac_mult_2vg1 ; work         ;
;                   |mult_qql:mult1|                ; 0 (0)       ; 0 (0)                     ; 0 (0)         ; 0           ; 0            ; 0       ; 0         ; 0    ; 0            ; 0 (0)        ; 0 (0)             ; 0 (0)            ; |hello|pollard:pollard0|lpm_mult:Mult0|mult_uht:auto_generated|alt_mac_mult:mac_mult189|mac_mult_2vg1:auto_generated|mult_qql:mult1            ; mult_qql      ; work         ;
;             |alt_mac_mult:mac_mult191|            ; 0 (0)       ; 0 (0)                     ; 0 (0)         ; 0           ; 0            ; 0       ; 0         ; 0    ; 0            ; 0 (0)        ; 0 (0)             ; 0 (0)            ; |hello|pollard:pollard0|lpm_mult:Mult0|mult_uht:auto_generated|alt_mac_mult:mac_mult191                                                        ; alt_mac_mult  ; work         ;
;                |mac_mult_2vg1:auto_generated|     ; 0 (0)       ; 0 (0)                     ; 0 (0)         ; 0           ; 0            ; 0       ; 0         ; 0    ; 0            ; 0 (0)        ; 0 (0)             ; 0 (0)            ; |hello|pollard:pollard0|lpm_mult:Mult0|mult_uht:auto_generated|alt_mac_mult:mac_mult191|mac_mult_2vg1:auto_generated                           ; mac_mult_2vg1 ; work         ;
;                   |mult_qql:mult1|                ; 0 (0)       ; 0 (0)                     ; 0 (0)         ; 0           ; 0            ; 0       ; 0         ; 0    ; 0            ; 0 (0)        ; 0 (0)             ; 0 (0)            ; |hello|pollard:pollard0|lpm_mult:Mult0|mult_uht:auto_generated|alt_mac_mult:mac_mult191|mac_mult_2vg1:auto_generated|mult_qql:mult1            ; mult_qql      ; work         ;
;             |alt_mac_mult:mac_mult193|            ; 0 (0)       ; 0 (0)                     ; 0 (0)         ; 0           ; 0            ; 0       ; 0         ; 0    ; 0            ; 0 (0)        ; 0 (0)             ; 0 (0)            ; |hello|pollard:pollard0|lpm_mult:Mult0|mult_uht:auto_generated|alt_mac_mult:mac_mult193                                                        ; alt_mac_mult  ; work         ;
;                |mac_mult_2vg1:auto_generated|     ; 0 (0)       ; 0 (0)                     ; 0 (0)         ; 0           ; 0            ; 0       ; 0         ; 0    ; 0            ; 0 (0)        ; 0 (0)             ; 0 (0)            ; |hello|pollard:pollard0|lpm_mult:Mult0|mult_uht:auto_generated|alt_mac_mult:mac_mult193|mac_mult_2vg1:auto_generated                           ; mac_mult_2vg1 ; work         ;
;                   |mult_qql:mult1|                ; 0 (0)       ; 0 (0)                     ; 0 (0)         ; 0           ; 0            ; 0       ; 0         ; 0    ; 0            ; 0 (0)        ; 0 (0)             ; 0 (0)            ; |hello|pollard:pollard0|lpm_mult:Mult0|mult_uht:auto_generated|alt_mac_mult:mac_mult193|mac_mult_2vg1:auto_generated|mult_qql:mult1            ; mult_qql      ; work         ;
;             |alt_mac_mult:mac_mult195|            ; 0 (0)       ; 0 (0)                     ; 0 (0)         ; 0           ; 0            ; 0       ; 0         ; 0    ; 0            ; 0 (0)        ; 0 (0)             ; 0 (0)            ; |hello|pollard:pollard0|lpm_mult:Mult0|mult_uht:auto_generated|alt_mac_mult:mac_mult195                                                        ; alt_mac_mult  ; work         ;
;                |mac_mult_2vg1:auto_generated|     ; 0 (0)       ; 0 (0)                     ; 0 (0)         ; 0           ; 0            ; 0       ; 0         ; 0    ; 0            ; 0 (0)        ; 0 (0)             ; 0 (0)            ; |hello|pollard:pollard0|lpm_mult:Mult0|mult_uht:auto_generated|alt_mac_mult:mac_mult195|mac_mult_2vg1:auto_generated                           ; mac_mult_2vg1 ; work         ;
;                   |mult_qql:mult1|                ; 0 (0)       ; 0 (0)                     ; 0 (0)         ; 0           ; 0            ; 0       ; 0         ; 0    ; 0            ; 0 (0)        ; 0 (0)             ; 0 (0)            ; |hello|pollard:pollard0|lpm_mult:Mult0|mult_uht:auto_generated|alt_mac_mult:mac_mult195|mac_mult_2vg1:auto_generated|mult_qql:mult1            ; mult_qql      ; work         ;
;             |alt_mac_mult:mac_mult197|            ; 0 (0)       ; 0 (0)                     ; 0 (0)         ; 0           ; 0            ; 0       ; 0         ; 0    ; 0            ; 0 (0)        ; 0 (0)             ; 0 (0)            ; |hello|pollard:pollard0|lpm_mult:Mult0|mult_uht:auto_generated|alt_mac_mult:mac_mult197                                                        ; alt_mac_mult  ; work         ;
;                |mac_mult_2vg1:auto_generated|     ; 0 (0)       ; 0 (0)                     ; 0 (0)         ; 0           ; 0            ; 0       ; 0         ; 0    ; 0            ; 0 (0)        ; 0 (0)             ; 0 (0)            ; |hello|pollard:pollard0|lpm_mult:Mult0|mult_uht:auto_generated|alt_mac_mult:mac_mult197|mac_mult_2vg1:auto_generated                           ; mac_mult_2vg1 ; work         ;
;                   |mult_qql:mult1|                ; 0 (0)       ; 0 (0)                     ; 0 (0)         ; 0           ; 0            ; 0       ; 0         ; 0    ; 0            ; 0 (0)        ; 0 (0)             ; 0 (0)            ; |hello|pollard:pollard0|lpm_mult:Mult0|mult_uht:auto_generated|alt_mac_mult:mac_mult197|mac_mult_2vg1:auto_generated|mult_qql:mult1            ; mult_qql      ; work         ;
;             |alt_mac_mult:mac_mult1|              ; 0 (0)       ; 0 (0)                     ; 0 (0)         ; 0           ; 0            ; 0       ; 0         ; 0    ; 0            ; 0 (0)        ; 0 (0)             ; 0 (0)            ; |hello|pollard:pollard0|lpm_mult:Mult0|mult_uht:auto_generated|alt_mac_mult:mac_mult1                                                          ; alt_mac_mult  ; work         ;
;                |mac_mult_2vg1:auto_generated|     ; 0 (0)       ; 0 (0)                     ; 0 (0)         ; 0           ; 0            ; 0       ; 0         ; 0    ; 0            ; 0 (0)        ; 0 (0)             ; 0 (0)            ; |hello|pollard:pollard0|lpm_mult:Mult0|mult_uht:auto_generated|alt_mac_mult:mac_mult1|mac_mult_2vg1:auto_generated                             ; mac_mult_2vg1 ; work         ;
;                   |mult_qql:mult1|                ; 0 (0)       ; 0 (0)                     ; 0 (0)         ; 0           ; 0            ; 0       ; 0         ; 0    ; 0            ; 0 (0)        ; 0 (0)             ; 0 (0)            ; |hello|pollard:pollard0|lpm_mult:Mult0|mult_uht:auto_generated|alt_mac_mult:mac_mult1|mac_mult_2vg1:auto_generated|mult_qql:mult1              ; mult_qql      ; work         ;
;             |alt_mac_mult:mac_mult211|            ; 0 (0)       ; 0 (0)                     ; 0 (0)         ; 0           ; 0            ; 0       ; 0         ; 0    ; 0            ; 0 (0)        ; 0 (0)             ; 0 (0)            ; |hello|pollard:pollard0|lpm_mult:Mult0|mult_uht:auto_generated|alt_mac_mult:mac_mult211                                                        ; alt_mac_mult  ; work         ;
;                |mac_mult_2vg1:auto_generated|     ; 0 (0)       ; 0 (0)                     ; 0 (0)         ; 0           ; 0            ; 0       ; 0         ; 0    ; 0            ; 0 (0)        ; 0 (0)             ; 0 (0)            ; |hello|pollard:pollard0|lpm_mult:Mult0|mult_uht:auto_generated|alt_mac_mult:mac_mult211|mac_mult_2vg1:auto_generated                           ; mac_mult_2vg1 ; work         ;
;                   |mult_qql:mult1|                ; 0 (0)       ; 0 (0)                     ; 0 (0)         ; 0           ; 0            ; 0       ; 0         ; 0    ; 0            ; 0 (0)        ; 0 (0)             ; 0 (0)            ; |hello|pollard:pollard0|lpm_mult:Mult0|mult_uht:auto_generated|alt_mac_mult:mac_mult211|mac_mult_2vg1:auto_generated|mult_qql:mult1            ; mult_qql      ; work         ;
;             |alt_mac_mult:mac_mult213|            ; 0 (0)       ; 0 (0)                     ; 0 (0)         ; 0           ; 0            ; 0       ; 0         ; 0    ; 0            ; 0 (0)        ; 0 (0)             ; 0 (0)            ; |hello|pollard:pollard0|lpm_mult:Mult0|mult_uht:auto_generated|alt_mac_mult:mac_mult213                                                        ; alt_mac_mult  ; work         ;
;                |mac_mult_2vg1:auto_generated|     ; 0 (0)       ; 0 (0)                     ; 0 (0)         ; 0           ; 0            ; 0       ; 0         ; 0    ; 0            ; 0 (0)        ; 0 (0)             ; 0 (0)            ; |hello|pollard:pollard0|lpm_mult:Mult0|mult_uht:auto_generated|alt_mac_mult:mac_mult213|mac_mult_2vg1:auto_generated                           ; mac_mult_2vg1 ; work         ;
;                   |mult_qql:mult1|                ; 0 (0)       ; 0 (0)                     ; 0 (0)         ; 0           ; 0            ; 0       ; 0         ; 0    ; 0            ; 0 (0)        ; 0 (0)             ; 0 (0)            ; |hello|pollard:pollard0|lpm_mult:Mult0|mult_uht:auto_generated|alt_mac_mult:mac_mult213|mac_mult_2vg1:auto_generated|mult_qql:mult1            ; mult_qql      ; work         ;
;             |alt_mac_mult:mac_mult215|            ; 0 (0)       ; 0 (0)                     ; 0 (0)         ; 0           ; 0            ; 0       ; 0         ; 0    ; 0            ; 0 (0)        ; 0 (0)             ; 0 (0)            ; |hello|pollard:pollard0|lpm_mult:Mult0|mult_uht:auto_generated|alt_mac_mult:mac_mult215                                                        ; alt_mac_mult  ; work         ;
;                |mac_mult_2vg1:auto_generated|     ; 0 (0)       ; 0 (0)                     ; 0 (0)         ; 0           ; 0            ; 0       ; 0         ; 0    ; 0            ; 0 (0)        ; 0 (0)             ; 0 (0)            ; |hello|pollard:pollard0|lpm_mult:Mult0|mult_uht:auto_generated|alt_mac_mult:mac_mult215|mac_mult_2vg1:auto_generated                           ; mac_mult_2vg1 ; work         ;
;                   |mult_qql:mult1|                ; 0 (0)       ; 0 (0)                     ; 0 (0)         ; 0           ; 0            ; 0       ; 0         ; 0    ; 0            ; 0 (0)        ; 0 (0)             ; 0 (0)            ; |hello|pollard:pollard0|lpm_mult:Mult0|mult_uht:auto_generated|alt_mac_mult:mac_mult215|mac_mult_2vg1:auto_generated|mult_qql:mult1            ; mult_qql      ; work         ;
;             |alt_mac_mult:mac_mult217|            ; 0 (0)       ; 0 (0)                     ; 0 (0)         ; 0           ; 0            ; 0       ; 0         ; 0    ; 0            ; 0 (0)        ; 0 (0)             ; 0 (0)            ; |hello|pollard:pollard0|lpm_mult:Mult0|mult_uht:auto_generated|alt_mac_mult:mac_mult217                                                        ; alt_mac_mult  ; work         ;
;                |mac_mult_2vg1:auto_generated|     ; 0 (0)       ; 0 (0)                     ; 0 (0)         ; 0           ; 0            ; 0       ; 0         ; 0    ; 0            ; 0 (0)        ; 0 (0)             ; 0 (0)            ; |hello|pollard:pollard0|lpm_mult:Mult0|mult_uht:auto_generated|alt_mac_mult:mac_mult217|mac_mult_2vg1:auto_generated                           ; mac_mult_2vg1 ; work         ;
;                   |mult_qql:mult1|                ; 0 (0)       ; 0 (0)                     ; 0 (0)         ; 0           ; 0            ; 0       ; 0         ; 0    ; 0            ; 0 (0)        ; 0 (0)             ; 0 (0)            ; |hello|pollard:pollard0|lpm_mult:Mult0|mult_uht:auto_generated|alt_mac_mult:mac_mult217|mac_mult_2vg1:auto_generated|mult_qql:mult1            ; mult_qql      ; work         ;
;             |alt_mac_mult:mac_mult219|            ; 0 (0)       ; 0 (0)                     ; 0 (0)         ; 0           ; 0            ; 0       ; 0         ; 0    ; 0            ; 0 (0)        ; 0 (0)             ; 0 (0)            ; |hello|pollard:pollard0|lpm_mult:Mult0|mult_uht:auto_generated|alt_mac_mult:mac_mult219                                                        ; alt_mac_mult  ; work         ;
;                |mac_mult_2vg1:auto_generated|     ; 0 (0)       ; 0 (0)                     ; 0 (0)         ; 0           ; 0            ; 0       ; 0         ; 0    ; 0            ; 0 (0)        ; 0 (0)             ; 0 (0)            ; |hello|pollard:pollard0|lpm_mult:Mult0|mult_uht:auto_generated|alt_mac_mult:mac_mult219|mac_mult_2vg1:auto_generated                           ; mac_mult_2vg1 ; work         ;
;                   |mult_qql:mult1|                ; 0 (0)       ; 0 (0)                     ; 0 (0)         ; 0           ; 0            ; 0       ; 0         ; 0    ; 0            ; 0 (0)        ; 0 (0)             ; 0 (0)            ; |hello|pollard:pollard0|lpm_mult:Mult0|mult_uht:auto_generated|alt_mac_mult:mac_mult219|mac_mult_2vg1:auto_generated|mult_qql:mult1            ; mult_qql      ; work         ;
;             |alt_mac_mult:mac_mult221|            ; 0 (0)       ; 0 (0)                     ; 0 (0)         ; 0           ; 0            ; 0       ; 0         ; 0    ; 0            ; 0 (0)        ; 0 (0)             ; 0 (0)            ; |hello|pollard:pollard0|lpm_mult:Mult0|mult_uht:auto_generated|alt_mac_mult:mac_mult221                                                        ; alt_mac_mult  ; work         ;
;                |mac_mult_2vg1:auto_generated|     ; 0 (0)       ; 0 (0)                     ; 0 (0)         ; 0           ; 0            ; 0       ; 0         ; 0    ; 0            ; 0 (0)        ; 0 (0)             ; 0 (0)            ; |hello|pollard:pollard0|lpm_mult:Mult0|mult_uht:auto_generated|alt_mac_mult:mac_mult221|mac_mult_2vg1:auto_generated                           ; mac_mult_2vg1 ; work         ;
;                   |mult_qql:mult1|                ; 0 (0)       ; 0 (0)                     ; 0 (0)         ; 0           ; 0            ; 0       ; 0         ; 0    ; 0            ; 0 (0)        ; 0 (0)             ; 0 (0)            ; |hello|pollard:pollard0|lpm_mult:Mult0|mult_uht:auto_generated|alt_mac_mult:mac_mult221|mac_mult_2vg1:auto_generated|mult_qql:mult1            ; mult_qql      ; work         ;
;             |alt_mac_mult:mac_mult223|            ; 0 (0)       ; 0 (0)                     ; 0 (0)         ; 0           ; 0            ; 0       ; 0         ; 0    ; 0            ; 0 (0)        ; 0 (0)             ; 0 (0)            ; |hello|pollard:pollard0|lpm_mult:Mult0|mult_uht:auto_generated|alt_mac_mult:mac_mult223                                                        ; alt_mac_mult  ; work         ;
;                |mac_mult_2vg1:auto_generated|     ; 0 (0)       ; 0 (0)                     ; 0 (0)         ; 0           ; 0            ; 0       ; 0         ; 0    ; 0            ; 0 (0)        ; 0 (0)             ; 0 (0)            ; |hello|pollard:pollard0|lpm_mult:Mult0|mult_uht:auto_generated|alt_mac_mult:mac_mult223|mac_mult_2vg1:auto_generated                           ; mac_mult_2vg1 ; work         ;
;                   |mult_qql:mult1|                ; 0 (0)       ; 0 (0)                     ; 0 (0)         ; 0           ; 0            ; 0       ; 0         ; 0    ; 0            ; 0 (0)        ; 0 (0)             ; 0 (0)            ; |hello|pollard:pollard0|lpm_mult:Mult0|mult_uht:auto_generated|alt_mac_mult:mac_mult223|mac_mult_2vg1:auto_generated|mult_qql:mult1            ; mult_qql      ; work         ;
;             |alt_mac_mult:mac_mult225|            ; 0 (0)       ; 0 (0)                     ; 0 (0)         ; 0           ; 0            ; 0       ; 0         ; 0    ; 0            ; 0 (0)        ; 0 (0)             ; 0 (0)            ; |hello|pollard:pollard0|lpm_mult:Mult0|mult_uht:auto_generated|alt_mac_mult:mac_mult225                                                        ; alt_mac_mult  ; work         ;
;                |mac_mult_2vg1:auto_generated|     ; 0 (0)       ; 0 (0)                     ; 0 (0)         ; 0           ; 0            ; 0       ; 0         ; 0    ; 0            ; 0 (0)        ; 0 (0)             ; 0 (0)            ; |hello|pollard:pollard0|lpm_mult:Mult0|mult_uht:auto_generated|alt_mac_mult:mac_mult225|mac_mult_2vg1:auto_generated                           ; mac_mult_2vg1 ; work         ;
;                   |mult_qql:mult1|                ; 0 (0)       ; 0 (0)                     ; 0 (0)         ; 0           ; 0            ; 0       ; 0         ; 0    ; 0            ; 0 (0)        ; 0 (0)             ; 0 (0)            ; |hello|pollard:pollard0|lpm_mult:Mult0|mult_uht:auto_generated|alt_mac_mult:mac_mult225|mac_mult_2vg1:auto_generated|mult_qql:mult1            ; mult_qql      ; work         ;
;             |alt_mac_mult:mac_mult23|             ; 0 (0)       ; 0 (0)                     ; 0 (0)         ; 0           ; 0            ; 0       ; 0         ; 0    ; 0            ; 0 (0)        ; 0 (0)             ; 0 (0)            ; |hello|pollard:pollard0|lpm_mult:Mult0|mult_uht:auto_generated|alt_mac_mult:mac_mult23                                                         ; alt_mac_mult  ; work         ;
;                |mac_mult_2vg1:auto_generated|     ; 0 (0)       ; 0 (0)                     ; 0 (0)         ; 0           ; 0            ; 0       ; 0         ; 0    ; 0            ; 0 (0)        ; 0 (0)             ; 0 (0)            ; |hello|pollard:pollard0|lpm_mult:Mult0|mult_uht:auto_generated|alt_mac_mult:mac_mult23|mac_mult_2vg1:auto_generated                            ; mac_mult_2vg1 ; work         ;
;                   |mult_qql:mult1|                ; 0 (0)       ; 0 (0)                     ; 0 (0)         ; 0           ; 0            ; 0       ; 0         ; 0    ; 0            ; 0 (0)        ; 0 (0)             ; 0 (0)            ; |hello|pollard:pollard0|lpm_mult:Mult0|mult_uht:auto_generated|alt_mac_mult:mac_mult23|mac_mult_2vg1:auto_generated|mult_qql:mult1             ; mult_qql      ; work         ;
;             |alt_mac_mult:mac_mult249|            ; 0 (0)       ; 0 (0)                     ; 0 (0)         ; 0           ; 0            ; 0       ; 0         ; 0    ; 0            ; 0 (0)        ; 0 (0)             ; 0 (0)            ; |hello|pollard:pollard0|lpm_mult:Mult0|mult_uht:auto_generated|alt_mac_mult:mac_mult249                                                        ; alt_mac_mult  ; work         ;
;                |mac_mult_2vg1:auto_generated|     ; 0 (0)       ; 0 (0)                     ; 0 (0)         ; 0           ; 0            ; 0       ; 0         ; 0    ; 0            ; 0 (0)        ; 0 (0)             ; 0 (0)            ; |hello|pollard:pollard0|lpm_mult:Mult0|mult_uht:auto_generated|alt_mac_mult:mac_mult249|mac_mult_2vg1:auto_generated                           ; mac_mult_2vg1 ; work         ;
;                   |mult_qql:mult1|                ; 0 (0)       ; 0 (0)                     ; 0 (0)         ; 0           ; 0            ; 0       ; 0         ; 0    ; 0            ; 0 (0)        ; 0 (0)             ; 0 (0)            ; |hello|pollard:pollard0|lpm_mult:Mult0|mult_uht:auto_generated|alt_mac_mult:mac_mult249|mac_mult_2vg1:auto_generated|mult_qql:mult1            ; mult_qql      ; work         ;
;             |alt_mac_mult:mac_mult251|            ; 0 (0)       ; 0 (0)                     ; 0 (0)         ; 0           ; 0            ; 0       ; 0         ; 0    ; 0            ; 0 (0)        ; 0 (0)             ; 0 (0)            ; |hello|pollard:pollard0|lpm_mult:Mult0|mult_uht:auto_generated|alt_mac_mult:mac_mult251                                                        ; alt_mac_mult  ; work         ;
;                |mac_mult_2vg1:auto_generated|     ; 0 (0)       ; 0 (0)                     ; 0 (0)         ; 0           ; 0            ; 0       ; 0         ; 0    ; 0            ; 0 (0)        ; 0 (0)             ; 0 (0)            ; |hello|pollard:pollard0|lpm_mult:Mult0|mult_uht:auto_generated|alt_mac_mult:mac_mult251|mac_mult_2vg1:auto_generated                           ; mac_mult_2vg1 ; work         ;
;                   |mult_qql:mult1|                ; 0 (0)       ; 0 (0)                     ; 0 (0)         ; 0           ; 0            ; 0       ; 0         ; 0    ; 0            ; 0 (0)        ; 0 (0)             ; 0 (0)            ; |hello|pollard:pollard0|lpm_mult:Mult0|mult_uht:auto_generated|alt_mac_mult:mac_mult251|mac_mult_2vg1:auto_generated|mult_qql:mult1            ; mult_qql      ; work         ;
;             |alt_mac_mult:mac_mult253|            ; 0 (0)       ; 0 (0)                     ; 0 (0)         ; 0           ; 0            ; 0       ; 0         ; 0    ; 0            ; 0 (0)        ; 0 (0)             ; 0 (0)            ; |hello|pollard:pollard0|lpm_mult:Mult0|mult_uht:auto_generated|alt_mac_mult:mac_mult253                                                        ; alt_mac_mult  ; work         ;
;                |mac_mult_2vg1:auto_generated|     ; 0 (0)       ; 0 (0)                     ; 0 (0)         ; 0           ; 0            ; 0       ; 0         ; 0    ; 0            ; 0 (0)        ; 0 (0)             ; 0 (0)            ; |hello|pollard:pollard0|lpm_mult:Mult0|mult_uht:auto_generated|alt_mac_mult:mac_mult253|mac_mult_2vg1:auto_generated                           ; mac_mult_2vg1 ; work         ;
;                   |mult_qql:mult1|                ; 0 (0)       ; 0 (0)                     ; 0 (0)         ; 0           ; 0            ; 0       ; 0         ; 0    ; 0            ; 0 (0)        ; 0 (0)             ; 0 (0)            ; |hello|pollard:pollard0|lpm_mult:Mult0|mult_uht:auto_generated|alt_mac_mult:mac_mult253|mac_mult_2vg1:auto_generated|mult_qql:mult1            ; mult_qql      ; work         ;
;             |alt_mac_mult:mac_mult25|             ; 0 (0)       ; 0 (0)                     ; 0 (0)         ; 0           ; 0            ; 0       ; 0         ; 0    ; 0            ; 0 (0)        ; 0 (0)             ; 0 (0)            ; |hello|pollard:pollard0|lpm_mult:Mult0|mult_uht:auto_generated|alt_mac_mult:mac_mult25                                                         ; alt_mac_mult  ; work         ;
;                |mac_mult_2vg1:auto_generated|     ; 0 (0)       ; 0 (0)                     ; 0 (0)         ; 0           ; 0            ; 0       ; 0         ; 0    ; 0            ; 0 (0)        ; 0 (0)             ; 0 (0)            ; |hello|pollard:pollard0|lpm_mult:Mult0|mult_uht:auto_generated|alt_mac_mult:mac_mult25|mac_mult_2vg1:auto_generated                            ; mac_mult_2vg1 ; work         ;
;                   |mult_qql:mult1|                ; 0 (0)       ; 0 (0)                     ; 0 (0)         ; 0           ; 0            ; 0       ; 0         ; 0    ; 0            ; 0 (0)        ; 0 (0)             ; 0 (0)            ; |hello|pollard:pollard0|lpm_mult:Mult0|mult_uht:auto_generated|alt_mac_mult:mac_mult25|mac_mult_2vg1:auto_generated|mult_qql:mult1             ; mult_qql      ; work         ;
;             |alt_mac_mult:mac_mult277|            ; 0 (0)       ; 0 (0)                     ; 0 (0)         ; 0           ; 0            ; 0       ; 0         ; 0    ; 0            ; 0 (0)        ; 0 (0)             ; 0 (0)            ; |hello|pollard:pollard0|lpm_mult:Mult0|mult_uht:auto_generated|alt_mac_mult:mac_mult277                                                        ; alt_mac_mult  ; work         ;
;                |mac_mult_2vg1:auto_generated|     ; 0 (0)       ; 0 (0)                     ; 0 (0)         ; 0           ; 0            ; 0       ; 0         ; 0    ; 0            ; 0 (0)        ; 0 (0)             ; 0 (0)            ; |hello|pollard:pollard0|lpm_mult:Mult0|mult_uht:auto_generated|alt_mac_mult:mac_mult277|mac_mult_2vg1:auto_generated                           ; mac_mult_2vg1 ; work         ;
;                   |mult_qql:mult1|                ; 0 (0)       ; 0 (0)                     ; 0 (0)         ; 0           ; 0            ; 0       ; 0         ; 0    ; 0            ; 0 (0)        ; 0 (0)             ; 0 (0)            ; |hello|pollard:pollard0|lpm_mult:Mult0|mult_uht:auto_generated|alt_mac_mult:mac_mult277|mac_mult_2vg1:auto_generated|mult_qql:mult1            ; mult_qql      ; work         ;
;             |alt_mac_mult:mac_mult279|            ; 0 (0)       ; 0 (0)                     ; 0 (0)         ; 0           ; 0            ; 0       ; 0         ; 0    ; 0            ; 0 (0)        ; 0 (0)             ; 0 (0)            ; |hello|pollard:pollard0|lpm_mult:Mult0|mult_uht:auto_generated|alt_mac_mult:mac_mult279                                                        ; alt_mac_mult  ; work         ;
;                |mac_mult_2vg1:auto_generated|     ; 0 (0)       ; 0 (0)                     ; 0 (0)         ; 0           ; 0            ; 0       ; 0         ; 0    ; 0            ; 0 (0)        ; 0 (0)             ; 0 (0)            ; |hello|pollard:pollard0|lpm_mult:Mult0|mult_uht:auto_generated|alt_mac_mult:mac_mult279|mac_mult_2vg1:auto_generated                           ; mac_mult_2vg1 ; work         ;
;                   |mult_qql:mult1|                ; 0 (0)       ; 0 (0)                     ; 0 (0)         ; 0           ; 0            ; 0       ; 0         ; 0    ; 0            ; 0 (0)        ; 0 (0)             ; 0 (0)            ; |hello|pollard:pollard0|lpm_mult:Mult0|mult_uht:auto_generated|alt_mac_mult:mac_mult279|mac_mult_2vg1:auto_generated|mult_qql:mult1            ; mult_qql      ; work         ;
;             |alt_mac_mult:mac_mult27|             ; 0 (0)       ; 0 (0)                     ; 0 (0)         ; 0           ; 0            ; 0       ; 0         ; 0    ; 0            ; 0 (0)        ; 0 (0)             ; 0 (0)            ; |hello|pollard:pollard0|lpm_mult:Mult0|mult_uht:auto_generated|alt_mac_mult:mac_mult27                                                         ; alt_mac_mult  ; work         ;
;                |mac_mult_2vg1:auto_generated|     ; 0 (0)       ; 0 (0)                     ; 0 (0)         ; 0           ; 0            ; 0       ; 0         ; 0    ; 0            ; 0 (0)        ; 0 (0)             ; 0 (0)            ; |hello|pollard:pollard0|lpm_mult:Mult0|mult_uht:auto_generated|alt_mac_mult:mac_mult27|mac_mult_2vg1:auto_generated                            ; mac_mult_2vg1 ; work         ;
;                   |mult_qql:mult1|                ; 0 (0)       ; 0 (0)                     ; 0 (0)         ; 0           ; 0            ; 0       ; 0         ; 0    ; 0            ; 0 (0)        ; 0 (0)             ; 0 (0)            ; |hello|pollard:pollard0|lpm_mult:Mult0|mult_uht:auto_generated|alt_mac_mult:mac_mult27|mac_mult_2vg1:auto_generated|mult_qql:mult1             ; mult_qql      ; work         ;
;             |alt_mac_mult:mac_mult281|            ; 0 (0)       ; 0 (0)                     ; 0 (0)         ; 0           ; 0            ; 0       ; 0         ; 0    ; 0            ; 0 (0)        ; 0 (0)             ; 0 (0)            ; |hello|pollard:pollard0|lpm_mult:Mult0|mult_uht:auto_generated|alt_mac_mult:mac_mult281                                                        ; alt_mac_mult  ; work         ;
;                |mac_mult_2vg1:auto_generated|     ; 0 (0)       ; 0 (0)                     ; 0 (0)         ; 0           ; 0            ; 0       ; 0         ; 0    ; 0            ; 0 (0)        ; 0 (0)             ; 0 (0)            ; |hello|pollard:pollard0|lpm_mult:Mult0|mult_uht:auto_generated|alt_mac_mult:mac_mult281|mac_mult_2vg1:auto_generated                           ; mac_mult_2vg1 ; work         ;
;                   |mult_qql:mult1|                ; 0 (0)       ; 0 (0)                     ; 0 (0)         ; 0           ; 0            ; 0       ; 0         ; 0    ; 0            ; 0 (0)        ; 0 (0)             ; 0 (0)            ; |hello|pollard:pollard0|lpm_mult:Mult0|mult_uht:auto_generated|alt_mac_mult:mac_mult281|mac_mult_2vg1:auto_generated|mult_qql:mult1            ; mult_qql      ; work         ;
;             |alt_mac_mult:mac_mult29|             ; 0 (0)       ; 0 (0)                     ; 0 (0)         ; 0           ; 0            ; 0       ; 0         ; 0    ; 0            ; 0 (0)        ; 0 (0)             ; 0 (0)            ; |hello|pollard:pollard0|lpm_mult:Mult0|mult_uht:auto_generated|alt_mac_mult:mac_mult29                                                         ; alt_mac_mult  ; work         ;
;                |mac_mult_9tg1:auto_generated|     ; 0 (0)       ; 0 (0)                     ; 0 (0)         ; 0           ; 0            ; 0       ; 0         ; 0    ; 0            ; 0 (0)        ; 0 (0)             ; 0 (0)            ; |hello|pollard:pollard0|lpm_mult:Mult0|mult_uht:auto_generated|alt_mac_mult:mac_mult29|mac_mult_9tg1:auto_generated                            ; mac_mult_9tg1 ; work         ;
;                   |mult_1pl:mult1|                ; 0 (0)       ; 0 (0)                     ; 0 (0)         ; 0           ; 0            ; 0       ; 0         ; 0    ; 0            ; 0 (0)        ; 0 (0)             ; 0 (0)            ; |hello|pollard:pollard0|lpm_mult:Mult0|mult_uht:auto_generated|alt_mac_mult:mac_mult29|mac_mult_9tg1:auto_generated|mult_1pl:mult1             ; mult_1pl      ; work         ;
;             |alt_mac_mult:mac_mult305|            ; 0 (0)       ; 0 (0)                     ; 0 (0)         ; 0           ; 0            ; 0       ; 0         ; 0    ; 0            ; 0 (0)        ; 0 (0)             ; 0 (0)            ; |hello|pollard:pollard0|lpm_mult:Mult0|mult_uht:auto_generated|alt_mac_mult:mac_mult305                                                        ; alt_mac_mult  ; work         ;
;                |mac_mult_2vg1:auto_generated|     ; 0 (0)       ; 0 (0)                     ; 0 (0)         ; 0           ; 0            ; 0       ; 0         ; 0    ; 0            ; 0 (0)        ; 0 (0)             ; 0 (0)            ; |hello|pollard:pollard0|lpm_mult:Mult0|mult_uht:auto_generated|alt_mac_mult:mac_mult305|mac_mult_2vg1:auto_generated                           ; mac_mult_2vg1 ; work         ;
;                   |mult_qql:mult1|                ; 0 (0)       ; 0 (0)                     ; 0 (0)         ; 0           ; 0            ; 0       ; 0         ; 0    ; 0            ; 0 (0)        ; 0 (0)             ; 0 (0)            ; |hello|pollard:pollard0|lpm_mult:Mult0|mult_uht:auto_generated|alt_mac_mult:mac_mult305|mac_mult_2vg1:auto_generated|mult_qql:mult1            ; mult_qql      ; work         ;
;             |alt_mac_mult:mac_mult307|            ; 0 (0)       ; 0 (0)                     ; 0 (0)         ; 0           ; 0            ; 0       ; 0         ; 0    ; 0            ; 0 (0)        ; 0 (0)             ; 0 (0)            ; |hello|pollard:pollard0|lpm_mult:Mult0|mult_uht:auto_generated|alt_mac_mult:mac_mult307                                                        ; alt_mac_mult  ; work         ;
;                |mac_mult_2vg1:auto_generated|     ; 0 (0)       ; 0 (0)                     ; 0 (0)         ; 0           ; 0            ; 0       ; 0         ; 0    ; 0            ; 0 (0)        ; 0 (0)             ; 0 (0)            ; |hello|pollard:pollard0|lpm_mult:Mult0|mult_uht:auto_generated|alt_mac_mult:mac_mult307|mac_mult_2vg1:auto_generated                           ; mac_mult_2vg1 ; work         ;
;                   |mult_qql:mult1|                ; 0 (0)       ; 0 (0)                     ; 0 (0)         ; 0           ; 0            ; 0       ; 0         ; 0    ; 0            ; 0 (0)        ; 0 (0)             ; 0 (0)            ; |hello|pollard:pollard0|lpm_mult:Mult0|mult_uht:auto_generated|alt_mac_mult:mac_mult307|mac_mult_2vg1:auto_generated|mult_qql:mult1            ; mult_qql      ; work         ;
;             |alt_mac_mult:mac_mult309|            ; 0 (0)       ; 0 (0)                     ; 0 (0)         ; 0           ; 0            ; 0       ; 0         ; 0    ; 0            ; 0 (0)        ; 0 (0)             ; 0 (0)            ; |hello|pollard:pollard0|lpm_mult:Mult0|mult_uht:auto_generated|alt_mac_mult:mac_mult309                                                        ; alt_mac_mult  ; work         ;
;                |mac_mult_2vg1:auto_generated|     ; 0 (0)       ; 0 (0)                     ; 0 (0)         ; 0           ; 0            ; 0       ; 0         ; 0    ; 0            ; 0 (0)        ; 0 (0)             ; 0 (0)            ; |hello|pollard:pollard0|lpm_mult:Mult0|mult_uht:auto_generated|alt_mac_mult:mac_mult309|mac_mult_2vg1:auto_generated                           ; mac_mult_2vg1 ; work         ;
;                   |mult_qql:mult1|                ; 0 (0)       ; 0 (0)                     ; 0 (0)         ; 0           ; 0            ; 0       ; 0         ; 0    ; 0            ; 0 (0)        ; 0 (0)             ; 0 (0)            ; |hello|pollard:pollard0|lpm_mult:Mult0|mult_uht:auto_generated|alt_mac_mult:mac_mult309|mac_mult_2vg1:auto_generated|mult_qql:mult1            ; mult_qql      ; work         ;
;             |alt_mac_mult:mac_mult31|             ; 0 (0)       ; 0 (0)                     ; 0 (0)         ; 0           ; 0            ; 0       ; 0         ; 0    ; 0            ; 0 (0)        ; 0 (0)             ; 0 (0)            ; |hello|pollard:pollard0|lpm_mult:Mult0|mult_uht:auto_generated|alt_mac_mult:mac_mult31                                                         ; alt_mac_mult  ; work         ;
;                |mac_mult_2vg1:auto_generated|     ; 0 (0)       ; 0 (0)                     ; 0 (0)         ; 0           ; 0            ; 0       ; 0         ; 0    ; 0            ; 0 (0)        ; 0 (0)             ; 0 (0)            ; |hello|pollard:pollard0|lpm_mult:Mult0|mult_uht:auto_generated|alt_mac_mult:mac_mult31|mac_mult_2vg1:auto_generated                            ; mac_mult_2vg1 ; work         ;
;                   |mult_qql:mult1|                ; 0 (0)       ; 0 (0)                     ; 0 (0)         ; 0           ; 0            ; 0       ; 0         ; 0    ; 0            ; 0 (0)        ; 0 (0)             ; 0 (0)            ; |hello|pollard:pollard0|lpm_mult:Mult0|mult_uht:auto_generated|alt_mac_mult:mac_mult31|mac_mult_2vg1:auto_generated|mult_qql:mult1             ; mult_qql      ; work         ;
;             |alt_mac_mult:mac_mult331|            ; 0 (0)       ; 0 (0)                     ; 0 (0)         ; 0           ; 0            ; 0       ; 0         ; 0    ; 0            ; 0 (0)        ; 0 (0)             ; 0 (0)            ; |hello|pollard:pollard0|lpm_mult:Mult0|mult_uht:auto_generated|alt_mac_mult:mac_mult331                                                        ; alt_mac_mult  ; work         ;
;                |mac_mult_2vg1:auto_generated|     ; 0 (0)       ; 0 (0)                     ; 0 (0)         ; 0           ; 0            ; 0       ; 0         ; 0    ; 0            ; 0 (0)        ; 0 (0)             ; 0 (0)            ; |hello|pollard:pollard0|lpm_mult:Mult0|mult_uht:auto_generated|alt_mac_mult:mac_mult331|mac_mult_2vg1:auto_generated                           ; mac_mult_2vg1 ; work         ;
;                   |mult_qql:mult1|                ; 0 (0)       ; 0 (0)                     ; 0 (0)         ; 0           ; 0            ; 0       ; 0         ; 0    ; 0            ; 0 (0)        ; 0 (0)             ; 0 (0)            ; |hello|pollard:pollard0|lpm_mult:Mult0|mult_uht:auto_generated|alt_mac_mult:mac_mult331|mac_mult_2vg1:auto_generated|mult_qql:mult1            ; mult_qql      ; work         ;
;             |alt_mac_mult:mac_mult333|            ; 0 (0)       ; 0 (0)                     ; 0 (0)         ; 0           ; 0            ; 0       ; 0         ; 0    ; 0            ; 0 (0)        ; 0 (0)             ; 0 (0)            ; |hello|pollard:pollard0|lpm_mult:Mult0|mult_uht:auto_generated|alt_mac_mult:mac_mult333                                                        ; alt_mac_mult  ; work         ;
;                |mac_mult_2vg1:auto_generated|     ; 0 (0)       ; 0 (0)                     ; 0 (0)         ; 0           ; 0            ; 0       ; 0         ; 0    ; 0            ; 0 (0)        ; 0 (0)             ; 0 (0)            ; |hello|pollard:pollard0|lpm_mult:Mult0|mult_uht:auto_generated|alt_mac_mult:mac_mult333|mac_mult_2vg1:auto_generated                           ; mac_mult_2vg1 ; work         ;
;                   |mult_qql:mult1|                ; 0 (0)       ; 0 (0)                     ; 0 (0)         ; 0           ; 0            ; 0       ; 0         ; 0    ; 0            ; 0 (0)        ; 0 (0)             ; 0 (0)            ; |hello|pollard:pollard0|lpm_mult:Mult0|mult_uht:auto_generated|alt_mac_mult:mac_mult333|mac_mult_2vg1:auto_generated|mult_qql:mult1            ; mult_qql      ; work         ;
;             |alt_mac_mult:mac_mult335|            ; 0 (0)       ; 0 (0)                     ; 0 (0)         ; 0           ; 0            ; 0       ; 0         ; 0    ; 0            ; 0 (0)        ; 0 (0)             ; 0 (0)            ; |hello|pollard:pollard0|lpm_mult:Mult0|mult_uht:auto_generated|alt_mac_mult:mac_mult335                                                        ; alt_mac_mult  ; work         ;
;                |mac_mult_2vg1:auto_generated|     ; 0 (0)       ; 0 (0)                     ; 0 (0)         ; 0           ; 0            ; 0       ; 0         ; 0    ; 0            ; 0 (0)        ; 0 (0)             ; 0 (0)            ; |hello|pollard:pollard0|lpm_mult:Mult0|mult_uht:auto_generated|alt_mac_mult:mac_mult335|mac_mult_2vg1:auto_generated                           ; mac_mult_2vg1 ; work         ;
;                   |mult_qql:mult1|                ; 0 (0)       ; 0 (0)                     ; 0 (0)         ; 0           ; 0            ; 0       ; 0         ; 0    ; 0            ; 0 (0)        ; 0 (0)             ; 0 (0)            ; |hello|pollard:pollard0|lpm_mult:Mult0|mult_uht:auto_generated|alt_mac_mult:mac_mult335|mac_mult_2vg1:auto_generated|mult_qql:mult1            ; mult_qql      ; work         ;
;             |alt_mac_mult:mac_mult337|            ; 0 (0)       ; 0 (0)                     ; 0 (0)         ; 0           ; 0            ; 0       ; 0         ; 0    ; 0            ; 0 (0)        ; 0 (0)             ; 0 (0)            ; |hello|pollard:pollard0|lpm_mult:Mult0|mult_uht:auto_generated|alt_mac_mult:mac_mult337                                                        ; alt_mac_mult  ; work         ;
;                |mac_mult_2vg1:auto_generated|     ; 0 (0)       ; 0 (0)                     ; 0 (0)         ; 0           ; 0            ; 0       ; 0         ; 0    ; 0            ; 0 (0)        ; 0 (0)             ; 0 (0)            ; |hello|pollard:pollard0|lpm_mult:Mult0|mult_uht:auto_generated|alt_mac_mult:mac_mult337|mac_mult_2vg1:auto_generated                           ; mac_mult_2vg1 ; work         ;
;                   |mult_qql:mult1|                ; 0 (0)       ; 0 (0)                     ; 0 (0)         ; 0           ; 0            ; 0       ; 0         ; 0    ; 0            ; 0 (0)        ; 0 (0)             ; 0 (0)            ; |hello|pollard:pollard0|lpm_mult:Mult0|mult_uht:auto_generated|alt_mac_mult:mac_mult337|mac_mult_2vg1:auto_generated|mult_qql:mult1            ; mult_qql      ; work         ;
;             |alt_mac_mult:mac_mult33|             ; 0 (0)       ; 0 (0)                     ; 0 (0)         ; 0           ; 0            ; 0       ; 0         ; 0    ; 0            ; 0 (0)        ; 0 (0)             ; 0 (0)            ; |hello|pollard:pollard0|lpm_mult:Mult0|mult_uht:auto_generated|alt_mac_mult:mac_mult33                                                         ; alt_mac_mult  ; work         ;
;                |mac_mult_2vg1:auto_generated|     ; 0 (0)       ; 0 (0)                     ; 0 (0)         ; 0           ; 0            ; 0       ; 0         ; 0    ; 0            ; 0 (0)        ; 0 (0)             ; 0 (0)            ; |hello|pollard:pollard0|lpm_mult:Mult0|mult_uht:auto_generated|alt_mac_mult:mac_mult33|mac_mult_2vg1:auto_generated                            ; mac_mult_2vg1 ; work         ;
;                   |mult_qql:mult1|                ; 0 (0)       ; 0 (0)                     ; 0 (0)         ; 0           ; 0            ; 0       ; 0         ; 0    ; 0            ; 0 (0)        ; 0 (0)             ; 0 (0)            ; |hello|pollard:pollard0|lpm_mult:Mult0|mult_uht:auto_generated|alt_mac_mult:mac_mult33|mac_mult_2vg1:auto_generated|mult_qql:mult1             ; mult_qql      ; work         ;
;             |alt_mac_mult:mac_mult35|             ; 0 (0)       ; 0 (0)                     ; 0 (0)         ; 0           ; 0            ; 0       ; 0         ; 0    ; 0            ; 0 (0)        ; 0 (0)             ; 0 (0)            ; |hello|pollard:pollard0|lpm_mult:Mult0|mult_uht:auto_generated|alt_mac_mult:mac_mult35                                                         ; alt_mac_mult  ; work         ;
;                |mac_mult_2vg1:auto_generated|     ; 0 (0)       ; 0 (0)                     ; 0 (0)         ; 0           ; 0            ; 0       ; 0         ; 0    ; 0            ; 0 (0)        ; 0 (0)             ; 0 (0)            ; |hello|pollard:pollard0|lpm_mult:Mult0|mult_uht:auto_generated|alt_mac_mult:mac_mult35|mac_mult_2vg1:auto_generated                            ; mac_mult_2vg1 ; work         ;
;                   |mult_qql:mult1|                ; 0 (0)       ; 0 (0)                     ; 0 (0)         ; 0           ; 0            ; 0       ; 0         ; 0    ; 0            ; 0 (0)        ; 0 (0)             ; 0 (0)            ; |hello|pollard:pollard0|lpm_mult:Mult0|mult_uht:auto_generated|alt_mac_mult:mac_mult35|mac_mult_2vg1:auto_generated|mult_qql:mult1             ; mult_qql      ; work         ;
;             |alt_mac_mult:mac_mult361|            ; 0 (0)       ; 0 (0)                     ; 0 (0)         ; 0           ; 0            ; 0       ; 0         ; 0    ; 0            ; 0 (0)        ; 0 (0)             ; 0 (0)            ; |hello|pollard:pollard0|lpm_mult:Mult0|mult_uht:auto_generated|alt_mac_mult:mac_mult361                                                        ; alt_mac_mult  ; work         ;
;                |mac_mult_2vg1:auto_generated|     ; 0 (0)       ; 0 (0)                     ; 0 (0)         ; 0           ; 0            ; 0       ; 0         ; 0    ; 0            ; 0 (0)        ; 0 (0)             ; 0 (0)            ; |hello|pollard:pollard0|lpm_mult:Mult0|mult_uht:auto_generated|alt_mac_mult:mac_mult361|mac_mult_2vg1:auto_generated                           ; mac_mult_2vg1 ; work         ;
;                   |mult_qql:mult1|                ; 0 (0)       ; 0 (0)                     ; 0 (0)         ; 0           ; 0            ; 0       ; 0         ; 0    ; 0            ; 0 (0)        ; 0 (0)             ; 0 (0)            ; |hello|pollard:pollard0|lpm_mult:Mult0|mult_uht:auto_generated|alt_mac_mult:mac_mult361|mac_mult_2vg1:auto_generated|mult_qql:mult1            ; mult_qql      ; work         ;
;             |alt_mac_mult:mac_mult363|            ; 0 (0)       ; 0 (0)                     ; 0 (0)         ; 0           ; 0            ; 0       ; 0         ; 0    ; 0            ; 0 (0)        ; 0 (0)             ; 0 (0)            ; |hello|pollard:pollard0|lpm_mult:Mult0|mult_uht:auto_generated|alt_mac_mult:mac_mult363                                                        ; alt_mac_mult  ; work         ;
;                |mac_mult_2vg1:auto_generated|     ; 0 (0)       ; 0 (0)                     ; 0 (0)         ; 0           ; 0            ; 0       ; 0         ; 0    ; 0            ; 0 (0)        ; 0 (0)             ; 0 (0)            ; |hello|pollard:pollard0|lpm_mult:Mult0|mult_uht:auto_generated|alt_mac_mult:mac_mult363|mac_mult_2vg1:auto_generated                           ; mac_mult_2vg1 ; work         ;
;                   |mult_qql:mult1|                ; 0 (0)       ; 0 (0)                     ; 0 (0)         ; 0           ; 0            ; 0       ; 0         ; 0    ; 0            ; 0 (0)        ; 0 (0)             ; 0 (0)            ; |hello|pollard:pollard0|lpm_mult:Mult0|mult_uht:auto_generated|alt_mac_mult:mac_mult363|mac_mult_2vg1:auto_generated|mult_qql:mult1            ; mult_qql      ; work         ;
;             |alt_mac_mult:mac_mult365|            ; 0 (0)       ; 0 (0)                     ; 0 (0)         ; 0           ; 0            ; 0       ; 0         ; 0    ; 0            ; 0 (0)        ; 0 (0)             ; 0 (0)            ; |hello|pollard:pollard0|lpm_mult:Mult0|mult_uht:auto_generated|alt_mac_mult:mac_mult365                                                        ; alt_mac_mult  ; work         ;
;                |mac_mult_2vg1:auto_generated|     ; 0 (0)       ; 0 (0)                     ; 0 (0)         ; 0           ; 0            ; 0       ; 0         ; 0    ; 0            ; 0 (0)        ; 0 (0)             ; 0 (0)            ; |hello|pollard:pollard0|lpm_mult:Mult0|mult_uht:auto_generated|alt_mac_mult:mac_mult365|mac_mult_2vg1:auto_generated                           ; mac_mult_2vg1 ; work         ;
;                   |mult_qql:mult1|                ; 0 (0)       ; 0 (0)                     ; 0 (0)         ; 0           ; 0            ; 0       ; 0         ; 0    ; 0            ; 0 (0)        ; 0 (0)             ; 0 (0)            ; |hello|pollard:pollard0|lpm_mult:Mult0|mult_uht:auto_generated|alt_mac_mult:mac_mult365|mac_mult_2vg1:auto_generated|mult_qql:mult1            ; mult_qql      ; work         ;
;             |alt_mac_mult:mac_mult37|             ; 0 (0)       ; 0 (0)                     ; 0 (0)         ; 0           ; 0            ; 0       ; 0         ; 0    ; 0            ; 0 (0)        ; 0 (0)             ; 0 (0)            ; |hello|pollard:pollard0|lpm_mult:Mult0|mult_uht:auto_generated|alt_mac_mult:mac_mult37                                                         ; alt_mac_mult  ; work         ;
;                |mac_mult_2vg1:auto_generated|     ; 0 (0)       ; 0 (0)                     ; 0 (0)         ; 0           ; 0            ; 0       ; 0         ; 0    ; 0            ; 0 (0)        ; 0 (0)             ; 0 (0)            ; |hello|pollard:pollard0|lpm_mult:Mult0|mult_uht:auto_generated|alt_mac_mult:mac_mult37|mac_mult_2vg1:auto_generated                            ; mac_mult_2vg1 ; work         ;
;                   |mult_qql:mult1|                ; 0 (0)       ; 0 (0)                     ; 0 (0)         ; 0           ; 0            ; 0       ; 0         ; 0    ; 0            ; 0 (0)        ; 0 (0)             ; 0 (0)            ; |hello|pollard:pollard0|lpm_mult:Mult0|mult_uht:auto_generated|alt_mac_mult:mac_mult37|mac_mult_2vg1:auto_generated|mult_qql:mult1             ; mult_qql      ; work         ;
;             |alt_mac_mult:mac_mult391|            ; 0 (0)       ; 0 (0)                     ; 0 (0)         ; 0           ; 0            ; 0       ; 0         ; 0    ; 0            ; 0 (0)        ; 0 (0)             ; 0 (0)            ; |hello|pollard:pollard0|lpm_mult:Mult0|mult_uht:auto_generated|alt_mac_mult:mac_mult391                                                        ; alt_mac_mult  ; work         ;
;                |mac_mult_2vg1:auto_generated|     ; 0 (0)       ; 0 (0)                     ; 0 (0)         ; 0           ; 0            ; 0       ; 0         ; 0    ; 0            ; 0 (0)        ; 0 (0)             ; 0 (0)            ; |hello|pollard:pollard0|lpm_mult:Mult0|mult_uht:auto_generated|alt_mac_mult:mac_mult391|mac_mult_2vg1:auto_generated                           ; mac_mult_2vg1 ; work         ;
;                   |mult_qql:mult1|                ; 0 (0)       ; 0 (0)                     ; 0 (0)         ; 0           ; 0            ; 0       ; 0         ; 0    ; 0            ; 0 (0)        ; 0 (0)             ; 0 (0)            ; |hello|pollard:pollard0|lpm_mult:Mult0|mult_uht:auto_generated|alt_mac_mult:mac_mult391|mac_mult_2vg1:auto_generated|mult_qql:mult1            ; mult_qql      ; work         ;
;             |alt_mac_mult:mac_mult393|            ; 0 (0)       ; 0 (0)                     ; 0 (0)         ; 0           ; 0            ; 0       ; 0         ; 0    ; 0            ; 0 (0)        ; 0 (0)             ; 0 (0)            ; |hello|pollard:pollard0|lpm_mult:Mult0|mult_uht:auto_generated|alt_mac_mult:mac_mult393                                                        ; alt_mac_mult  ; work         ;
;                |mac_mult_2vg1:auto_generated|     ; 0 (0)       ; 0 (0)                     ; 0 (0)         ; 0           ; 0            ; 0       ; 0         ; 0    ; 0            ; 0 (0)        ; 0 (0)             ; 0 (0)            ; |hello|pollard:pollard0|lpm_mult:Mult0|mult_uht:auto_generated|alt_mac_mult:mac_mult393|mac_mult_2vg1:auto_generated                           ; mac_mult_2vg1 ; work         ;
;                   |mult_qql:mult1|                ; 0 (0)       ; 0 (0)                     ; 0 (0)         ; 0           ; 0            ; 0       ; 0         ; 0    ; 0            ; 0 (0)        ; 0 (0)             ; 0 (0)            ; |hello|pollard:pollard0|lpm_mult:Mult0|mult_uht:auto_generated|alt_mac_mult:mac_mult393|mac_mult_2vg1:auto_generated|mult_qql:mult1            ; mult_qql      ; work         ;
;             |alt_mac_mult:mac_mult39|             ; 0 (0)       ; 0 (0)                     ; 0 (0)         ; 0           ; 0            ; 0       ; 0         ; 0    ; 0            ; 0 (0)        ; 0 (0)             ; 0 (0)            ; |hello|pollard:pollard0|lpm_mult:Mult0|mult_uht:auto_generated|alt_mac_mult:mac_mult39                                                         ; alt_mac_mult  ; work         ;
;                |mac_mult_2vg1:auto_generated|     ; 0 (0)       ; 0 (0)                     ; 0 (0)         ; 0           ; 0            ; 0       ; 0         ; 0    ; 0            ; 0 (0)        ; 0 (0)             ; 0 (0)            ; |hello|pollard:pollard0|lpm_mult:Mult0|mult_uht:auto_generated|alt_mac_mult:mac_mult39|mac_mult_2vg1:auto_generated                            ; mac_mult_2vg1 ; work         ;
;                   |mult_qql:mult1|                ; 0 (0)       ; 0 (0)                     ; 0 (0)         ; 0           ; 0            ; 0       ; 0         ; 0    ; 0            ; 0 (0)        ; 0 (0)             ; 0 (0)            ; |hello|pollard:pollard0|lpm_mult:Mult0|mult_uht:auto_generated|alt_mac_mult:mac_mult39|mac_mult_2vg1:auto_generated|mult_qql:mult1             ; mult_qql      ; work         ;
;             |alt_mac_mult:mac_mult3|              ; 0 (0)       ; 0 (0)                     ; 0 (0)         ; 0           ; 0            ; 0       ; 0         ; 0    ; 0            ; 0 (0)        ; 0 (0)             ; 0 (0)            ; |hello|pollard:pollard0|lpm_mult:Mult0|mult_uht:auto_generated|alt_mac_mult:mac_mult3                                                          ; alt_mac_mult  ; work         ;
;                |mac_mult_2vg1:auto_generated|     ; 0 (0)       ; 0 (0)                     ; 0 (0)         ; 0           ; 0            ; 0       ; 0         ; 0    ; 0            ; 0 (0)        ; 0 (0)             ; 0 (0)            ; |hello|pollard:pollard0|lpm_mult:Mult0|mult_uht:auto_generated|alt_mac_mult:mac_mult3|mac_mult_2vg1:auto_generated                             ; mac_mult_2vg1 ; work         ;
;                   |mult_qql:mult1|                ; 0 (0)       ; 0 (0)                     ; 0 (0)         ; 0           ; 0            ; 0       ; 0         ; 0    ; 0            ; 0 (0)        ; 0 (0)             ; 0 (0)            ; |hello|pollard:pollard0|lpm_mult:Mult0|mult_uht:auto_generated|alt_mac_mult:mac_mult3|mac_mult_2vg1:auto_generated|mult_qql:mult1              ; mult_qql      ; work         ;
;             |alt_mac_mult:mac_mult41|             ; 0 (0)       ; 0 (0)                     ; 0 (0)         ; 0           ; 0            ; 0       ; 0         ; 0    ; 0            ; 0 (0)        ; 0 (0)             ; 0 (0)            ; |hello|pollard:pollard0|lpm_mult:Mult0|mult_uht:auto_generated|alt_mac_mult:mac_mult41                                                         ; alt_mac_mult  ; work         ;
;                |mac_mult_2vg1:auto_generated|     ; 0 (0)       ; 0 (0)                     ; 0 (0)         ; 0           ; 0            ; 0       ; 0         ; 0    ; 0            ; 0 (0)        ; 0 (0)             ; 0 (0)            ; |hello|pollard:pollard0|lpm_mult:Mult0|mult_uht:auto_generated|alt_mac_mult:mac_mult41|mac_mult_2vg1:auto_generated                            ; mac_mult_2vg1 ; work         ;
;                   |mult_qql:mult1|                ; 0 (0)       ; 0 (0)                     ; 0 (0)         ; 0           ; 0            ; 0       ; 0         ; 0    ; 0            ; 0 (0)        ; 0 (0)             ; 0 (0)            ; |hello|pollard:pollard0|lpm_mult:Mult0|mult_uht:auto_generated|alt_mac_mult:mac_mult41|mac_mult_2vg1:auto_generated|mult_qql:mult1             ; mult_qql      ; work         ;
;             |alt_mac_mult:mac_mult421|            ; 0 (0)       ; 0 (0)                     ; 0 (0)         ; 0           ; 0            ; 0       ; 0         ; 0    ; 0            ; 0 (0)        ; 0 (0)             ; 0 (0)            ; |hello|pollard:pollard0|lpm_mult:Mult0|mult_uht:auto_generated|alt_mac_mult:mac_mult421                                                        ; alt_mac_mult  ; work         ;
;                |mac_mult_8tg1:auto_generated|     ; 0 (0)       ; 0 (0)                     ; 0 (0)         ; 0           ; 0            ; 0       ; 0         ; 0    ; 0            ; 0 (0)        ; 0 (0)             ; 0 (0)            ; |hello|pollard:pollard0|lpm_mult:Mult0|mult_uht:auto_generated|alt_mac_mult:mac_mult421|mac_mult_8tg1:auto_generated                           ; mac_mult_8tg1 ; work         ;
;                   |mult_0pl:mult1|                ; 0 (0)       ; 0 (0)                     ; 0 (0)         ; 0           ; 0            ; 0       ; 0         ; 0    ; 0            ; 0 (0)        ; 0 (0)             ; 0 (0)            ; |hello|pollard:pollard0|lpm_mult:Mult0|mult_uht:auto_generated|alt_mac_mult:mac_mult421|mac_mult_8tg1:auto_generated|mult_0pl:mult1            ; mult_0pl      ; work         ;
;             |alt_mac_mult:mac_mult43|             ; 0 (0)       ; 0 (0)                     ; 0 (0)         ; 0           ; 0            ; 0       ; 0         ; 0    ; 0            ; 0 (0)        ; 0 (0)             ; 0 (0)            ; |hello|pollard:pollard0|lpm_mult:Mult0|mult_uht:auto_generated|alt_mac_mult:mac_mult43                                                         ; alt_mac_mult  ; work         ;
;                |mac_mult_2vg1:auto_generated|     ; 0 (0)       ; 0 (0)                     ; 0 (0)         ; 0           ; 0            ; 0       ; 0         ; 0    ; 0            ; 0 (0)        ; 0 (0)             ; 0 (0)            ; |hello|pollard:pollard0|lpm_mult:Mult0|mult_uht:auto_generated|alt_mac_mult:mac_mult43|mac_mult_2vg1:auto_generated                            ; mac_mult_2vg1 ; work         ;
;                   |mult_qql:mult1|                ; 0 (0)       ; 0 (0)                     ; 0 (0)         ; 0           ; 0            ; 0       ; 0         ; 0    ; 0            ; 0 (0)        ; 0 (0)             ; 0 (0)            ; |hello|pollard:pollard0|lpm_mult:Mult0|mult_uht:auto_generated|alt_mac_mult:mac_mult43|mac_mult_2vg1:auto_generated|mult_qql:mult1             ; mult_qql      ; work         ;
;             |alt_mac_mult:mac_mult45|             ; 0 (0)       ; 0 (0)                     ; 0 (0)         ; 0           ; 0            ; 0       ; 0         ; 0    ; 0            ; 0 (0)        ; 0 (0)             ; 0 (0)            ; |hello|pollard:pollard0|lpm_mult:Mult0|mult_uht:auto_generated|alt_mac_mult:mac_mult45                                                         ; alt_mac_mult  ; work         ;
;                |mac_mult_2vg1:auto_generated|     ; 0 (0)       ; 0 (0)                     ; 0 (0)         ; 0           ; 0            ; 0       ; 0         ; 0    ; 0            ; 0 (0)        ; 0 (0)             ; 0 (0)            ; |hello|pollard:pollard0|lpm_mult:Mult0|mult_uht:auto_generated|alt_mac_mult:mac_mult45|mac_mult_2vg1:auto_generated                            ; mac_mult_2vg1 ; work         ;
;                   |mult_qql:mult1|                ; 0 (0)       ; 0 (0)                     ; 0 (0)         ; 0           ; 0            ; 0       ; 0         ; 0    ; 0            ; 0 (0)        ; 0 (0)             ; 0 (0)            ; |hello|pollard:pollard0|lpm_mult:Mult0|mult_uht:auto_generated|alt_mac_mult:mac_mult45|mac_mult_2vg1:auto_generated|mult_qql:mult1             ; mult_qql      ; work         ;
;             |alt_mac_mult:mac_mult47|             ; 0 (0)       ; 0 (0)                     ; 0 (0)         ; 0           ; 0            ; 0       ; 0         ; 0    ; 0            ; 0 (0)        ; 0 (0)             ; 0 (0)            ; |hello|pollard:pollard0|lpm_mult:Mult0|mult_uht:auto_generated|alt_mac_mult:mac_mult47                                                         ; alt_mac_mult  ; work         ;
;                |mac_mult_2vg1:auto_generated|     ; 0 (0)       ; 0 (0)                     ; 0 (0)         ; 0           ; 0            ; 0       ; 0         ; 0    ; 0            ; 0 (0)        ; 0 (0)             ; 0 (0)            ; |hello|pollard:pollard0|lpm_mult:Mult0|mult_uht:auto_generated|alt_mac_mult:mac_mult47|mac_mult_2vg1:auto_generated                            ; mac_mult_2vg1 ; work         ;
;                   |mult_qql:mult1|                ; 0 (0)       ; 0 (0)                     ; 0 (0)         ; 0           ; 0            ; 0       ; 0         ; 0    ; 0            ; 0 (0)        ; 0 (0)             ; 0 (0)            ; |hello|pollard:pollard0|lpm_mult:Mult0|mult_uht:auto_generated|alt_mac_mult:mac_mult47|mac_mult_2vg1:auto_generated|mult_qql:mult1             ; mult_qql      ; work         ;
;             |alt_mac_mult:mac_mult53|             ; 0 (0)       ; 0 (0)                     ; 0 (0)         ; 0           ; 0            ; 0       ; 0         ; 0    ; 0            ; 0 (0)        ; 0 (0)             ; 0 (0)            ; |hello|pollard:pollard0|lpm_mult:Mult0|mult_uht:auto_generated|alt_mac_mult:mac_mult53                                                         ; alt_mac_mult  ; work         ;
;                |mac_mult_2vg1:auto_generated|     ; 0 (0)       ; 0 (0)                     ; 0 (0)         ; 0           ; 0            ; 0       ; 0         ; 0    ; 0            ; 0 (0)        ; 0 (0)             ; 0 (0)            ; |hello|pollard:pollard0|lpm_mult:Mult0|mult_uht:auto_generated|alt_mac_mult:mac_mult53|mac_mult_2vg1:auto_generated                            ; mac_mult_2vg1 ; work         ;
;                   |mult_qql:mult1|                ; 0 (0)       ; 0 (0)                     ; 0 (0)         ; 0           ; 0            ; 0       ; 0         ; 0    ; 0            ; 0 (0)        ; 0 (0)             ; 0 (0)            ; |hello|pollard:pollard0|lpm_mult:Mult0|mult_uht:auto_generated|alt_mac_mult:mac_mult53|mac_mult_2vg1:auto_generated|mult_qql:mult1             ; mult_qql      ; work         ;
;             |alt_mac_mult:mac_mult55|             ; 0 (0)       ; 0 (0)                     ; 0 (0)         ; 0           ; 0            ; 0       ; 0         ; 0    ; 0            ; 0 (0)        ; 0 (0)             ; 0 (0)            ; |hello|pollard:pollard0|lpm_mult:Mult0|mult_uht:auto_generated|alt_mac_mult:mac_mult55                                                         ; alt_mac_mult  ; work         ;
;                |mac_mult_2vg1:auto_generated|     ; 0 (0)       ; 0 (0)                     ; 0 (0)         ; 0           ; 0            ; 0       ; 0         ; 0    ; 0            ; 0 (0)        ; 0 (0)             ; 0 (0)            ; |hello|pollard:pollard0|lpm_mult:Mult0|mult_uht:auto_generated|alt_mac_mult:mac_mult55|mac_mult_2vg1:auto_generated                            ; mac_mult_2vg1 ; work         ;
;                   |mult_qql:mult1|                ; 0 (0)       ; 0 (0)                     ; 0 (0)         ; 0           ; 0            ; 0       ; 0         ; 0    ; 0            ; 0 (0)        ; 0 (0)             ; 0 (0)            ; |hello|pollard:pollard0|lpm_mult:Mult0|mult_uht:auto_generated|alt_mac_mult:mac_mult55|mac_mult_2vg1:auto_generated|mult_qql:mult1             ; mult_qql      ; work         ;
;             |alt_mac_mult:mac_mult57|             ; 0 (0)       ; 0 (0)                     ; 0 (0)         ; 0           ; 0            ; 0       ; 0         ; 0    ; 0            ; 0 (0)        ; 0 (0)             ; 0 (0)            ; |hello|pollard:pollard0|lpm_mult:Mult0|mult_uht:auto_generated|alt_mac_mult:mac_mult57                                                         ; alt_mac_mult  ; work         ;
;                |mac_mult_2vg1:auto_generated|     ; 0 (0)       ; 0 (0)                     ; 0 (0)         ; 0           ; 0            ; 0       ; 0         ; 0    ; 0            ; 0 (0)        ; 0 (0)             ; 0 (0)            ; |hello|pollard:pollard0|lpm_mult:Mult0|mult_uht:auto_generated|alt_mac_mult:mac_mult57|mac_mult_2vg1:auto_generated                            ; mac_mult_2vg1 ; work         ;
;                   |mult_qql:mult1|                ; 0 (0)       ; 0 (0)                     ; 0 (0)         ; 0           ; 0            ; 0       ; 0         ; 0    ; 0            ; 0 (0)        ; 0 (0)             ; 0 (0)            ; |hello|pollard:pollard0|lpm_mult:Mult0|mult_uht:auto_generated|alt_mac_mult:mac_mult57|mac_mult_2vg1:auto_generated|mult_qql:mult1             ; mult_qql      ; work         ;
;             |alt_mac_mult:mac_mult5|              ; 0 (0)       ; 0 (0)                     ; 0 (0)         ; 0           ; 0            ; 0       ; 0         ; 0    ; 0            ; 0 (0)        ; 0 (0)             ; 0 (0)            ; |hello|pollard:pollard0|lpm_mult:Mult0|mult_uht:auto_generated|alt_mac_mult:mac_mult5                                                          ; alt_mac_mult  ; work         ;
;                |mac_mult_2vg1:auto_generated|     ; 0 (0)       ; 0 (0)                     ; 0 (0)         ; 0           ; 0            ; 0       ; 0         ; 0    ; 0            ; 0 (0)        ; 0 (0)             ; 0 (0)            ; |hello|pollard:pollard0|lpm_mult:Mult0|mult_uht:auto_generated|alt_mac_mult:mac_mult5|mac_mult_2vg1:auto_generated                             ; mac_mult_2vg1 ; work         ;
;                   |mult_qql:mult1|                ; 0 (0)       ; 0 (0)                     ; 0 (0)         ; 0           ; 0            ; 0       ; 0         ; 0    ; 0            ; 0 (0)        ; 0 (0)             ; 0 (0)            ; |hello|pollard:pollard0|lpm_mult:Mult0|mult_uht:auto_generated|alt_mac_mult:mac_mult5|mac_mult_2vg1:auto_generated|mult_qql:mult1              ; mult_qql      ; work         ;
;             |alt_mac_mult:mac_mult61|             ; 0 (0)       ; 0 (0)                     ; 0 (0)         ; 0           ; 0            ; 0       ; 0         ; 0    ; 0            ; 0 (0)        ; 0 (0)             ; 0 (0)            ; |hello|pollard:pollard0|lpm_mult:Mult0|mult_uht:auto_generated|alt_mac_mult:mac_mult61                                                         ; alt_mac_mult  ; work         ;
;                |mac_mult_2vg1:auto_generated|     ; 0 (0)       ; 0 (0)                     ; 0 (0)         ; 0           ; 0            ; 0       ; 0         ; 0    ; 0            ; 0 (0)        ; 0 (0)             ; 0 (0)            ; |hello|pollard:pollard0|lpm_mult:Mult0|mult_uht:auto_generated|alt_mac_mult:mac_mult61|mac_mult_2vg1:auto_generated                            ; mac_mult_2vg1 ; work         ;
;                   |mult_qql:mult1|                ; 0 (0)       ; 0 (0)                     ; 0 (0)         ; 0           ; 0            ; 0       ; 0         ; 0    ; 0            ; 0 (0)        ; 0 (0)             ; 0 (0)            ; |hello|pollard:pollard0|lpm_mult:Mult0|mult_uht:auto_generated|alt_mac_mult:mac_mult61|mac_mult_2vg1:auto_generated|mult_qql:mult1             ; mult_qql      ; work         ;
;             |alt_mac_mult:mac_mult63|             ; 0 (0)       ; 0 (0)                     ; 0 (0)         ; 0           ; 0            ; 0       ; 0         ; 0    ; 0            ; 0 (0)        ; 0 (0)             ; 0 (0)            ; |hello|pollard:pollard0|lpm_mult:Mult0|mult_uht:auto_generated|alt_mac_mult:mac_mult63                                                         ; alt_mac_mult  ; work         ;
;                |mac_mult_2vg1:auto_generated|     ; 0 (0)       ; 0 (0)                     ; 0 (0)         ; 0           ; 0            ; 0       ; 0         ; 0    ; 0            ; 0 (0)        ; 0 (0)             ; 0 (0)            ; |hello|pollard:pollard0|lpm_mult:Mult0|mult_uht:auto_generated|alt_mac_mult:mac_mult63|mac_mult_2vg1:auto_generated                            ; mac_mult_2vg1 ; work         ;
;                   |mult_qql:mult1|                ; 0 (0)       ; 0 (0)                     ; 0 (0)         ; 0           ; 0            ; 0       ; 0         ; 0    ; 0            ; 0 (0)        ; 0 (0)             ; 0 (0)            ; |hello|pollard:pollard0|lpm_mult:Mult0|mult_uht:auto_generated|alt_mac_mult:mac_mult63|mac_mult_2vg1:auto_generated|mult_qql:mult1             ; mult_qql      ; work         ;
;             |alt_mac_mult:mac_mult65|             ; 0 (0)       ; 0 (0)                     ; 0 (0)         ; 0           ; 0            ; 0       ; 0         ; 0    ; 0            ; 0 (0)        ; 0 (0)             ; 0 (0)            ; |hello|pollard:pollard0|lpm_mult:Mult0|mult_uht:auto_generated|alt_mac_mult:mac_mult65                                                         ; alt_mac_mult  ; work         ;
;                |mac_mult_2vg1:auto_generated|     ; 0 (0)       ; 0 (0)                     ; 0 (0)         ; 0           ; 0            ; 0       ; 0         ; 0    ; 0            ; 0 (0)        ; 0 (0)             ; 0 (0)            ; |hello|pollard:pollard0|lpm_mult:Mult0|mult_uht:auto_generated|alt_mac_mult:mac_mult65|mac_mult_2vg1:auto_generated                            ; mac_mult_2vg1 ; work         ;
;                   |mult_qql:mult1|                ; 0 (0)       ; 0 (0)                     ; 0 (0)         ; 0           ; 0            ; 0       ; 0         ; 0    ; 0            ; 0 (0)        ; 0 (0)             ; 0 (0)            ; |hello|pollard:pollard0|lpm_mult:Mult0|mult_uht:auto_generated|alt_mac_mult:mac_mult65|mac_mult_2vg1:auto_generated|mult_qql:mult1             ; mult_qql      ; work         ;
;             |alt_mac_mult:mac_mult67|             ; 0 (0)       ; 0 (0)                     ; 0 (0)         ; 0           ; 0            ; 0       ; 0         ; 0    ; 0            ; 0 (0)        ; 0 (0)             ; 0 (0)            ; |hello|pollard:pollard0|lpm_mult:Mult0|mult_uht:auto_generated|alt_mac_mult:mac_mult67                                                         ; alt_mac_mult  ; work         ;
;                |mac_mult_2vg1:auto_generated|     ; 0 (0)       ; 0 (0)                     ; 0 (0)         ; 0           ; 0            ; 0       ; 0         ; 0    ; 0            ; 0 (0)        ; 0 (0)             ; 0 (0)            ; |hello|pollard:pollard0|lpm_mult:Mult0|mult_uht:auto_generated|alt_mac_mult:mac_mult67|mac_mult_2vg1:auto_generated                            ; mac_mult_2vg1 ; work         ;
;                   |mult_qql:mult1|                ; 0 (0)       ; 0 (0)                     ; 0 (0)         ; 0           ; 0            ; 0       ; 0         ; 0    ; 0            ; 0 (0)        ; 0 (0)             ; 0 (0)            ; |hello|pollard:pollard0|lpm_mult:Mult0|mult_uht:auto_generated|alt_mac_mult:mac_mult67|mac_mult_2vg1:auto_generated|mult_qql:mult1             ; mult_qql      ; work         ;
;             |alt_mac_mult:mac_mult69|             ; 0 (0)       ; 0 (0)                     ; 0 (0)         ; 0           ; 0            ; 0       ; 0         ; 0    ; 0            ; 0 (0)        ; 0 (0)             ; 0 (0)            ; |hello|pollard:pollard0|lpm_mult:Mult0|mult_uht:auto_generated|alt_mac_mult:mac_mult69                                                         ; alt_mac_mult  ; work         ;
;                |mac_mult_2vg1:auto_generated|     ; 0 (0)       ; 0 (0)                     ; 0 (0)         ; 0           ; 0            ; 0       ; 0         ; 0    ; 0            ; 0 (0)        ; 0 (0)             ; 0 (0)            ; |hello|pollard:pollard0|lpm_mult:Mult0|mult_uht:auto_generated|alt_mac_mult:mac_mult69|mac_mult_2vg1:auto_generated                            ; mac_mult_2vg1 ; work         ;
;                   |mult_qql:mult1|                ; 0 (0)       ; 0 (0)                     ; 0 (0)         ; 0           ; 0            ; 0       ; 0         ; 0    ; 0            ; 0 (0)        ; 0 (0)             ; 0 (0)            ; |hello|pollard:pollard0|lpm_mult:Mult0|mult_uht:auto_generated|alt_mac_mult:mac_mult69|mac_mult_2vg1:auto_generated|mult_qql:mult1             ; mult_qql      ; work         ;
;             |alt_mac_mult:mac_mult71|             ; 0 (0)       ; 0 (0)                     ; 0 (0)         ; 0           ; 0            ; 0       ; 0         ; 0    ; 0            ; 0 (0)        ; 0 (0)             ; 0 (0)            ; |hello|pollard:pollard0|lpm_mult:Mult0|mult_uht:auto_generated|alt_mac_mult:mac_mult71                                                         ; alt_mac_mult  ; work         ;
;                |mac_mult_2vg1:auto_generated|     ; 0 (0)       ; 0 (0)                     ; 0 (0)         ; 0           ; 0            ; 0       ; 0         ; 0    ; 0            ; 0 (0)        ; 0 (0)             ; 0 (0)            ; |hello|pollard:pollard0|lpm_mult:Mult0|mult_uht:auto_generated|alt_mac_mult:mac_mult71|mac_mult_2vg1:auto_generated                            ; mac_mult_2vg1 ; work         ;
;                   |mult_qql:mult1|                ; 0 (0)       ; 0 (0)                     ; 0 (0)         ; 0           ; 0            ; 0       ; 0         ; 0    ; 0            ; 0 (0)        ; 0 (0)             ; 0 (0)            ; |hello|pollard:pollard0|lpm_mult:Mult0|mult_uht:auto_generated|alt_mac_mult:mac_mult71|mac_mult_2vg1:auto_generated|mult_qql:mult1             ; mult_qql      ; work         ;
;             |alt_mac_mult:mac_mult73|             ; 0 (0)       ; 0 (0)                     ; 0 (0)         ; 0           ; 0            ; 0       ; 0         ; 0    ; 0            ; 0 (0)        ; 0 (0)             ; 0 (0)            ; |hello|pollard:pollard0|lpm_mult:Mult0|mult_uht:auto_generated|alt_mac_mult:mac_mult73                                                         ; alt_mac_mult  ; work         ;
;                |mac_mult_2vg1:auto_generated|     ; 0 (0)       ; 0 (0)                     ; 0 (0)         ; 0           ; 0            ; 0       ; 0         ; 0    ; 0            ; 0 (0)        ; 0 (0)             ; 0 (0)            ; |hello|pollard:pollard0|lpm_mult:Mult0|mult_uht:auto_generated|alt_mac_mult:mac_mult73|mac_mult_2vg1:auto_generated                            ; mac_mult_2vg1 ; work         ;
;                   |mult_qql:mult1|                ; 0 (0)       ; 0 (0)                     ; 0 (0)         ; 0           ; 0            ; 0       ; 0         ; 0    ; 0            ; 0 (0)        ; 0 (0)             ; 0 (0)            ; |hello|pollard:pollard0|lpm_mult:Mult0|mult_uht:auto_generated|alt_mac_mult:mac_mult73|mac_mult_2vg1:auto_generated|mult_qql:mult1             ; mult_qql      ; work         ;
;             |alt_mac_mult:mac_mult75|             ; 0 (0)       ; 0 (0)                     ; 0 (0)         ; 0           ; 0            ; 0       ; 0         ; 0    ; 0            ; 0 (0)        ; 0 (0)             ; 0 (0)            ; |hello|pollard:pollard0|lpm_mult:Mult0|mult_uht:auto_generated|alt_mac_mult:mac_mult75                                                         ; alt_mac_mult  ; work         ;
;                |mac_mult_2vg1:auto_generated|     ; 0 (0)       ; 0 (0)                     ; 0 (0)         ; 0           ; 0            ; 0       ; 0         ; 0    ; 0            ; 0 (0)        ; 0 (0)             ; 0 (0)            ; |hello|pollard:pollard0|lpm_mult:Mult0|mult_uht:auto_generated|alt_mac_mult:mac_mult75|mac_mult_2vg1:auto_generated                            ; mac_mult_2vg1 ; work         ;
;                   |mult_qql:mult1|                ; 0 (0)       ; 0 (0)                     ; 0 (0)         ; 0           ; 0            ; 0       ; 0         ; 0    ; 0            ; 0 (0)        ; 0 (0)             ; 0 (0)            ; |hello|pollard:pollard0|lpm_mult:Mult0|mult_uht:auto_generated|alt_mac_mult:mac_mult75|mac_mult_2vg1:auto_generated|mult_qql:mult1             ; mult_qql      ; work         ;
;             |alt_mac_mult:mac_mult77|             ; 0 (0)       ; 0 (0)                     ; 0 (0)         ; 0           ; 0            ; 0       ; 0         ; 0    ; 0            ; 0 (0)        ; 0 (0)             ; 0 (0)            ; |hello|pollard:pollard0|lpm_mult:Mult0|mult_uht:auto_generated|alt_mac_mult:mac_mult77                                                         ; alt_mac_mult  ; work         ;
;                |mac_mult_2vg1:auto_generated|     ; 0 (0)       ; 0 (0)                     ; 0 (0)         ; 0           ; 0            ; 0       ; 0         ; 0    ; 0            ; 0 (0)        ; 0 (0)             ; 0 (0)            ; |hello|pollard:pollard0|lpm_mult:Mult0|mult_uht:auto_generated|alt_mac_mult:mac_mult77|mac_mult_2vg1:auto_generated                            ; mac_mult_2vg1 ; work         ;
;                   |mult_qql:mult1|                ; 0 (0)       ; 0 (0)                     ; 0 (0)         ; 0           ; 0            ; 0       ; 0         ; 0    ; 0            ; 0 (0)        ; 0 (0)             ; 0 (0)            ; |hello|pollard:pollard0|lpm_mult:Mult0|mult_uht:auto_generated|alt_mac_mult:mac_mult77|mac_mult_2vg1:auto_generated|mult_qql:mult1             ; mult_qql      ; work         ;
;             |alt_mac_mult:mac_mult7|              ; 0 (0)       ; 0 (0)                     ; 0 (0)         ; 0           ; 0            ; 0       ; 0         ; 0    ; 0            ; 0 (0)        ; 0 (0)             ; 0 (0)            ; |hello|pollard:pollard0|lpm_mult:Mult0|mult_uht:auto_generated|alt_mac_mult:mac_mult7                                                          ; alt_mac_mult  ; work         ;
;                |mac_mult_2vg1:auto_generated|     ; 0 (0)       ; 0 (0)                     ; 0 (0)         ; 0           ; 0            ; 0       ; 0         ; 0    ; 0            ; 0 (0)        ; 0 (0)             ; 0 (0)            ; |hello|pollard:pollard0|lpm_mult:Mult0|mult_uht:auto_generated|alt_mac_mult:mac_mult7|mac_mult_2vg1:auto_generated                             ; mac_mult_2vg1 ; work         ;
;                   |mult_qql:mult1|                ; 0 (0)       ; 0 (0)                     ; 0 (0)         ; 0           ; 0            ; 0       ; 0         ; 0    ; 0            ; 0 (0)        ; 0 (0)             ; 0 (0)            ; |hello|pollard:pollard0|lpm_mult:Mult0|mult_uht:auto_generated|alt_mac_mult:mac_mult7|mac_mult_2vg1:auto_generated|mult_qql:mult1              ; mult_qql      ; work         ;
;             |alt_mac_mult:mac_mult81|             ; 0 (0)       ; 0 (0)                     ; 0 (0)         ; 0           ; 0            ; 0       ; 0         ; 0    ; 0            ; 0 (0)        ; 0 (0)             ; 0 (0)            ; |hello|pollard:pollard0|lpm_mult:Mult0|mult_uht:auto_generated|alt_mac_mult:mac_mult81                                                         ; alt_mac_mult  ; work         ;
;                |mac_mult_2vg1:auto_generated|     ; 0 (0)       ; 0 (0)                     ; 0 (0)         ; 0           ; 0            ; 0       ; 0         ; 0    ; 0            ; 0 (0)        ; 0 (0)             ; 0 (0)            ; |hello|pollard:pollard0|lpm_mult:Mult0|mult_uht:auto_generated|alt_mac_mult:mac_mult81|mac_mult_2vg1:auto_generated                            ; mac_mult_2vg1 ; work         ;
;                   |mult_qql:mult1|                ; 0 (0)       ; 0 (0)                     ; 0 (0)         ; 0           ; 0            ; 0       ; 0         ; 0    ; 0            ; 0 (0)        ; 0 (0)             ; 0 (0)            ; |hello|pollard:pollard0|lpm_mult:Mult0|mult_uht:auto_generated|alt_mac_mult:mac_mult81|mac_mult_2vg1:auto_generated|mult_qql:mult1             ; mult_qql      ; work         ;
;             |alt_mac_mult:mac_mult83|             ; 0 (0)       ; 0 (0)                     ; 0 (0)         ; 0           ; 0            ; 0       ; 0         ; 0    ; 0            ; 0 (0)        ; 0 (0)             ; 0 (0)            ; |hello|pollard:pollard0|lpm_mult:Mult0|mult_uht:auto_generated|alt_mac_mult:mac_mult83                                                         ; alt_mac_mult  ; work         ;
;                |mac_mult_2vg1:auto_generated|     ; 0 (0)       ; 0 (0)                     ; 0 (0)         ; 0           ; 0            ; 0       ; 0         ; 0    ; 0            ; 0 (0)        ; 0 (0)             ; 0 (0)            ; |hello|pollard:pollard0|lpm_mult:Mult0|mult_uht:auto_generated|alt_mac_mult:mac_mult83|mac_mult_2vg1:auto_generated                            ; mac_mult_2vg1 ; work         ;
;                   |mult_qql:mult1|                ; 0 (0)       ; 0 (0)                     ; 0 (0)         ; 0           ; 0            ; 0       ; 0         ; 0    ; 0            ; 0 (0)        ; 0 (0)             ; 0 (0)            ; |hello|pollard:pollard0|lpm_mult:Mult0|mult_uht:auto_generated|alt_mac_mult:mac_mult83|mac_mult_2vg1:auto_generated|mult_qql:mult1             ; mult_qql      ; work         ;
;             |alt_mac_mult:mac_mult85|             ; 0 (0)       ; 0 (0)                     ; 0 (0)         ; 0           ; 0            ; 0       ; 0         ; 0    ; 0            ; 0 (0)        ; 0 (0)             ; 0 (0)            ; |hello|pollard:pollard0|lpm_mult:Mult0|mult_uht:auto_generated|alt_mac_mult:mac_mult85                                                         ; alt_mac_mult  ; work         ;
;                |mac_mult_2vg1:auto_generated|     ; 0 (0)       ; 0 (0)                     ; 0 (0)         ; 0           ; 0            ; 0       ; 0         ; 0    ; 0            ; 0 (0)        ; 0 (0)             ; 0 (0)            ; |hello|pollard:pollard0|lpm_mult:Mult0|mult_uht:auto_generated|alt_mac_mult:mac_mult85|mac_mult_2vg1:auto_generated                            ; mac_mult_2vg1 ; work         ;
;                   |mult_qql:mult1|                ; 0 (0)       ; 0 (0)                     ; 0 (0)         ; 0           ; 0            ; 0       ; 0         ; 0    ; 0            ; 0 (0)        ; 0 (0)             ; 0 (0)            ; |hello|pollard:pollard0|lpm_mult:Mult0|mult_uht:auto_generated|alt_mac_mult:mac_mult85|mac_mult_2vg1:auto_generated|mult_qql:mult1             ; mult_qql      ; work         ;
;             |alt_mac_mult:mac_mult91|             ; 0 (0)       ; 0 (0)                     ; 0 (0)         ; 0           ; 0            ; 0       ; 0         ; 0    ; 0            ; 0 (0)        ; 0 (0)             ; 0 (0)            ; |hello|pollard:pollard0|lpm_mult:Mult0|mult_uht:auto_generated|alt_mac_mult:mac_mult91                                                         ; alt_mac_mult  ; work         ;
;                |mac_mult_2vg1:auto_generated|     ; 0 (0)       ; 0 (0)                     ; 0 (0)         ; 0           ; 0            ; 0       ; 0         ; 0    ; 0            ; 0 (0)        ; 0 (0)             ; 0 (0)            ; |hello|pollard:pollard0|lpm_mult:Mult0|mult_uht:auto_generated|alt_mac_mult:mac_mult91|mac_mult_2vg1:auto_generated                            ; mac_mult_2vg1 ; work         ;
;                   |mult_qql:mult1|                ; 0 (0)       ; 0 (0)                     ; 0 (0)         ; 0           ; 0            ; 0       ; 0         ; 0    ; 0            ; 0 (0)        ; 0 (0)             ; 0 (0)            ; |hello|pollard:pollard0|lpm_mult:Mult0|mult_uht:auto_generated|alt_mac_mult:mac_mult91|mac_mult_2vg1:auto_generated|mult_qql:mult1             ; mult_qql      ; work         ;
;             |alt_mac_mult:mac_mult93|             ; 0 (0)       ; 0 (0)                     ; 0 (0)         ; 0           ; 0            ; 0       ; 0         ; 0    ; 0            ; 0 (0)        ; 0 (0)             ; 0 (0)            ; |hello|pollard:pollard0|lpm_mult:Mult0|mult_uht:auto_generated|alt_mac_mult:mac_mult93                                                         ; alt_mac_mult  ; work         ;
;                |mac_mult_2vg1:auto_generated|     ; 0 (0)       ; 0 (0)                     ; 0 (0)         ; 0           ; 0            ; 0       ; 0         ; 0    ; 0            ; 0 (0)        ; 0 (0)             ; 0 (0)            ; |hello|pollard:pollard0|lpm_mult:Mult0|mult_uht:auto_generated|alt_mac_mult:mac_mult93|mac_mult_2vg1:auto_generated                            ; mac_mult_2vg1 ; work         ;
;                   |mult_qql:mult1|                ; 0 (0)       ; 0 (0)                     ; 0 (0)         ; 0           ; 0            ; 0       ; 0         ; 0    ; 0            ; 0 (0)        ; 0 (0)             ; 0 (0)            ; |hello|pollard:pollard0|lpm_mult:Mult0|mult_uht:auto_generated|alt_mac_mult:mac_mult93|mac_mult_2vg1:auto_generated|mult_qql:mult1             ; mult_qql      ; work         ;
;             |alt_mac_mult:mac_mult95|             ; 0 (0)       ; 0 (0)                     ; 0 (0)         ; 0           ; 0            ; 0       ; 0         ; 0    ; 0            ; 0 (0)        ; 0 (0)             ; 0 (0)            ; |hello|pollard:pollard0|lpm_mult:Mult0|mult_uht:auto_generated|alt_mac_mult:mac_mult95                                                         ; alt_mac_mult  ; work         ;
;                |mac_mult_2vg1:auto_generated|     ; 0 (0)       ; 0 (0)                     ; 0 (0)         ; 0           ; 0            ; 0       ; 0         ; 0    ; 0            ; 0 (0)        ; 0 (0)             ; 0 (0)            ; |hello|pollard:pollard0|lpm_mult:Mult0|mult_uht:auto_generated|alt_mac_mult:mac_mult95|mac_mult_2vg1:auto_generated                            ; mac_mult_2vg1 ; work         ;
;                   |mult_qql:mult1|                ; 0 (0)       ; 0 (0)                     ; 0 (0)         ; 0           ; 0            ; 0       ; 0         ; 0    ; 0            ; 0 (0)        ; 0 (0)             ; 0 (0)            ; |hello|pollard:pollard0|lpm_mult:Mult0|mult_uht:auto_generated|alt_mac_mult:mac_mult95|mac_mult_2vg1:auto_generated|mult_qql:mult1             ; mult_qql      ; work         ;
;             |alt_mac_mult:mac_mult97|             ; 0 (0)       ; 0 (0)                     ; 0 (0)         ; 0           ; 0            ; 0       ; 0         ; 0    ; 0            ; 0 (0)        ; 0 (0)             ; 0 (0)            ; |hello|pollard:pollard0|lpm_mult:Mult0|mult_uht:auto_generated|alt_mac_mult:mac_mult97                                                         ; alt_mac_mult  ; work         ;
;                |mac_mult_2vg1:auto_generated|     ; 0 (0)       ; 0 (0)                     ; 0 (0)         ; 0           ; 0            ; 0       ; 0         ; 0    ; 0            ; 0 (0)        ; 0 (0)             ; 0 (0)            ; |hello|pollard:pollard0|lpm_mult:Mult0|mult_uht:auto_generated|alt_mac_mult:mac_mult97|mac_mult_2vg1:auto_generated                            ; mac_mult_2vg1 ; work         ;
;                   |mult_qql:mult1|                ; 0 (0)       ; 0 (0)                     ; 0 (0)         ; 0           ; 0            ; 0       ; 0         ; 0    ; 0            ; 0 (0)        ; 0 (0)             ; 0 (0)            ; |hello|pollard:pollard0|lpm_mult:Mult0|mult_uht:auto_generated|alt_mac_mult:mac_mult97|mac_mult_2vg1:auto_generated|mult_qql:mult1             ; mult_qql      ; work         ;
;             |alt_mac_mult:mac_mult99|             ; 0 (0)       ; 0 (0)                     ; 0 (0)         ; 0           ; 0            ; 0       ; 0         ; 0    ; 0            ; 0 (0)        ; 0 (0)             ; 0 (0)            ; |hello|pollard:pollard0|lpm_mult:Mult0|mult_uht:auto_generated|alt_mac_mult:mac_mult99                                                         ; alt_mac_mult  ; work         ;
;                |mac_mult_2vg1:auto_generated|     ; 0 (0)       ; 0 (0)                     ; 0 (0)         ; 0           ; 0            ; 0       ; 0         ; 0    ; 0            ; 0 (0)        ; 0 (0)             ; 0 (0)            ; |hello|pollard:pollard0|lpm_mult:Mult0|mult_uht:auto_generated|alt_mac_mult:mac_mult99|mac_mult_2vg1:auto_generated                            ; mac_mult_2vg1 ; work         ;
;                   |mult_qql:mult1|                ; 0 (0)       ; 0 (0)                     ; 0 (0)         ; 0           ; 0            ; 0       ; 0         ; 0    ; 0            ; 0 (0)        ; 0 (0)             ; 0 (0)            ; |hello|pollard:pollard0|lpm_mult:Mult0|mult_uht:auto_generated|alt_mac_mult:mac_mult99|mac_mult_2vg1:auto_generated|mult_qql:mult1             ; mult_qql      ; work         ;
;             |alt_mac_mult:mac_mult9|              ; 0 (0)       ; 0 (0)                     ; 0 (0)         ; 0           ; 0            ; 0       ; 0         ; 0    ; 0            ; 0 (0)        ; 0 (0)             ; 0 (0)            ; |hello|pollard:pollard0|lpm_mult:Mult0|mult_uht:auto_generated|alt_mac_mult:mac_mult9                                                          ; alt_mac_mult  ; work         ;
;                |mac_mult_2vg1:auto_generated|     ; 0 (0)       ; 0 (0)                     ; 0 (0)         ; 0           ; 0            ; 0       ; 0         ; 0    ; 0            ; 0 (0)        ; 0 (0)             ; 0 (0)            ; |hello|pollard:pollard0|lpm_mult:Mult0|mult_uht:auto_generated|alt_mac_mult:mac_mult9|mac_mult_2vg1:auto_generated                             ; mac_mult_2vg1 ; work         ;
;                   |mult_qql:mult1|                ; 0 (0)       ; 0 (0)                     ; 0 (0)         ; 0           ; 0            ; 0       ; 0         ; 0    ; 0            ; 0 (0)        ; 0 (0)             ; 0 (0)            ; |hello|pollard:pollard0|lpm_mult:Mult0|mult_uht:auto_generated|alt_mac_mult:mac_mult9|mac_mult_2vg1:auto_generated|mult_qql:mult1              ; mult_qql      ; work         ;
;       |lpm_mult:Mult1|                            ; 0 (0)       ; 0 (0)                     ; 0 (0)         ; 0           ; 0            ; 0       ; 0         ; 0    ; 0            ; 0 (0)        ; 0 (0)             ; 0 (0)            ; |hello|pollard:pollard0|lpm_mult:Mult1                                                                                                         ; lpm_mult      ; work         ;
;          |mult_uht:auto_generated|                ; 0 (0)       ; 0 (0)                     ; 0 (0)         ; 0           ; 0            ; 0       ; 0         ; 0    ; 0            ; 0 (0)        ; 0 (0)             ; 0 (0)            ; |hello|pollard:pollard0|lpm_mult:Mult1|mult_uht:auto_generated                                                                                 ; mult_uht      ; work         ;
;             |alt_mac_mult:mac_mult101|            ; 0 (0)       ; 0 (0)                     ; 0 (0)         ; 0           ; 0            ; 0       ; 0         ; 0    ; 0            ; 0 (0)        ; 0 (0)             ; 0 (0)            ; |hello|pollard:pollard0|lpm_mult:Mult1|mult_uht:auto_generated|alt_mac_mult:mac_mult101                                                        ; alt_mac_mult  ; work         ;
;                |mac_mult_2vg1:auto_generated|     ; 0 (0)       ; 0 (0)                     ; 0 (0)         ; 0           ; 0            ; 0       ; 0         ; 0    ; 0            ; 0 (0)        ; 0 (0)             ; 0 (0)            ; |hello|pollard:pollard0|lpm_mult:Mult1|mult_uht:auto_generated|alt_mac_mult:mac_mult101|mac_mult_2vg1:auto_generated                           ; mac_mult_2vg1 ; work         ;
;                   |mult_qql:mult1|                ; 0 (0)       ; 0 (0)                     ; 0 (0)         ; 0           ; 0            ; 0       ; 0         ; 0    ; 0            ; 0 (0)        ; 0 (0)             ; 0 (0)            ; |hello|pollard:pollard0|lpm_mult:Mult1|mult_uht:auto_generated|alt_mac_mult:mac_mult101|mac_mult_2vg1:auto_generated|mult_qql:mult1            ; mult_qql      ; work         ;
;             |alt_mac_mult:mac_mult103|            ; 0 (0)       ; 0 (0)                     ; 0 (0)         ; 0           ; 0            ; 0       ; 0         ; 0    ; 0            ; 0 (0)        ; 0 (0)             ; 0 (0)            ; |hello|pollard:pollard0|lpm_mult:Mult1|mult_uht:auto_generated|alt_mac_mult:mac_mult103                                                        ; alt_mac_mult  ; work         ;
;                |mac_mult_2vg1:auto_generated|     ; 0 (0)       ; 0 (0)                     ; 0 (0)         ; 0           ; 0            ; 0       ; 0         ; 0    ; 0            ; 0 (0)        ; 0 (0)             ; 0 (0)            ; |hello|pollard:pollard0|lpm_mult:Mult1|mult_uht:auto_generated|alt_mac_mult:mac_mult103|mac_mult_2vg1:auto_generated                           ; mac_mult_2vg1 ; work         ;
;                   |mult_qql:mult1|                ; 0 (0)       ; 0 (0)                     ; 0 (0)         ; 0           ; 0            ; 0       ; 0         ; 0    ; 0            ; 0 (0)        ; 0 (0)             ; 0 (0)            ; |hello|pollard:pollard0|lpm_mult:Mult1|mult_uht:auto_generated|alt_mac_mult:mac_mult103|mac_mult_2vg1:auto_generated|mult_qql:mult1            ; mult_qql      ; work         ;
;             |alt_mac_mult:mac_mult105|            ; 0 (0)       ; 0 (0)                     ; 0 (0)         ; 0           ; 0            ; 0       ; 0         ; 0    ; 0            ; 0 (0)        ; 0 (0)             ; 0 (0)            ; |hello|pollard:pollard0|lpm_mult:Mult1|mult_uht:auto_generated|alt_mac_mult:mac_mult105                                                        ; alt_mac_mult  ; work         ;
;                |mac_mult_2vg1:auto_generated|     ; 0 (0)       ; 0 (0)                     ; 0 (0)         ; 0           ; 0            ; 0       ; 0         ; 0    ; 0            ; 0 (0)        ; 0 (0)             ; 0 (0)            ; |hello|pollard:pollard0|lpm_mult:Mult1|mult_uht:auto_generated|alt_mac_mult:mac_mult105|mac_mult_2vg1:auto_generated                           ; mac_mult_2vg1 ; work         ;
;                   |mult_qql:mult1|                ; 0 (0)       ; 0 (0)                     ; 0 (0)         ; 0           ; 0            ; 0       ; 0         ; 0    ; 0            ; 0 (0)        ; 0 (0)             ; 0 (0)            ; |hello|pollard:pollard0|lpm_mult:Mult1|mult_uht:auto_generated|alt_mac_mult:mac_mult105|mac_mult_2vg1:auto_generated|mult_qql:mult1            ; mult_qql      ; work         ;
;             |alt_mac_mult:mac_mult107|            ; 0 (0)       ; 0 (0)                     ; 0 (0)         ; 0           ; 0            ; 0       ; 0         ; 0    ; 0            ; 0 (0)        ; 0 (0)             ; 0 (0)            ; |hello|pollard:pollard0|lpm_mult:Mult1|mult_uht:auto_generated|alt_mac_mult:mac_mult107                                                        ; alt_mac_mult  ; work         ;
;                |mac_mult_2vg1:auto_generated|     ; 0 (0)       ; 0 (0)                     ; 0 (0)         ; 0           ; 0            ; 0       ; 0         ; 0    ; 0            ; 0 (0)        ; 0 (0)             ; 0 (0)            ; |hello|pollard:pollard0|lpm_mult:Mult1|mult_uht:auto_generated|alt_mac_mult:mac_mult107|mac_mult_2vg1:auto_generated                           ; mac_mult_2vg1 ; work         ;
;                   |mult_qql:mult1|                ; 0 (0)       ; 0 (0)                     ; 0 (0)         ; 0           ; 0            ; 0       ; 0         ; 0    ; 0            ; 0 (0)        ; 0 (0)             ; 0 (0)            ; |hello|pollard:pollard0|lpm_mult:Mult1|mult_uht:auto_generated|alt_mac_mult:mac_mult107|mac_mult_2vg1:auto_generated|mult_qql:mult1            ; mult_qql      ; work         ;
;             |alt_mac_mult:mac_mult109|            ; 0 (0)       ; 0 (0)                     ; 0 (0)         ; 0           ; 0            ; 0       ; 0         ; 0    ; 0            ; 0 (0)        ; 0 (0)             ; 0 (0)            ; |hello|pollard:pollard0|lpm_mult:Mult1|mult_uht:auto_generated|alt_mac_mult:mac_mult109                                                        ; alt_mac_mult  ; work         ;
;                |mac_mult_2vg1:auto_generated|     ; 0 (0)       ; 0 (0)                     ; 0 (0)         ; 0           ; 0            ; 0       ; 0         ; 0    ; 0            ; 0 (0)        ; 0 (0)             ; 0 (0)            ; |hello|pollard:pollard0|lpm_mult:Mult1|mult_uht:auto_generated|alt_mac_mult:mac_mult109|mac_mult_2vg1:auto_generated                           ; mac_mult_2vg1 ; work         ;
;                   |mult_qql:mult1|                ; 0 (0)       ; 0 (0)                     ; 0 (0)         ; 0           ; 0            ; 0       ; 0         ; 0    ; 0            ; 0 (0)        ; 0 (0)             ; 0 (0)            ; |hello|pollard:pollard0|lpm_mult:Mult1|mult_uht:auto_generated|alt_mac_mult:mac_mult109|mac_mult_2vg1:auto_generated|mult_qql:mult1            ; mult_qql      ; work         ;
;             |alt_mac_mult:mac_mult111|            ; 0 (0)       ; 0 (0)                     ; 0 (0)         ; 0           ; 0            ; 0       ; 0         ; 0    ; 0            ; 0 (0)        ; 0 (0)             ; 0 (0)            ; |hello|pollard:pollard0|lpm_mult:Mult1|mult_uht:auto_generated|alt_mac_mult:mac_mult111                                                        ; alt_mac_mult  ; work         ;
;                |mac_mult_2vg1:auto_generated|     ; 0 (0)       ; 0 (0)                     ; 0 (0)         ; 0           ; 0            ; 0       ; 0         ; 0    ; 0            ; 0 (0)        ; 0 (0)             ; 0 (0)            ; |hello|pollard:pollard0|lpm_mult:Mult1|mult_uht:auto_generated|alt_mac_mult:mac_mult111|mac_mult_2vg1:auto_generated                           ; mac_mult_2vg1 ; work         ;
;                   |mult_qql:mult1|                ; 0 (0)       ; 0 (0)                     ; 0 (0)         ; 0           ; 0            ; 0       ; 0         ; 0    ; 0            ; 0 (0)        ; 0 (0)             ; 0 (0)            ; |hello|pollard:pollard0|lpm_mult:Mult1|mult_uht:auto_generated|alt_mac_mult:mac_mult111|mac_mult_2vg1:auto_generated|mult_qql:mult1            ; mult_qql      ; work         ;
;             |alt_mac_mult:mac_mult113|            ; 0 (0)       ; 0 (0)                     ; 0 (0)         ; 0           ; 0            ; 0       ; 0         ; 0    ; 0            ; 0 (0)        ; 0 (0)             ; 0 (0)            ; |hello|pollard:pollard0|lpm_mult:Mult1|mult_uht:auto_generated|alt_mac_mult:mac_mult113                                                        ; alt_mac_mult  ; work         ;
;                |mac_mult_2vg1:auto_generated|     ; 0 (0)       ; 0 (0)                     ; 0 (0)         ; 0           ; 0            ; 0       ; 0         ; 0    ; 0            ; 0 (0)        ; 0 (0)             ; 0 (0)            ; |hello|pollard:pollard0|lpm_mult:Mult1|mult_uht:auto_generated|alt_mac_mult:mac_mult113|mac_mult_2vg1:auto_generated                           ; mac_mult_2vg1 ; work         ;
;                   |mult_qql:mult1|                ; 0 (0)       ; 0 (0)                     ; 0 (0)         ; 0           ; 0            ; 0       ; 0         ; 0    ; 0            ; 0 (0)        ; 0 (0)             ; 0 (0)            ; |hello|pollard:pollard0|lpm_mult:Mult1|mult_uht:auto_generated|alt_mac_mult:mac_mult113|mac_mult_2vg1:auto_generated|mult_qql:mult1            ; mult_qql      ; work         ;
;             |alt_mac_mult:mac_mult11|             ; 0 (0)       ; 0 (0)                     ; 0 (0)         ; 0           ; 0            ; 0       ; 0         ; 0    ; 0            ; 0 (0)        ; 0 (0)             ; 0 (0)            ; |hello|pollard:pollard0|lpm_mult:Mult1|mult_uht:auto_generated|alt_mac_mult:mac_mult11                                                         ; alt_mac_mult  ; work         ;
;                |mac_mult_2vg1:auto_generated|     ; 0 (0)       ; 0 (0)                     ; 0 (0)         ; 0           ; 0            ; 0       ; 0         ; 0    ; 0            ; 0 (0)        ; 0 (0)             ; 0 (0)            ; |hello|pollard:pollard0|lpm_mult:Mult1|mult_uht:auto_generated|alt_mac_mult:mac_mult11|mac_mult_2vg1:auto_generated                            ; mac_mult_2vg1 ; work         ;
;                   |mult_qql:mult1|                ; 0 (0)       ; 0 (0)                     ; 0 (0)         ; 0           ; 0            ; 0       ; 0         ; 0    ; 0            ; 0 (0)        ; 0 (0)             ; 0 (0)            ; |hello|pollard:pollard0|lpm_mult:Mult1|mult_uht:auto_generated|alt_mac_mult:mac_mult11|mac_mult_2vg1:auto_generated|mult_qql:mult1             ; mult_qql      ; work         ;
;             |alt_mac_mult:mac_mult121|            ; 0 (0)       ; 0 (0)                     ; 0 (0)         ; 0           ; 0            ; 0       ; 0         ; 0    ; 0            ; 0 (0)        ; 0 (0)             ; 0 (0)            ; |hello|pollard:pollard0|lpm_mult:Mult1|mult_uht:auto_generated|alt_mac_mult:mac_mult121                                                        ; alt_mac_mult  ; work         ;
;                |mac_mult_2vg1:auto_generated|     ; 0 (0)       ; 0 (0)                     ; 0 (0)         ; 0           ; 0            ; 0       ; 0         ; 0    ; 0            ; 0 (0)        ; 0 (0)             ; 0 (0)            ; |hello|pollard:pollard0|lpm_mult:Mult1|mult_uht:auto_generated|alt_mac_mult:mac_mult121|mac_mult_2vg1:auto_generated                           ; mac_mult_2vg1 ; work         ;
;                   |mult_qql:mult1|                ; 0 (0)       ; 0 (0)                     ; 0 (0)         ; 0           ; 0            ; 0       ; 0         ; 0    ; 0            ; 0 (0)        ; 0 (0)             ; 0 (0)            ; |hello|pollard:pollard0|lpm_mult:Mult1|mult_uht:auto_generated|alt_mac_mult:mac_mult121|mac_mult_2vg1:auto_generated|mult_qql:mult1            ; mult_qql      ; work         ;
;             |alt_mac_mult:mac_mult123|            ; 0 (0)       ; 0 (0)                     ; 0 (0)         ; 0           ; 0            ; 0       ; 0         ; 0    ; 0            ; 0 (0)        ; 0 (0)             ; 0 (0)            ; |hello|pollard:pollard0|lpm_mult:Mult1|mult_uht:auto_generated|alt_mac_mult:mac_mult123                                                        ; alt_mac_mult  ; work         ;
;                |mac_mult_2vg1:auto_generated|     ; 0 (0)       ; 0 (0)                     ; 0 (0)         ; 0           ; 0            ; 0       ; 0         ; 0    ; 0            ; 0 (0)        ; 0 (0)             ; 0 (0)            ; |hello|pollard:pollard0|lpm_mult:Mult1|mult_uht:auto_generated|alt_mac_mult:mac_mult123|mac_mult_2vg1:auto_generated                           ; mac_mult_2vg1 ; work         ;
;                   |mult_qql:mult1|                ; 0 (0)       ; 0 (0)                     ; 0 (0)         ; 0           ; 0            ; 0       ; 0         ; 0    ; 0            ; 0 (0)        ; 0 (0)             ; 0 (0)            ; |hello|pollard:pollard0|lpm_mult:Mult1|mult_uht:auto_generated|alt_mac_mult:mac_mult123|mac_mult_2vg1:auto_generated|mult_qql:mult1            ; mult_qql      ; work         ;
;             |alt_mac_mult:mac_mult125|            ; 0 (0)       ; 0 (0)                     ; 0 (0)         ; 0           ; 0            ; 0       ; 0         ; 0    ; 0            ; 0 (0)        ; 0 (0)             ; 0 (0)            ; |hello|pollard:pollard0|lpm_mult:Mult1|mult_uht:auto_generated|alt_mac_mult:mac_mult125                                                        ; alt_mac_mult  ; work         ;
;                |mac_mult_2vg1:auto_generated|     ; 0 (0)       ; 0 (0)                     ; 0 (0)         ; 0           ; 0            ; 0       ; 0         ; 0    ; 0            ; 0 (0)        ; 0 (0)             ; 0 (0)            ; |hello|pollard:pollard0|lpm_mult:Mult1|mult_uht:auto_generated|alt_mac_mult:mac_mult125|mac_mult_2vg1:auto_generated                           ; mac_mult_2vg1 ; work         ;
;                   |mult_qql:mult1|                ; 0 (0)       ; 0 (0)                     ; 0 (0)         ; 0           ; 0            ; 0       ; 0         ; 0    ; 0            ; 0 (0)        ; 0 (0)             ; 0 (0)            ; |hello|pollard:pollard0|lpm_mult:Mult1|mult_uht:auto_generated|alt_mac_mult:mac_mult125|mac_mult_2vg1:auto_generated|mult_qql:mult1            ; mult_qql      ; work         ;
;             |alt_mac_mult:mac_mult127|            ; 0 (0)       ; 0 (0)                     ; 0 (0)         ; 0           ; 0            ; 0       ; 0         ; 0    ; 0            ; 0 (0)        ; 0 (0)             ; 0 (0)            ; |hello|pollard:pollard0|lpm_mult:Mult1|mult_uht:auto_generated|alt_mac_mult:mac_mult127                                                        ; alt_mac_mult  ; work         ;
;                |mac_mult_2vg1:auto_generated|     ; 0 (0)       ; 0 (0)                     ; 0 (0)         ; 0           ; 0            ; 0       ; 0         ; 0    ; 0            ; 0 (0)        ; 0 (0)             ; 0 (0)            ; |hello|pollard:pollard0|lpm_mult:Mult1|mult_uht:auto_generated|alt_mac_mult:mac_mult127|mac_mult_2vg1:auto_generated                           ; mac_mult_2vg1 ; work         ;
;                   |mult_qql:mult1|                ; 0 (0)       ; 0 (0)                     ; 0 (0)         ; 0           ; 0            ; 0       ; 0         ; 0    ; 0            ; 0 (0)        ; 0 (0)             ; 0 (0)            ; |hello|pollard:pollard0|lpm_mult:Mult1|mult_uht:auto_generated|alt_mac_mult:mac_mult127|mac_mult_2vg1:auto_generated|mult_qql:mult1            ; mult_qql      ; work         ;
;             |alt_mac_mult:mac_mult129|            ; 0 (0)       ; 0 (0)                     ; 0 (0)         ; 0           ; 0            ; 0       ; 0         ; 0    ; 0            ; 0 (0)        ; 0 (0)             ; 0 (0)            ; |hello|pollard:pollard0|lpm_mult:Mult1|mult_uht:auto_generated|alt_mac_mult:mac_mult129                                                        ; alt_mac_mult  ; work         ;
;                |mac_mult_2vg1:auto_generated|     ; 0 (0)       ; 0 (0)                     ; 0 (0)         ; 0           ; 0            ; 0       ; 0         ; 0    ; 0            ; 0 (0)        ; 0 (0)             ; 0 (0)            ; |hello|pollard:pollard0|lpm_mult:Mult1|mult_uht:auto_generated|alt_mac_mult:mac_mult129|mac_mult_2vg1:auto_generated                           ; mac_mult_2vg1 ; work         ;
;                   |mult_qql:mult1|                ; 0 (0)       ; 0 (0)                     ; 0 (0)         ; 0           ; 0            ; 0       ; 0         ; 0    ; 0            ; 0 (0)        ; 0 (0)             ; 0 (0)            ; |hello|pollard:pollard0|lpm_mult:Mult1|mult_uht:auto_generated|alt_mac_mult:mac_mult129|mac_mult_2vg1:auto_generated|mult_qql:mult1            ; mult_qql      ; work         ;
;             |alt_mac_mult:mac_mult131|            ; 0 (0)       ; 0 (0)                     ; 0 (0)         ; 0           ; 0            ; 0       ; 0         ; 0    ; 0            ; 0 (0)        ; 0 (0)             ; 0 (0)            ; |hello|pollard:pollard0|lpm_mult:Mult1|mult_uht:auto_generated|alt_mac_mult:mac_mult131                                                        ; alt_mac_mult  ; work         ;
;                |mac_mult_2vg1:auto_generated|     ; 0 (0)       ; 0 (0)                     ; 0 (0)         ; 0           ; 0            ; 0       ; 0         ; 0    ; 0            ; 0 (0)        ; 0 (0)             ; 0 (0)            ; |hello|pollard:pollard0|lpm_mult:Mult1|mult_uht:auto_generated|alt_mac_mult:mac_mult131|mac_mult_2vg1:auto_generated                           ; mac_mult_2vg1 ; work         ;
;                   |mult_qql:mult1|                ; 0 (0)       ; 0 (0)                     ; 0 (0)         ; 0           ; 0            ; 0       ; 0         ; 0    ; 0            ; 0 (0)        ; 0 (0)             ; 0 (0)            ; |hello|pollard:pollard0|lpm_mult:Mult1|mult_uht:auto_generated|alt_mac_mult:mac_mult131|mac_mult_2vg1:auto_generated|mult_qql:mult1            ; mult_qql      ; work         ;
;             |alt_mac_mult:mac_mult133|            ; 0 (0)       ; 0 (0)                     ; 0 (0)         ; 0           ; 0            ; 0       ; 0         ; 0    ; 0            ; 0 (0)        ; 0 (0)             ; 0 (0)            ; |hello|pollard:pollard0|lpm_mult:Mult1|mult_uht:auto_generated|alt_mac_mult:mac_mult133                                                        ; alt_mac_mult  ; work         ;
;                |mac_mult_2vg1:auto_generated|     ; 0 (0)       ; 0 (0)                     ; 0 (0)         ; 0           ; 0            ; 0       ; 0         ; 0    ; 0            ; 0 (0)        ; 0 (0)             ; 0 (0)            ; |hello|pollard:pollard0|lpm_mult:Mult1|mult_uht:auto_generated|alt_mac_mult:mac_mult133|mac_mult_2vg1:auto_generated                           ; mac_mult_2vg1 ; work         ;
;                   |mult_qql:mult1|                ; 0 (0)       ; 0 (0)                     ; 0 (0)         ; 0           ; 0            ; 0       ; 0         ; 0    ; 0            ; 0 (0)        ; 0 (0)             ; 0 (0)            ; |hello|pollard:pollard0|lpm_mult:Mult1|mult_uht:auto_generated|alt_mac_mult:mac_mult133|mac_mult_2vg1:auto_generated|mult_qql:mult1            ; mult_qql      ; work         ;
;             |alt_mac_mult:mac_mult135|            ; 0 (0)       ; 0 (0)                     ; 0 (0)         ; 0           ; 0            ; 0       ; 0         ; 0    ; 0            ; 0 (0)        ; 0 (0)             ; 0 (0)            ; |hello|pollard:pollard0|lpm_mult:Mult1|mult_uht:auto_generated|alt_mac_mult:mac_mult135                                                        ; alt_mac_mult  ; work         ;
;                |mac_mult_2vg1:auto_generated|     ; 0 (0)       ; 0 (0)                     ; 0 (0)         ; 0           ; 0            ; 0       ; 0         ; 0    ; 0            ; 0 (0)        ; 0 (0)             ; 0 (0)            ; |hello|pollard:pollard0|lpm_mult:Mult1|mult_uht:auto_generated|alt_mac_mult:mac_mult135|mac_mult_2vg1:auto_generated                           ; mac_mult_2vg1 ; work         ;
;                   |mult_qql:mult1|                ; 0 (0)       ; 0 (0)                     ; 0 (0)         ; 0           ; 0            ; 0       ; 0         ; 0    ; 0            ; 0 (0)        ; 0 (0)             ; 0 (0)            ; |hello|pollard:pollard0|lpm_mult:Mult1|mult_uht:auto_generated|alt_mac_mult:mac_mult135|mac_mult_2vg1:auto_generated|mult_qql:mult1            ; mult_qql      ; work         ;
;             |alt_mac_mult:mac_mult137|            ; 0 (0)       ; 0 (0)                     ; 0 (0)         ; 0           ; 0            ; 0       ; 0         ; 0    ; 0            ; 0 (0)        ; 0 (0)             ; 0 (0)            ; |hello|pollard:pollard0|lpm_mult:Mult1|mult_uht:auto_generated|alt_mac_mult:mac_mult137                                                        ; alt_mac_mult  ; work         ;
;                |mac_mult_2vg1:auto_generated|     ; 0 (0)       ; 0 (0)                     ; 0 (0)         ; 0           ; 0            ; 0       ; 0         ; 0    ; 0            ; 0 (0)        ; 0 (0)             ; 0 (0)            ; |hello|pollard:pollard0|lpm_mult:Mult1|mult_uht:auto_generated|alt_mac_mult:mac_mult137|mac_mult_2vg1:auto_generated                           ; mac_mult_2vg1 ; work         ;
;                   |mult_qql:mult1|                ; 0 (0)       ; 0 (0)                     ; 0 (0)         ; 0           ; 0            ; 0       ; 0         ; 0    ; 0            ; 0 (0)        ; 0 (0)             ; 0 (0)            ; |hello|pollard:pollard0|lpm_mult:Mult1|mult_uht:auto_generated|alt_mac_mult:mac_mult137|mac_mult_2vg1:auto_generated|mult_qql:mult1            ; mult_qql      ; work         ;
;             |alt_mac_mult:mac_mult139|            ; 0 (0)       ; 0 (0)                     ; 0 (0)         ; 0           ; 0            ; 0       ; 0         ; 0    ; 0            ; 0 (0)        ; 0 (0)             ; 0 (0)            ; |hello|pollard:pollard0|lpm_mult:Mult1|mult_uht:auto_generated|alt_mac_mult:mac_mult139                                                        ; alt_mac_mult  ; work         ;
;                |mac_mult_2vg1:auto_generated|     ; 0 (0)       ; 0 (0)                     ; 0 (0)         ; 0           ; 0            ; 0       ; 0         ; 0    ; 0            ; 0 (0)        ; 0 (0)             ; 0 (0)            ; |hello|pollard:pollard0|lpm_mult:Mult1|mult_uht:auto_generated|alt_mac_mult:mac_mult139|mac_mult_2vg1:auto_generated                           ; mac_mult_2vg1 ; work         ;
;                   |mult_qql:mult1|                ; 0 (0)       ; 0 (0)                     ; 0 (0)         ; 0           ; 0            ; 0       ; 0         ; 0    ; 0            ; 0 (0)        ; 0 (0)             ; 0 (0)            ; |hello|pollard:pollard0|lpm_mult:Mult1|mult_uht:auto_generated|alt_mac_mult:mac_mult139|mac_mult_2vg1:auto_generated|mult_qql:mult1            ; mult_qql      ; work         ;
;             |alt_mac_mult:mac_mult13|             ; 0 (0)       ; 0 (0)                     ; 0 (0)         ; 0           ; 0            ; 0       ; 0         ; 0    ; 0            ; 0 (0)        ; 0 (0)             ; 0 (0)            ; |hello|pollard:pollard0|lpm_mult:Mult1|mult_uht:auto_generated|alt_mac_mult:mac_mult13                                                         ; alt_mac_mult  ; work         ;
;                |mac_mult_2vg1:auto_generated|     ; 0 (0)       ; 0 (0)                     ; 0 (0)         ; 0           ; 0            ; 0       ; 0         ; 0    ; 0            ; 0 (0)        ; 0 (0)             ; 0 (0)            ; |hello|pollard:pollard0|lpm_mult:Mult1|mult_uht:auto_generated|alt_mac_mult:mac_mult13|mac_mult_2vg1:auto_generated                            ; mac_mult_2vg1 ; work         ;
;                   |mult_qql:mult1|                ; 0 (0)       ; 0 (0)                     ; 0 (0)         ; 0           ; 0            ; 0       ; 0         ; 0    ; 0            ; 0 (0)        ; 0 (0)             ; 0 (0)            ; |hello|pollard:pollard0|lpm_mult:Mult1|mult_uht:auto_generated|alt_mac_mult:mac_mult13|mac_mult_2vg1:auto_generated|mult_qql:mult1             ; mult_qql      ; work         ;
;             |alt_mac_mult:mac_mult141|            ; 0 (0)       ; 0 (0)                     ; 0 (0)         ; 0           ; 0            ; 0       ; 0         ; 0    ; 0            ; 0 (0)        ; 0 (0)             ; 0 (0)            ; |hello|pollard:pollard0|lpm_mult:Mult1|mult_uht:auto_generated|alt_mac_mult:mac_mult141                                                        ; alt_mac_mult  ; work         ;
;                |mac_mult_2vg1:auto_generated|     ; 0 (0)       ; 0 (0)                     ; 0 (0)         ; 0           ; 0            ; 0       ; 0         ; 0    ; 0            ; 0 (0)        ; 0 (0)             ; 0 (0)            ; |hello|pollard:pollard0|lpm_mult:Mult1|mult_uht:auto_generated|alt_mac_mult:mac_mult141|mac_mult_2vg1:auto_generated                           ; mac_mult_2vg1 ; work         ;
;                   |mult_qql:mult1|                ; 0 (0)       ; 0 (0)                     ; 0 (0)         ; 0           ; 0            ; 0       ; 0         ; 0    ; 0            ; 0 (0)        ; 0 (0)             ; 0 (0)            ; |hello|pollard:pollard0|lpm_mult:Mult1|mult_uht:auto_generated|alt_mac_mult:mac_mult141|mac_mult_2vg1:auto_generated|mult_qql:mult1            ; mult_qql      ; work         ;
;             |alt_mac_mult:mac_mult151|            ; 0 (0)       ; 0 (0)                     ; 0 (0)         ; 0           ; 0            ; 0       ; 0         ; 0    ; 0            ; 0 (0)        ; 0 (0)             ; 0 (0)            ; |hello|pollard:pollard0|lpm_mult:Mult1|mult_uht:auto_generated|alt_mac_mult:mac_mult151                                                        ; alt_mac_mult  ; work         ;
;                |mac_mult_2vg1:auto_generated|     ; 0 (0)       ; 0 (0)                     ; 0 (0)         ; 0           ; 0            ; 0       ; 0         ; 0    ; 0            ; 0 (0)        ; 0 (0)             ; 0 (0)            ; |hello|pollard:pollard0|lpm_mult:Mult1|mult_uht:auto_generated|alt_mac_mult:mac_mult151|mac_mult_2vg1:auto_generated                           ; mac_mult_2vg1 ; work         ;
;                   |mult_qql:mult1|                ; 0 (0)       ; 0 (0)                     ; 0 (0)         ; 0           ; 0            ; 0       ; 0         ; 0    ; 0            ; 0 (0)        ; 0 (0)             ; 0 (0)            ; |hello|pollard:pollard0|lpm_mult:Mult1|mult_uht:auto_generated|alt_mac_mult:mac_mult151|mac_mult_2vg1:auto_generated|mult_qql:mult1            ; mult_qql      ; work         ;
;             |alt_mac_mult:mac_mult153|            ; 0 (0)       ; 0 (0)                     ; 0 (0)         ; 0           ; 0            ; 0       ; 0         ; 0    ; 0            ; 0 (0)        ; 0 (0)             ; 0 (0)            ; |hello|pollard:pollard0|lpm_mult:Mult1|mult_uht:auto_generated|alt_mac_mult:mac_mult153                                                        ; alt_mac_mult  ; work         ;
;                |mac_mult_2vg1:auto_generated|     ; 0 (0)       ; 0 (0)                     ; 0 (0)         ; 0           ; 0            ; 0       ; 0         ; 0    ; 0            ; 0 (0)        ; 0 (0)             ; 0 (0)            ; |hello|pollard:pollard0|lpm_mult:Mult1|mult_uht:auto_generated|alt_mac_mult:mac_mult153|mac_mult_2vg1:auto_generated                           ; mac_mult_2vg1 ; work         ;
;                   |mult_qql:mult1|                ; 0 (0)       ; 0 (0)                     ; 0 (0)         ; 0           ; 0            ; 0       ; 0         ; 0    ; 0            ; 0 (0)        ; 0 (0)             ; 0 (0)            ; |hello|pollard:pollard0|lpm_mult:Mult1|mult_uht:auto_generated|alt_mac_mult:mac_mult153|mac_mult_2vg1:auto_generated|mult_qql:mult1            ; mult_qql      ; work         ;
;             |alt_mac_mult:mac_mult155|            ; 0 (0)       ; 0 (0)                     ; 0 (0)         ; 0           ; 0            ; 0       ; 0         ; 0    ; 0            ; 0 (0)        ; 0 (0)             ; 0 (0)            ; |hello|pollard:pollard0|lpm_mult:Mult1|mult_uht:auto_generated|alt_mac_mult:mac_mult155                                                        ; alt_mac_mult  ; work         ;
;                |mac_mult_2vg1:auto_generated|     ; 0 (0)       ; 0 (0)                     ; 0 (0)         ; 0           ; 0            ; 0       ; 0         ; 0    ; 0            ; 0 (0)        ; 0 (0)             ; 0 (0)            ; |hello|pollard:pollard0|lpm_mult:Mult1|mult_uht:auto_generated|alt_mac_mult:mac_mult155|mac_mult_2vg1:auto_generated                           ; mac_mult_2vg1 ; work         ;
;                   |mult_qql:mult1|                ; 0 (0)       ; 0 (0)                     ; 0 (0)         ; 0           ; 0            ; 0       ; 0         ; 0    ; 0            ; 0 (0)        ; 0 (0)             ; 0 (0)            ; |hello|pollard:pollard0|lpm_mult:Mult1|mult_uht:auto_generated|alt_mac_mult:mac_mult155|mac_mult_2vg1:auto_generated|mult_qql:mult1            ; mult_qql      ; work         ;
;             |alt_mac_mult:mac_mult157|            ; 0 (0)       ; 0 (0)                     ; 0 (0)         ; 0           ; 0            ; 0       ; 0         ; 0    ; 0            ; 0 (0)        ; 0 (0)             ; 0 (0)            ; |hello|pollard:pollard0|lpm_mult:Mult1|mult_uht:auto_generated|alt_mac_mult:mac_mult157                                                        ; alt_mac_mult  ; work         ;
;                |mac_mult_2vg1:auto_generated|     ; 0 (0)       ; 0 (0)                     ; 0 (0)         ; 0           ; 0            ; 0       ; 0         ; 0    ; 0            ; 0 (0)        ; 0 (0)             ; 0 (0)            ; |hello|pollard:pollard0|lpm_mult:Mult1|mult_uht:auto_generated|alt_mac_mult:mac_mult157|mac_mult_2vg1:auto_generated                           ; mac_mult_2vg1 ; work         ;
;                   |mult_qql:mult1|                ; 0 (0)       ; 0 (0)                     ; 0 (0)         ; 0           ; 0            ; 0       ; 0         ; 0    ; 0            ; 0 (0)        ; 0 (0)             ; 0 (0)            ; |hello|pollard:pollard0|lpm_mult:Mult1|mult_uht:auto_generated|alt_mac_mult:mac_mult157|mac_mult_2vg1:auto_generated|mult_qql:mult1            ; mult_qql      ; work         ;
;             |alt_mac_mult:mac_mult159|            ; 0 (0)       ; 0 (0)                     ; 0 (0)         ; 0           ; 0            ; 0       ; 0         ; 0    ; 0            ; 0 (0)        ; 0 (0)             ; 0 (0)            ; |hello|pollard:pollard0|lpm_mult:Mult1|mult_uht:auto_generated|alt_mac_mult:mac_mult159                                                        ; alt_mac_mult  ; work         ;
;                |mac_mult_2vg1:auto_generated|     ; 0 (0)       ; 0 (0)                     ; 0 (0)         ; 0           ; 0            ; 0       ; 0         ; 0    ; 0            ; 0 (0)        ; 0 (0)             ; 0 (0)            ; |hello|pollard:pollard0|lpm_mult:Mult1|mult_uht:auto_generated|alt_mac_mult:mac_mult159|mac_mult_2vg1:auto_generated                           ; mac_mult_2vg1 ; work         ;
;                   |mult_qql:mult1|                ; 0 (0)       ; 0 (0)                     ; 0 (0)         ; 0           ; 0            ; 0       ; 0         ; 0    ; 0            ; 0 (0)        ; 0 (0)             ; 0 (0)            ; |hello|pollard:pollard0|lpm_mult:Mult1|mult_uht:auto_generated|alt_mac_mult:mac_mult159|mac_mult_2vg1:auto_generated|mult_qql:mult1            ; mult_qql      ; work         ;
;             |alt_mac_mult:mac_mult15|             ; 0 (0)       ; 0 (0)                     ; 0 (0)         ; 0           ; 0            ; 0       ; 0         ; 0    ; 0            ; 0 (0)        ; 0 (0)             ; 0 (0)            ; |hello|pollard:pollard0|lpm_mult:Mult1|mult_uht:auto_generated|alt_mac_mult:mac_mult15                                                         ; alt_mac_mult  ; work         ;
;                |mac_mult_2vg1:auto_generated|     ; 0 (0)       ; 0 (0)                     ; 0 (0)         ; 0           ; 0            ; 0       ; 0         ; 0    ; 0            ; 0 (0)        ; 0 (0)             ; 0 (0)            ; |hello|pollard:pollard0|lpm_mult:Mult1|mult_uht:auto_generated|alt_mac_mult:mac_mult15|mac_mult_2vg1:auto_generated                            ; mac_mult_2vg1 ; work         ;
;                   |mult_qql:mult1|                ; 0 (0)       ; 0 (0)                     ; 0 (0)         ; 0           ; 0            ; 0       ; 0         ; 0    ; 0            ; 0 (0)        ; 0 (0)             ; 0 (0)            ; |hello|pollard:pollard0|lpm_mult:Mult1|mult_uht:auto_generated|alt_mac_mult:mac_mult15|mac_mult_2vg1:auto_generated|mult_qql:mult1             ; mult_qql      ; work         ;
;             |alt_mac_mult:mac_mult161|            ; 0 (0)       ; 0 (0)                     ; 0 (0)         ; 0           ; 0            ; 0       ; 0         ; 0    ; 0            ; 0 (0)        ; 0 (0)             ; 0 (0)            ; |hello|pollard:pollard0|lpm_mult:Mult1|mult_uht:auto_generated|alt_mac_mult:mac_mult161                                                        ; alt_mac_mult  ; work         ;
;                |mac_mult_2vg1:auto_generated|     ; 0 (0)       ; 0 (0)                     ; 0 (0)         ; 0           ; 0            ; 0       ; 0         ; 0    ; 0            ; 0 (0)        ; 0 (0)             ; 0 (0)            ; |hello|pollard:pollard0|lpm_mult:Mult1|mult_uht:auto_generated|alt_mac_mult:mac_mult161|mac_mult_2vg1:auto_generated                           ; mac_mult_2vg1 ; work         ;
;                   |mult_qql:mult1|                ; 0 (0)       ; 0 (0)                     ; 0 (0)         ; 0           ; 0            ; 0       ; 0         ; 0    ; 0            ; 0 (0)        ; 0 (0)             ; 0 (0)            ; |hello|pollard:pollard0|lpm_mult:Mult1|mult_uht:auto_generated|alt_mac_mult:mac_mult161|mac_mult_2vg1:auto_generated|mult_qql:mult1            ; mult_qql      ; work         ;
;             |alt_mac_mult:mac_mult163|            ; 0 (0)       ; 0 (0)                     ; 0 (0)         ; 0           ; 0            ; 0       ; 0         ; 0    ; 0            ; 0 (0)        ; 0 (0)             ; 0 (0)            ; |hello|pollard:pollard0|lpm_mult:Mult1|mult_uht:auto_generated|alt_mac_mult:mac_mult163                                                        ; alt_mac_mult  ; work         ;
;                |mac_mult_2vg1:auto_generated|     ; 0 (0)       ; 0 (0)                     ; 0 (0)         ; 0           ; 0            ; 0       ; 0         ; 0    ; 0            ; 0 (0)        ; 0 (0)             ; 0 (0)            ; |hello|pollard:pollard0|lpm_mult:Mult1|mult_uht:auto_generated|alt_mac_mult:mac_mult163|mac_mult_2vg1:auto_generated                           ; mac_mult_2vg1 ; work         ;
;                   |mult_qql:mult1|                ; 0 (0)       ; 0 (0)                     ; 0 (0)         ; 0           ; 0            ; 0       ; 0         ; 0    ; 0            ; 0 (0)        ; 0 (0)             ; 0 (0)            ; |hello|pollard:pollard0|lpm_mult:Mult1|mult_uht:auto_generated|alt_mac_mult:mac_mult163|mac_mult_2vg1:auto_generated|mult_qql:mult1            ; mult_qql      ; work         ;
;             |alt_mac_mult:mac_mult165|            ; 0 (0)       ; 0 (0)                     ; 0 (0)         ; 0           ; 0            ; 0       ; 0         ; 0    ; 0            ; 0 (0)        ; 0 (0)             ; 0 (0)            ; |hello|pollard:pollard0|lpm_mult:Mult1|mult_uht:auto_generated|alt_mac_mult:mac_mult165                                                        ; alt_mac_mult  ; work         ;
;                |mac_mult_2vg1:auto_generated|     ; 0 (0)       ; 0 (0)                     ; 0 (0)         ; 0           ; 0            ; 0       ; 0         ; 0    ; 0            ; 0 (0)        ; 0 (0)             ; 0 (0)            ; |hello|pollard:pollard0|lpm_mult:Mult1|mult_uht:auto_generated|alt_mac_mult:mac_mult165|mac_mult_2vg1:auto_generated                           ; mac_mult_2vg1 ; work         ;
;                   |mult_qql:mult1|                ; 0 (0)       ; 0 (0)                     ; 0 (0)         ; 0           ; 0            ; 0       ; 0         ; 0    ; 0            ; 0 (0)        ; 0 (0)             ; 0 (0)            ; |hello|pollard:pollard0|lpm_mult:Mult1|mult_uht:auto_generated|alt_mac_mult:mac_mult165|mac_mult_2vg1:auto_generated|mult_qql:mult1            ; mult_qql      ; work         ;
;             |alt_mac_mult:mac_mult167|            ; 0 (0)       ; 0 (0)                     ; 0 (0)         ; 0           ; 0            ; 0       ; 0         ; 0    ; 0            ; 0 (0)        ; 0 (0)             ; 0 (0)            ; |hello|pollard:pollard0|lpm_mult:Mult1|mult_uht:auto_generated|alt_mac_mult:mac_mult167                                                        ; alt_mac_mult  ; work         ;
;                |mac_mult_2vg1:auto_generated|     ; 0 (0)       ; 0 (0)                     ; 0 (0)         ; 0           ; 0            ; 0       ; 0         ; 0    ; 0            ; 0 (0)        ; 0 (0)             ; 0 (0)            ; |hello|pollard:pollard0|lpm_mult:Mult1|mult_uht:auto_generated|alt_mac_mult:mac_mult167|mac_mult_2vg1:auto_generated                           ; mac_mult_2vg1 ; work         ;
;                   |mult_qql:mult1|                ; 0 (0)       ; 0 (0)                     ; 0 (0)         ; 0           ; 0            ; 0       ; 0         ; 0    ; 0            ; 0 (0)        ; 0 (0)             ; 0 (0)            ; |hello|pollard:pollard0|lpm_mult:Mult1|mult_uht:auto_generated|alt_mac_mult:mac_mult167|mac_mult_2vg1:auto_generated|mult_qql:mult1            ; mult_qql      ; work         ;
;             |alt_mac_mult:mac_mult169|            ; 0 (0)       ; 0 (0)                     ; 0 (0)         ; 0           ; 0            ; 0       ; 0         ; 0    ; 0            ; 0 (0)        ; 0 (0)             ; 0 (0)            ; |hello|pollard:pollard0|lpm_mult:Mult1|mult_uht:auto_generated|alt_mac_mult:mac_mult169                                                        ; alt_mac_mult  ; work         ;
;                |mac_mult_2vg1:auto_generated|     ; 0 (0)       ; 0 (0)                     ; 0 (0)         ; 0           ; 0            ; 0       ; 0         ; 0    ; 0            ; 0 (0)        ; 0 (0)             ; 0 (0)            ; |hello|pollard:pollard0|lpm_mult:Mult1|mult_uht:auto_generated|alt_mac_mult:mac_mult169|mac_mult_2vg1:auto_generated                           ; mac_mult_2vg1 ; work         ;
;                   |mult_qql:mult1|                ; 0 (0)       ; 0 (0)                     ; 0 (0)         ; 0           ; 0            ; 0       ; 0         ; 0    ; 0            ; 0 (0)        ; 0 (0)             ; 0 (0)            ; |hello|pollard:pollard0|lpm_mult:Mult1|mult_uht:auto_generated|alt_mac_mult:mac_mult169|mac_mult_2vg1:auto_generated|mult_qql:mult1            ; mult_qql      ; work         ;
;             |alt_mac_mult:mac_mult17|             ; 0 (0)       ; 0 (0)                     ; 0 (0)         ; 0           ; 0            ; 0       ; 0         ; 0    ; 0            ; 0 (0)        ; 0 (0)             ; 0 (0)            ; |hello|pollard:pollard0|lpm_mult:Mult1|mult_uht:auto_generated|alt_mac_mult:mac_mult17                                                         ; alt_mac_mult  ; work         ;
;                |mac_mult_2vg1:auto_generated|     ; 0 (0)       ; 0 (0)                     ; 0 (0)         ; 0           ; 0            ; 0       ; 0         ; 0    ; 0            ; 0 (0)        ; 0 (0)             ; 0 (0)            ; |hello|pollard:pollard0|lpm_mult:Mult1|mult_uht:auto_generated|alt_mac_mult:mac_mult17|mac_mult_2vg1:auto_generated                            ; mac_mult_2vg1 ; work         ;
;                   |mult_qql:mult1|                ; 0 (0)       ; 0 (0)                     ; 0 (0)         ; 0           ; 0            ; 0       ; 0         ; 0    ; 0            ; 0 (0)        ; 0 (0)             ; 0 (0)            ; |hello|pollard:pollard0|lpm_mult:Mult1|mult_uht:auto_generated|alt_mac_mult:mac_mult17|mac_mult_2vg1:auto_generated|mult_qql:mult1             ; mult_qql      ; work         ;
;             |alt_mac_mult:mac_mult181|            ; 0 (0)       ; 0 (0)                     ; 0 (0)         ; 0           ; 0            ; 0       ; 0         ; 0    ; 0            ; 0 (0)        ; 0 (0)             ; 0 (0)            ; |hello|pollard:pollard0|lpm_mult:Mult1|mult_uht:auto_generated|alt_mac_mult:mac_mult181                                                        ; alt_mac_mult  ; work         ;
;                |mac_mult_2vg1:auto_generated|     ; 0 (0)       ; 0 (0)                     ; 0 (0)         ; 0           ; 0            ; 0       ; 0         ; 0    ; 0            ; 0 (0)        ; 0 (0)             ; 0 (0)            ; |hello|pollard:pollard0|lpm_mult:Mult1|mult_uht:auto_generated|alt_mac_mult:mac_mult181|mac_mult_2vg1:auto_generated                           ; mac_mult_2vg1 ; work         ;
;                   |mult_qql:mult1|                ; 0 (0)       ; 0 (0)                     ; 0 (0)         ; 0           ; 0            ; 0       ; 0         ; 0    ; 0            ; 0 (0)        ; 0 (0)             ; 0 (0)            ; |hello|pollard:pollard0|lpm_mult:Mult1|mult_uht:auto_generated|alt_mac_mult:mac_mult181|mac_mult_2vg1:auto_generated|mult_qql:mult1            ; mult_qql      ; work         ;
;             |alt_mac_mult:mac_mult183|            ; 0 (0)       ; 0 (0)                     ; 0 (0)         ; 0           ; 0            ; 0       ; 0         ; 0    ; 0            ; 0 (0)        ; 0 (0)             ; 0 (0)            ; |hello|pollard:pollard0|lpm_mult:Mult1|mult_uht:auto_generated|alt_mac_mult:mac_mult183                                                        ; alt_mac_mult  ; work         ;
;                |mac_mult_2vg1:auto_generated|     ; 0 (0)       ; 0 (0)                     ; 0 (0)         ; 0           ; 0            ; 0       ; 0         ; 0    ; 0            ; 0 (0)        ; 0 (0)             ; 0 (0)            ; |hello|pollard:pollard0|lpm_mult:Mult1|mult_uht:auto_generated|alt_mac_mult:mac_mult183|mac_mult_2vg1:auto_generated                           ; mac_mult_2vg1 ; work         ;
;                   |mult_qql:mult1|                ; 0 (0)       ; 0 (0)                     ; 0 (0)         ; 0           ; 0            ; 0       ; 0         ; 0    ; 0            ; 0 (0)        ; 0 (0)             ; 0 (0)            ; |hello|pollard:pollard0|lpm_mult:Mult1|mult_uht:auto_generated|alt_mac_mult:mac_mult183|mac_mult_2vg1:auto_generated|mult_qql:mult1            ; mult_qql      ; work         ;
;             |alt_mac_mult:mac_mult185|            ; 0 (0)       ; 0 (0)                     ; 0 (0)         ; 0           ; 0            ; 0       ; 0         ; 0    ; 0            ; 0 (0)        ; 0 (0)             ; 0 (0)            ; |hello|pollard:pollard0|lpm_mult:Mult1|mult_uht:auto_generated|alt_mac_mult:mac_mult185                                                        ; alt_mac_mult  ; work         ;
;                |mac_mult_2vg1:auto_generated|     ; 0 (0)       ; 0 (0)                     ; 0 (0)         ; 0           ; 0            ; 0       ; 0         ; 0    ; 0            ; 0 (0)        ; 0 (0)             ; 0 (0)            ; |hello|pollard:pollard0|lpm_mult:Mult1|mult_uht:auto_generated|alt_mac_mult:mac_mult185|mac_mult_2vg1:auto_generated                           ; mac_mult_2vg1 ; work         ;
;                   |mult_qql:mult1|                ; 0 (0)       ; 0 (0)                     ; 0 (0)         ; 0           ; 0            ; 0       ; 0         ; 0    ; 0            ; 0 (0)        ; 0 (0)             ; 0 (0)            ; |hello|pollard:pollard0|lpm_mult:Mult1|mult_uht:auto_generated|alt_mac_mult:mac_mult185|mac_mult_2vg1:auto_generated|mult_qql:mult1            ; mult_qql      ; work         ;
;             |alt_mac_mult:mac_mult187|            ; 0 (0)       ; 0 (0)                     ; 0 (0)         ; 0           ; 0            ; 0       ; 0         ; 0    ; 0            ; 0 (0)        ; 0 (0)             ; 0 (0)            ; |hello|pollard:pollard0|lpm_mult:Mult1|mult_uht:auto_generated|alt_mac_mult:mac_mult187                                                        ; alt_mac_mult  ; work         ;
;                |mac_mult_2vg1:auto_generated|     ; 0 (0)       ; 0 (0)                     ; 0 (0)         ; 0           ; 0            ; 0       ; 0         ; 0    ; 0            ; 0 (0)        ; 0 (0)             ; 0 (0)            ; |hello|pollard:pollard0|lpm_mult:Mult1|mult_uht:auto_generated|alt_mac_mult:mac_mult187|mac_mult_2vg1:auto_generated                           ; mac_mult_2vg1 ; work         ;
;                   |mult_qql:mult1|                ; 0 (0)       ; 0 (0)                     ; 0 (0)         ; 0           ; 0            ; 0       ; 0         ; 0    ; 0            ; 0 (0)        ; 0 (0)             ; 0 (0)            ; |hello|pollard:pollard0|lpm_mult:Mult1|mult_uht:auto_generated|alt_mac_mult:mac_mult187|mac_mult_2vg1:auto_generated|mult_qql:mult1            ; mult_qql      ; work         ;
;             |alt_mac_mult:mac_mult189|            ; 0 (0)       ; 0 (0)                     ; 0 (0)         ; 0           ; 0            ; 0       ; 0         ; 0    ; 0            ; 0 (0)        ; 0 (0)             ; 0 (0)            ; |hello|pollard:pollard0|lpm_mult:Mult1|mult_uht:auto_generated|alt_mac_mult:mac_mult189                                                        ; alt_mac_mult  ; work         ;
;                |mac_mult_2vg1:auto_generated|     ; 0 (0)       ; 0 (0)                     ; 0 (0)         ; 0           ; 0            ; 0       ; 0         ; 0    ; 0            ; 0 (0)        ; 0 (0)             ; 0 (0)            ; |hello|pollard:pollard0|lpm_mult:Mult1|mult_uht:auto_generated|alt_mac_mult:mac_mult189|mac_mult_2vg1:auto_generated                           ; mac_mult_2vg1 ; work         ;
;                   |mult_qql:mult1|                ; 0 (0)       ; 0 (0)                     ; 0 (0)         ; 0           ; 0            ; 0       ; 0         ; 0    ; 0            ; 0 (0)        ; 0 (0)             ; 0 (0)            ; |hello|pollard:pollard0|lpm_mult:Mult1|mult_uht:auto_generated|alt_mac_mult:mac_mult189|mac_mult_2vg1:auto_generated|mult_qql:mult1            ; mult_qql      ; work         ;
;             |alt_mac_mult:mac_mult191|            ; 0 (0)       ; 0 (0)                     ; 0 (0)         ; 0           ; 0            ; 0       ; 0         ; 0    ; 0            ; 0 (0)        ; 0 (0)             ; 0 (0)            ; |hello|pollard:pollard0|lpm_mult:Mult1|mult_uht:auto_generated|alt_mac_mult:mac_mult191                                                        ; alt_mac_mult  ; work         ;
;                |mac_mult_2vg1:auto_generated|     ; 0 (0)       ; 0 (0)                     ; 0 (0)         ; 0           ; 0            ; 0       ; 0         ; 0    ; 0            ; 0 (0)        ; 0 (0)             ; 0 (0)            ; |hello|pollard:pollard0|lpm_mult:Mult1|mult_uht:auto_generated|alt_mac_mult:mac_mult191|mac_mult_2vg1:auto_generated                           ; mac_mult_2vg1 ; work         ;
;                   |mult_qql:mult1|                ; 0 (0)       ; 0 (0)                     ; 0 (0)         ; 0           ; 0            ; 0       ; 0         ; 0    ; 0            ; 0 (0)        ; 0 (0)             ; 0 (0)            ; |hello|pollard:pollard0|lpm_mult:Mult1|mult_uht:auto_generated|alt_mac_mult:mac_mult191|mac_mult_2vg1:auto_generated|mult_qql:mult1            ; mult_qql      ; work         ;
;             |alt_mac_mult:mac_mult193|            ; 0 (0)       ; 0 (0)                     ; 0 (0)         ; 0           ; 0            ; 0       ; 0         ; 0    ; 0            ; 0 (0)        ; 0 (0)             ; 0 (0)            ; |hello|pollard:pollard0|lpm_mult:Mult1|mult_uht:auto_generated|alt_mac_mult:mac_mult193                                                        ; alt_mac_mult  ; work         ;
;                |mac_mult_2vg1:auto_generated|     ; 0 (0)       ; 0 (0)                     ; 0 (0)         ; 0           ; 0            ; 0       ; 0         ; 0    ; 0            ; 0 (0)        ; 0 (0)             ; 0 (0)            ; |hello|pollard:pollard0|lpm_mult:Mult1|mult_uht:auto_generated|alt_mac_mult:mac_mult193|mac_mult_2vg1:auto_generated                           ; mac_mult_2vg1 ; work         ;
;                   |mult_qql:mult1|                ; 0 (0)       ; 0 (0)                     ; 0 (0)         ; 0           ; 0            ; 0       ; 0         ; 0    ; 0            ; 0 (0)        ; 0 (0)             ; 0 (0)            ; |hello|pollard:pollard0|lpm_mult:Mult1|mult_uht:auto_generated|alt_mac_mult:mac_mult193|mac_mult_2vg1:auto_generated|mult_qql:mult1            ; mult_qql      ; work         ;
;             |alt_mac_mult:mac_mult195|            ; 0 (0)       ; 0 (0)                     ; 0 (0)         ; 0           ; 0            ; 0       ; 0         ; 0    ; 0            ; 0 (0)        ; 0 (0)             ; 0 (0)            ; |hello|pollard:pollard0|lpm_mult:Mult1|mult_uht:auto_generated|alt_mac_mult:mac_mult195                                                        ; alt_mac_mult  ; work         ;
;                |mac_mult_2vg1:auto_generated|     ; 0 (0)       ; 0 (0)                     ; 0 (0)         ; 0           ; 0            ; 0       ; 0         ; 0    ; 0            ; 0 (0)        ; 0 (0)             ; 0 (0)            ; |hello|pollard:pollard0|lpm_mult:Mult1|mult_uht:auto_generated|alt_mac_mult:mac_mult195|mac_mult_2vg1:auto_generated                           ; mac_mult_2vg1 ; work         ;
;                   |mult_qql:mult1|                ; 0 (0)       ; 0 (0)                     ; 0 (0)         ; 0           ; 0            ; 0       ; 0         ; 0    ; 0            ; 0 (0)        ; 0 (0)             ; 0 (0)            ; |hello|pollard:pollard0|lpm_mult:Mult1|mult_uht:auto_generated|alt_mac_mult:mac_mult195|mac_mult_2vg1:auto_generated|mult_qql:mult1            ; mult_qql      ; work         ;
;             |alt_mac_mult:mac_mult197|            ; 0 (0)       ; 0 (0)                     ; 0 (0)         ; 0           ; 0            ; 0       ; 0         ; 0    ; 0            ; 0 (0)        ; 0 (0)             ; 0 (0)            ; |hello|pollard:pollard0|lpm_mult:Mult1|mult_uht:auto_generated|alt_mac_mult:mac_mult197                                                        ; alt_mac_mult  ; work         ;
;                |mac_mult_2vg1:auto_generated|     ; 0 (0)       ; 0 (0)                     ; 0 (0)         ; 0           ; 0            ; 0       ; 0         ; 0    ; 0            ; 0 (0)        ; 0 (0)             ; 0 (0)            ; |hello|pollard:pollard0|lpm_mult:Mult1|mult_uht:auto_generated|alt_mac_mult:mac_mult197|mac_mult_2vg1:auto_generated                           ; mac_mult_2vg1 ; work         ;
;                   |mult_qql:mult1|                ; 0 (0)       ; 0 (0)                     ; 0 (0)         ; 0           ; 0            ; 0       ; 0         ; 0    ; 0            ; 0 (0)        ; 0 (0)             ; 0 (0)            ; |hello|pollard:pollard0|lpm_mult:Mult1|mult_uht:auto_generated|alt_mac_mult:mac_mult197|mac_mult_2vg1:auto_generated|mult_qql:mult1            ; mult_qql      ; work         ;
;             |alt_mac_mult:mac_mult19|             ; 0 (0)       ; 0 (0)                     ; 0 (0)         ; 0           ; 0            ; 0       ; 0         ; 0    ; 0            ; 0 (0)        ; 0 (0)             ; 0 (0)            ; |hello|pollard:pollard0|lpm_mult:Mult1|mult_uht:auto_generated|alt_mac_mult:mac_mult19                                                         ; alt_mac_mult  ; work         ;
;                |mac_mult_2vg1:auto_generated|     ; 0 (0)       ; 0 (0)                     ; 0 (0)         ; 0           ; 0            ; 0       ; 0         ; 0    ; 0            ; 0 (0)        ; 0 (0)             ; 0 (0)            ; |hello|pollard:pollard0|lpm_mult:Mult1|mult_uht:auto_generated|alt_mac_mult:mac_mult19|mac_mult_2vg1:auto_generated                            ; mac_mult_2vg1 ; work         ;
;                   |mult_qql:mult1|                ; 0 (0)       ; 0 (0)                     ; 0 (0)         ; 0           ; 0            ; 0       ; 0         ; 0    ; 0            ; 0 (0)        ; 0 (0)             ; 0 (0)            ; |hello|pollard:pollard0|lpm_mult:Mult1|mult_uht:auto_generated|alt_mac_mult:mac_mult19|mac_mult_2vg1:auto_generated|mult_qql:mult1             ; mult_qql      ; work         ;
;             |alt_mac_mult:mac_mult1|              ; 0 (0)       ; 0 (0)                     ; 0 (0)         ; 0           ; 0            ; 0       ; 0         ; 0    ; 0            ; 0 (0)        ; 0 (0)             ; 0 (0)            ; |hello|pollard:pollard0|lpm_mult:Mult1|mult_uht:auto_generated|alt_mac_mult:mac_mult1                                                          ; alt_mac_mult  ; work         ;
;                |mac_mult_2vg1:auto_generated|     ; 0 (0)       ; 0 (0)                     ; 0 (0)         ; 0           ; 0            ; 0       ; 0         ; 0    ; 0            ; 0 (0)        ; 0 (0)             ; 0 (0)            ; |hello|pollard:pollard0|lpm_mult:Mult1|mult_uht:auto_generated|alt_mac_mult:mac_mult1|mac_mult_2vg1:auto_generated                             ; mac_mult_2vg1 ; work         ;
;                   |mult_qql:mult1|                ; 0 (0)       ; 0 (0)                     ; 0 (0)         ; 0           ; 0            ; 0       ; 0         ; 0    ; 0            ; 0 (0)        ; 0 (0)             ; 0 (0)            ; |hello|pollard:pollard0|lpm_mult:Mult1|mult_uht:auto_generated|alt_mac_mult:mac_mult1|mac_mult_2vg1:auto_generated|mult_qql:mult1              ; mult_qql      ; work         ;
;             |alt_mac_mult:mac_mult211|            ; 0 (0)       ; 0 (0)                     ; 0 (0)         ; 0           ; 0            ; 0       ; 0         ; 0    ; 0            ; 0 (0)        ; 0 (0)             ; 0 (0)            ; |hello|pollard:pollard0|lpm_mult:Mult1|mult_uht:auto_generated|alt_mac_mult:mac_mult211                                                        ; alt_mac_mult  ; work         ;
;                |mac_mult_2vg1:auto_generated|     ; 0 (0)       ; 0 (0)                     ; 0 (0)         ; 0           ; 0            ; 0       ; 0         ; 0    ; 0            ; 0 (0)        ; 0 (0)             ; 0 (0)            ; |hello|pollard:pollard0|lpm_mult:Mult1|mult_uht:auto_generated|alt_mac_mult:mac_mult211|mac_mult_2vg1:auto_generated                           ; mac_mult_2vg1 ; work         ;
;                   |mult_qql:mult1|                ; 0 (0)       ; 0 (0)                     ; 0 (0)         ; 0           ; 0            ; 0       ; 0         ; 0    ; 0            ; 0 (0)        ; 0 (0)             ; 0 (0)            ; |hello|pollard:pollard0|lpm_mult:Mult1|mult_uht:auto_generated|alt_mac_mult:mac_mult211|mac_mult_2vg1:auto_generated|mult_qql:mult1            ; mult_qql      ; work         ;
;             |alt_mac_mult:mac_mult213|            ; 0 (0)       ; 0 (0)                     ; 0 (0)         ; 0           ; 0            ; 0       ; 0         ; 0    ; 0            ; 0 (0)        ; 0 (0)             ; 0 (0)            ; |hello|pollard:pollard0|lpm_mult:Mult1|mult_uht:auto_generated|alt_mac_mult:mac_mult213                                                        ; alt_mac_mult  ; work         ;
;                |mac_mult_2vg1:auto_generated|     ; 0 (0)       ; 0 (0)                     ; 0 (0)         ; 0           ; 0            ; 0       ; 0         ; 0    ; 0            ; 0 (0)        ; 0 (0)             ; 0 (0)            ; |hello|pollard:pollard0|lpm_mult:Mult1|mult_uht:auto_generated|alt_mac_mult:mac_mult213|mac_mult_2vg1:auto_generated                           ; mac_mult_2vg1 ; work         ;
;                   |mult_qql:mult1|                ; 0 (0)       ; 0 (0)                     ; 0 (0)         ; 0           ; 0            ; 0       ; 0         ; 0    ; 0            ; 0 (0)        ; 0 (0)             ; 0 (0)            ; |hello|pollard:pollard0|lpm_mult:Mult1|mult_uht:auto_generated|alt_mac_mult:mac_mult213|mac_mult_2vg1:auto_generated|mult_qql:mult1            ; mult_qql      ; work         ;
;             |alt_mac_mult:mac_mult215|            ; 0 (0)       ; 0 (0)                     ; 0 (0)         ; 0           ; 0            ; 0       ; 0         ; 0    ; 0            ; 0 (0)        ; 0 (0)             ; 0 (0)            ; |hello|pollard:pollard0|lpm_mult:Mult1|mult_uht:auto_generated|alt_mac_mult:mac_mult215                                                        ; alt_mac_mult  ; work         ;
;                |mac_mult_2vg1:auto_generated|     ; 0 (0)       ; 0 (0)                     ; 0 (0)         ; 0           ; 0            ; 0       ; 0         ; 0    ; 0            ; 0 (0)        ; 0 (0)             ; 0 (0)            ; |hello|pollard:pollard0|lpm_mult:Mult1|mult_uht:auto_generated|alt_mac_mult:mac_mult215|mac_mult_2vg1:auto_generated                           ; mac_mult_2vg1 ; work         ;
;                   |mult_qql:mult1|                ; 0 (0)       ; 0 (0)                     ; 0 (0)         ; 0           ; 0            ; 0       ; 0         ; 0    ; 0            ; 0 (0)        ; 0 (0)             ; 0 (0)            ; |hello|pollard:pollard0|lpm_mult:Mult1|mult_uht:auto_generated|alt_mac_mult:mac_mult215|mac_mult_2vg1:auto_generated|mult_qql:mult1            ; mult_qql      ; work         ;
;             |alt_mac_mult:mac_mult217|            ; 0 (0)       ; 0 (0)                     ; 0 (0)         ; 0           ; 0            ; 0       ; 0         ; 0    ; 0            ; 0 (0)        ; 0 (0)             ; 0 (0)            ; |hello|pollard:pollard0|lpm_mult:Mult1|mult_uht:auto_generated|alt_mac_mult:mac_mult217                                                        ; alt_mac_mult  ; work         ;
;                |mac_mult_2vg1:auto_generated|     ; 0 (0)       ; 0 (0)                     ; 0 (0)         ; 0           ; 0            ; 0       ; 0         ; 0    ; 0            ; 0 (0)        ; 0 (0)             ; 0 (0)            ; |hello|pollard:pollard0|lpm_mult:Mult1|mult_uht:auto_generated|alt_mac_mult:mac_mult217|mac_mult_2vg1:auto_generated                           ; mac_mult_2vg1 ; work         ;
;                   |mult_qql:mult1|                ; 0 (0)       ; 0 (0)                     ; 0 (0)         ; 0           ; 0            ; 0       ; 0         ; 0    ; 0            ; 0 (0)        ; 0 (0)             ; 0 (0)            ; |hello|pollard:pollard0|lpm_mult:Mult1|mult_uht:auto_generated|alt_mac_mult:mac_mult217|mac_mult_2vg1:auto_generated|mult_qql:mult1            ; mult_qql      ; work         ;
;             |alt_mac_mult:mac_mult219|            ; 0 (0)       ; 0 (0)                     ; 0 (0)         ; 0           ; 0            ; 0       ; 0         ; 0    ; 0            ; 0 (0)        ; 0 (0)             ; 0 (0)            ; |hello|pollard:pollard0|lpm_mult:Mult1|mult_uht:auto_generated|alt_mac_mult:mac_mult219                                                        ; alt_mac_mult  ; work         ;
;                |mac_mult_2vg1:auto_generated|     ; 0 (0)       ; 0 (0)                     ; 0 (0)         ; 0           ; 0            ; 0       ; 0         ; 0    ; 0            ; 0 (0)        ; 0 (0)             ; 0 (0)            ; |hello|pollard:pollard0|lpm_mult:Mult1|mult_uht:auto_generated|alt_mac_mult:mac_mult219|mac_mult_2vg1:auto_generated                           ; mac_mult_2vg1 ; work         ;
;                   |mult_qql:mult1|                ; 0 (0)       ; 0 (0)                     ; 0 (0)         ; 0           ; 0            ; 0       ; 0         ; 0    ; 0            ; 0 (0)        ; 0 (0)             ; 0 (0)            ; |hello|pollard:pollard0|lpm_mult:Mult1|mult_uht:auto_generated|alt_mac_mult:mac_mult219|mac_mult_2vg1:auto_generated|mult_qql:mult1            ; mult_qql      ; work         ;
;             |alt_mac_mult:mac_mult21|             ; 0 (0)       ; 0 (0)                     ; 0 (0)         ; 0           ; 0            ; 0       ; 0         ; 0    ; 0            ; 0 (0)        ; 0 (0)             ; 0 (0)            ; |hello|pollard:pollard0|lpm_mult:Mult1|mult_uht:auto_generated|alt_mac_mult:mac_mult21                                                         ; alt_mac_mult  ; work         ;
;                |mac_mult_2vg1:auto_generated|     ; 0 (0)       ; 0 (0)                     ; 0 (0)         ; 0           ; 0            ; 0       ; 0         ; 0    ; 0            ; 0 (0)        ; 0 (0)             ; 0 (0)            ; |hello|pollard:pollard0|lpm_mult:Mult1|mult_uht:auto_generated|alt_mac_mult:mac_mult21|mac_mult_2vg1:auto_generated                            ; mac_mult_2vg1 ; work         ;
;                   |mult_qql:mult1|                ; 0 (0)       ; 0 (0)                     ; 0 (0)         ; 0           ; 0            ; 0       ; 0         ; 0    ; 0            ; 0 (0)        ; 0 (0)             ; 0 (0)            ; |hello|pollard:pollard0|lpm_mult:Mult1|mult_uht:auto_generated|alt_mac_mult:mac_mult21|mac_mult_2vg1:auto_generated|mult_qql:mult1             ; mult_qql      ; work         ;
;             |alt_mac_mult:mac_mult221|            ; 0 (0)       ; 0 (0)                     ; 0 (0)         ; 0           ; 0            ; 0       ; 0         ; 0    ; 0            ; 0 (0)        ; 0 (0)             ; 0 (0)            ; |hello|pollard:pollard0|lpm_mult:Mult1|mult_uht:auto_generated|alt_mac_mult:mac_mult221                                                        ; alt_mac_mult  ; work         ;
;                |mac_mult_2vg1:auto_generated|     ; 0 (0)       ; 0 (0)                     ; 0 (0)         ; 0           ; 0            ; 0       ; 0         ; 0    ; 0            ; 0 (0)        ; 0 (0)             ; 0 (0)            ; |hello|pollard:pollard0|lpm_mult:Mult1|mult_uht:auto_generated|alt_mac_mult:mac_mult221|mac_mult_2vg1:auto_generated                           ; mac_mult_2vg1 ; work         ;
;                   |mult_qql:mult1|                ; 0 (0)       ; 0 (0)                     ; 0 (0)         ; 0           ; 0            ; 0       ; 0         ; 0    ; 0            ; 0 (0)        ; 0 (0)             ; 0 (0)            ; |hello|pollard:pollard0|lpm_mult:Mult1|mult_uht:auto_generated|alt_mac_mult:mac_mult221|mac_mult_2vg1:auto_generated|mult_qql:mult1            ; mult_qql      ; work         ;
;             |alt_mac_mult:mac_mult223|            ; 0 (0)       ; 0 (0)                     ; 0 (0)         ; 0           ; 0            ; 0       ; 0         ; 0    ; 0            ; 0 (0)        ; 0 (0)             ; 0 (0)            ; |hello|pollard:pollard0|lpm_mult:Mult1|mult_uht:auto_generated|alt_mac_mult:mac_mult223                                                        ; alt_mac_mult  ; work         ;
;                |mac_mult_2vg1:auto_generated|     ; 0 (0)       ; 0 (0)                     ; 0 (0)         ; 0           ; 0            ; 0       ; 0         ; 0    ; 0            ; 0 (0)        ; 0 (0)             ; 0 (0)            ; |hello|pollard:pollard0|lpm_mult:Mult1|mult_uht:auto_generated|alt_mac_mult:mac_mult223|mac_mult_2vg1:auto_generated                           ; mac_mult_2vg1 ; work         ;
;                   |mult_qql:mult1|                ; 0 (0)       ; 0 (0)                     ; 0 (0)         ; 0           ; 0            ; 0       ; 0         ; 0    ; 0            ; 0 (0)        ; 0 (0)             ; 0 (0)            ; |hello|pollard:pollard0|lpm_mult:Mult1|mult_uht:auto_generated|alt_mac_mult:mac_mult223|mac_mult_2vg1:auto_generated|mult_qql:mult1            ; mult_qql      ; work         ;
;             |alt_mac_mult:mac_mult225|            ; 0 (0)       ; 0 (0)                     ; 0 (0)         ; 0           ; 0            ; 0       ; 0         ; 0    ; 0            ; 0 (0)        ; 0 (0)             ; 0 (0)            ; |hello|pollard:pollard0|lpm_mult:Mult1|mult_uht:auto_generated|alt_mac_mult:mac_mult225                                                        ; alt_mac_mult  ; work         ;
;                |mac_mult_2vg1:auto_generated|     ; 0 (0)       ; 0 (0)                     ; 0 (0)         ; 0           ; 0            ; 0       ; 0         ; 0    ; 0            ; 0 (0)        ; 0 (0)             ; 0 (0)            ; |hello|pollard:pollard0|lpm_mult:Mult1|mult_uht:auto_generated|alt_mac_mult:mac_mult225|mac_mult_2vg1:auto_generated                           ; mac_mult_2vg1 ; work         ;
;                   |mult_qql:mult1|                ; 0 (0)       ; 0 (0)                     ; 0 (0)         ; 0           ; 0            ; 0       ; 0         ; 0    ; 0            ; 0 (0)        ; 0 (0)             ; 0 (0)            ; |hello|pollard:pollard0|lpm_mult:Mult1|mult_uht:auto_generated|alt_mac_mult:mac_mult225|mac_mult_2vg1:auto_generated|mult_qql:mult1            ; mult_qql      ; work         ;
;             |alt_mac_mult:mac_mult23|             ; 0 (0)       ; 0 (0)                     ; 0 (0)         ; 0           ; 0            ; 0       ; 0         ; 0    ; 0            ; 0 (0)        ; 0 (0)             ; 0 (0)            ; |hello|pollard:pollard0|lpm_mult:Mult1|mult_uht:auto_generated|alt_mac_mult:mac_mult23                                                         ; alt_mac_mult  ; work         ;
;                |mac_mult_2vg1:auto_generated|     ; 0 (0)       ; 0 (0)                     ; 0 (0)         ; 0           ; 0            ; 0       ; 0         ; 0    ; 0            ; 0 (0)        ; 0 (0)             ; 0 (0)            ; |hello|pollard:pollard0|lpm_mult:Mult1|mult_uht:auto_generated|alt_mac_mult:mac_mult23|mac_mult_2vg1:auto_generated                            ; mac_mult_2vg1 ; work         ;
;                   |mult_qql:mult1|                ; 0 (0)       ; 0 (0)                     ; 0 (0)         ; 0           ; 0            ; 0       ; 0         ; 0    ; 0            ; 0 (0)        ; 0 (0)             ; 0 (0)            ; |hello|pollard:pollard0|lpm_mult:Mult1|mult_uht:auto_generated|alt_mac_mult:mac_mult23|mac_mult_2vg1:auto_generated|mult_qql:mult1             ; mult_qql      ; work         ;
;             |alt_mac_mult:mac_mult241|            ; 0 (0)       ; 0 (0)                     ; 0 (0)         ; 0           ; 0            ; 0       ; 0         ; 0    ; 0            ; 0 (0)        ; 0 (0)             ; 0 (0)            ; |hello|pollard:pollard0|lpm_mult:Mult1|mult_uht:auto_generated|alt_mac_mult:mac_mult241                                                        ; alt_mac_mult  ; work         ;
;                |mac_mult_2vg1:auto_generated|     ; 0 (0)       ; 0 (0)                     ; 0 (0)         ; 0           ; 0            ; 0       ; 0         ; 0    ; 0            ; 0 (0)        ; 0 (0)             ; 0 (0)            ; |hello|pollard:pollard0|lpm_mult:Mult1|mult_uht:auto_generated|alt_mac_mult:mac_mult241|mac_mult_2vg1:auto_generated                           ; mac_mult_2vg1 ; work         ;
;                   |mult_qql:mult1|                ; 0 (0)       ; 0 (0)                     ; 0 (0)         ; 0           ; 0            ; 0       ; 0         ; 0    ; 0            ; 0 (0)        ; 0 (0)             ; 0 (0)            ; |hello|pollard:pollard0|lpm_mult:Mult1|mult_uht:auto_generated|alt_mac_mult:mac_mult241|mac_mult_2vg1:auto_generated|mult_qql:mult1            ; mult_qql      ; work         ;
;             |alt_mac_mult:mac_mult243|            ; 0 (0)       ; 0 (0)                     ; 0 (0)         ; 0           ; 0            ; 0       ; 0         ; 0    ; 0            ; 0 (0)        ; 0 (0)             ; 0 (0)            ; |hello|pollard:pollard0|lpm_mult:Mult1|mult_uht:auto_generated|alt_mac_mult:mac_mult243                                                        ; alt_mac_mult  ; work         ;
;                |mac_mult_2vg1:auto_generated|     ; 0 (0)       ; 0 (0)                     ; 0 (0)         ; 0           ; 0            ; 0       ; 0         ; 0    ; 0            ; 0 (0)        ; 0 (0)             ; 0 (0)            ; |hello|pollard:pollard0|lpm_mult:Mult1|mult_uht:auto_generated|alt_mac_mult:mac_mult243|mac_mult_2vg1:auto_generated                           ; mac_mult_2vg1 ; work         ;
;                   |mult_qql:mult1|                ; 0 (0)       ; 0 (0)                     ; 0 (0)         ; 0           ; 0            ; 0       ; 0         ; 0    ; 0            ; 0 (0)        ; 0 (0)             ; 0 (0)            ; |hello|pollard:pollard0|lpm_mult:Mult1|mult_uht:auto_generated|alt_mac_mult:mac_mult243|mac_mult_2vg1:auto_generated|mult_qql:mult1            ; mult_qql      ; work         ;
;             |alt_mac_mult:mac_mult245|            ; 0 (0)       ; 0 (0)                     ; 0 (0)         ; 0           ; 0            ; 0       ; 0         ; 0    ; 0            ; 0 (0)        ; 0 (0)             ; 0 (0)            ; |hello|pollard:pollard0|lpm_mult:Mult1|mult_uht:auto_generated|alt_mac_mult:mac_mult245                                                        ; alt_mac_mult  ; work         ;
;                |mac_mult_2vg1:auto_generated|     ; 0 (0)       ; 0 (0)                     ; 0 (0)         ; 0           ; 0            ; 0       ; 0         ; 0    ; 0            ; 0 (0)        ; 0 (0)             ; 0 (0)            ; |hello|pollard:pollard0|lpm_mult:Mult1|mult_uht:auto_generated|alt_mac_mult:mac_mult245|mac_mult_2vg1:auto_generated                           ; mac_mult_2vg1 ; work         ;
;                   |mult_qql:mult1|                ; 0 (0)       ; 0 (0)                     ; 0 (0)         ; 0           ; 0            ; 0       ; 0         ; 0    ; 0            ; 0 (0)        ; 0 (0)             ; 0 (0)            ; |hello|pollard:pollard0|lpm_mult:Mult1|mult_uht:auto_generated|alt_mac_mult:mac_mult245|mac_mult_2vg1:auto_generated|mult_qql:mult1            ; mult_qql      ; work         ;
;             |alt_mac_mult:mac_mult247|            ; 0 (0)       ; 0 (0)                     ; 0 (0)         ; 0           ; 0            ; 0       ; 0         ; 0    ; 0            ; 0 (0)        ; 0 (0)             ; 0 (0)            ; |hello|pollard:pollard0|lpm_mult:Mult1|mult_uht:auto_generated|alt_mac_mult:mac_mult247                                                        ; alt_mac_mult  ; work         ;
;                |mac_mult_2vg1:auto_generated|     ; 0 (0)       ; 0 (0)                     ; 0 (0)         ; 0           ; 0            ; 0       ; 0         ; 0    ; 0            ; 0 (0)        ; 0 (0)             ; 0 (0)            ; |hello|pollard:pollard0|lpm_mult:Mult1|mult_uht:auto_generated|alt_mac_mult:mac_mult247|mac_mult_2vg1:auto_generated                           ; mac_mult_2vg1 ; work         ;
;                   |mult_qql:mult1|                ; 0 (0)       ; 0 (0)                     ; 0 (0)         ; 0           ; 0            ; 0       ; 0         ; 0    ; 0            ; 0 (0)        ; 0 (0)             ; 0 (0)            ; |hello|pollard:pollard0|lpm_mult:Mult1|mult_uht:auto_generated|alt_mac_mult:mac_mult247|mac_mult_2vg1:auto_generated|mult_qql:mult1            ; mult_qql      ; work         ;
;             |alt_mac_mult:mac_mult249|            ; 0 (0)       ; 0 (0)                     ; 0 (0)         ; 0           ; 0            ; 0       ; 0         ; 0    ; 0            ; 0 (0)        ; 0 (0)             ; 0 (0)            ; |hello|pollard:pollard0|lpm_mult:Mult1|mult_uht:auto_generated|alt_mac_mult:mac_mult249                                                        ; alt_mac_mult  ; work         ;
;                |mac_mult_2vg1:auto_generated|     ; 0 (0)       ; 0 (0)                     ; 0 (0)         ; 0           ; 0            ; 0       ; 0         ; 0    ; 0            ; 0 (0)        ; 0 (0)             ; 0 (0)            ; |hello|pollard:pollard0|lpm_mult:Mult1|mult_uht:auto_generated|alt_mac_mult:mac_mult249|mac_mult_2vg1:auto_generated                           ; mac_mult_2vg1 ; work         ;
;                   |mult_qql:mult1|                ; 0 (0)       ; 0 (0)                     ; 0 (0)         ; 0           ; 0            ; 0       ; 0         ; 0    ; 0            ; 0 (0)        ; 0 (0)             ; 0 (0)            ; |hello|pollard:pollard0|lpm_mult:Mult1|mult_uht:auto_generated|alt_mac_mult:mac_mult249|mac_mult_2vg1:auto_generated|mult_qql:mult1            ; mult_qql      ; work         ;
;             |alt_mac_mult:mac_mult251|            ; 0 (0)       ; 0 (0)                     ; 0 (0)         ; 0           ; 0            ; 0       ; 0         ; 0    ; 0            ; 0 (0)        ; 0 (0)             ; 0 (0)            ; |hello|pollard:pollard0|lpm_mult:Mult1|mult_uht:auto_generated|alt_mac_mult:mac_mult251                                                        ; alt_mac_mult  ; work         ;
;                |mac_mult_2vg1:auto_generated|     ; 0 (0)       ; 0 (0)                     ; 0 (0)         ; 0           ; 0            ; 0       ; 0         ; 0    ; 0            ; 0 (0)        ; 0 (0)             ; 0 (0)            ; |hello|pollard:pollard0|lpm_mult:Mult1|mult_uht:auto_generated|alt_mac_mult:mac_mult251|mac_mult_2vg1:auto_generated                           ; mac_mult_2vg1 ; work         ;
;                   |mult_qql:mult1|                ; 0 (0)       ; 0 (0)                     ; 0 (0)         ; 0           ; 0            ; 0       ; 0         ; 0    ; 0            ; 0 (0)        ; 0 (0)             ; 0 (0)            ; |hello|pollard:pollard0|lpm_mult:Mult1|mult_uht:auto_generated|alt_mac_mult:mac_mult251|mac_mult_2vg1:auto_generated|mult_qql:mult1            ; mult_qql      ; work         ;
;             |alt_mac_mult:mac_mult253|            ; 0 (0)       ; 0 (0)                     ; 0 (0)         ; 0           ; 0            ; 0       ; 0         ; 0    ; 0            ; 0 (0)        ; 0 (0)             ; 0 (0)            ; |hello|pollard:pollard0|lpm_mult:Mult1|mult_uht:auto_generated|alt_mac_mult:mac_mult253                                                        ; alt_mac_mult  ; work         ;
;                |mac_mult_2vg1:auto_generated|     ; 0 (0)       ; 0 (0)                     ; 0 (0)         ; 0           ; 0            ; 0       ; 0         ; 0    ; 0            ; 0 (0)        ; 0 (0)             ; 0 (0)            ; |hello|pollard:pollard0|lpm_mult:Mult1|mult_uht:auto_generated|alt_mac_mult:mac_mult253|mac_mult_2vg1:auto_generated                           ; mac_mult_2vg1 ; work         ;
;                   |mult_qql:mult1|                ; 0 (0)       ; 0 (0)                     ; 0 (0)         ; 0           ; 0            ; 0       ; 0         ; 0    ; 0            ; 0 (0)        ; 0 (0)             ; 0 (0)            ; |hello|pollard:pollard0|lpm_mult:Mult1|mult_uht:auto_generated|alt_mac_mult:mac_mult253|mac_mult_2vg1:auto_generated|mult_qql:mult1            ; mult_qql      ; work         ;
;             |alt_mac_mult:mac_mult25|             ; 0 (0)       ; 0 (0)                     ; 0 (0)         ; 0           ; 0            ; 0       ; 0         ; 0    ; 0            ; 0 (0)        ; 0 (0)             ; 0 (0)            ; |hello|pollard:pollard0|lpm_mult:Mult1|mult_uht:auto_generated|alt_mac_mult:mac_mult25                                                         ; alt_mac_mult  ; work         ;
;                |mac_mult_2vg1:auto_generated|     ; 0 (0)       ; 0 (0)                     ; 0 (0)         ; 0           ; 0            ; 0       ; 0         ; 0    ; 0            ; 0 (0)        ; 0 (0)             ; 0 (0)            ; |hello|pollard:pollard0|lpm_mult:Mult1|mult_uht:auto_generated|alt_mac_mult:mac_mult25|mac_mult_2vg1:auto_generated                            ; mac_mult_2vg1 ; work         ;
;                   |mult_qql:mult1|                ; 0 (0)       ; 0 (0)                     ; 0 (0)         ; 0           ; 0            ; 0       ; 0         ; 0    ; 0            ; 0 (0)        ; 0 (0)             ; 0 (0)            ; |hello|pollard:pollard0|lpm_mult:Mult1|mult_uht:auto_generated|alt_mac_mult:mac_mult25|mac_mult_2vg1:auto_generated|mult_qql:mult1             ; mult_qql      ; work         ;
;             |alt_mac_mult:mac_mult271|            ; 0 (0)       ; 0 (0)                     ; 0 (0)         ; 0           ; 0            ; 0       ; 0         ; 0    ; 0            ; 0 (0)        ; 0 (0)             ; 0 (0)            ; |hello|pollard:pollard0|lpm_mult:Mult1|mult_uht:auto_generated|alt_mac_mult:mac_mult271                                                        ; alt_mac_mult  ; work         ;
;                |mac_mult_2vg1:auto_generated|     ; 0 (0)       ; 0 (0)                     ; 0 (0)         ; 0           ; 0            ; 0       ; 0         ; 0    ; 0            ; 0 (0)        ; 0 (0)             ; 0 (0)            ; |hello|pollard:pollard0|lpm_mult:Mult1|mult_uht:auto_generated|alt_mac_mult:mac_mult271|mac_mult_2vg1:auto_generated                           ; mac_mult_2vg1 ; work         ;
;                   |mult_qql:mult1|                ; 0 (0)       ; 0 (0)                     ; 0 (0)         ; 0           ; 0            ; 0       ; 0         ; 0    ; 0            ; 0 (0)        ; 0 (0)             ; 0 (0)            ; |hello|pollard:pollard0|lpm_mult:Mult1|mult_uht:auto_generated|alt_mac_mult:mac_mult271|mac_mult_2vg1:auto_generated|mult_qql:mult1            ; mult_qql      ; work         ;
;             |alt_mac_mult:mac_mult273|            ; 0 (0)       ; 0 (0)                     ; 0 (0)         ; 0           ; 0            ; 0       ; 0         ; 0    ; 0            ; 0 (0)        ; 0 (0)             ; 0 (0)            ; |hello|pollard:pollard0|lpm_mult:Mult1|mult_uht:auto_generated|alt_mac_mult:mac_mult273                                                        ; alt_mac_mult  ; work         ;
;                |mac_mult_2vg1:auto_generated|     ; 0 (0)       ; 0 (0)                     ; 0 (0)         ; 0           ; 0            ; 0       ; 0         ; 0    ; 0            ; 0 (0)        ; 0 (0)             ; 0 (0)            ; |hello|pollard:pollard0|lpm_mult:Mult1|mult_uht:auto_generated|alt_mac_mult:mac_mult273|mac_mult_2vg1:auto_generated                           ; mac_mult_2vg1 ; work         ;
;                   |mult_qql:mult1|                ; 0 (0)       ; 0 (0)                     ; 0 (0)         ; 0           ; 0            ; 0       ; 0         ; 0    ; 0            ; 0 (0)        ; 0 (0)             ; 0 (0)            ; |hello|pollard:pollard0|lpm_mult:Mult1|mult_uht:auto_generated|alt_mac_mult:mac_mult273|mac_mult_2vg1:auto_generated|mult_qql:mult1            ; mult_qql      ; work         ;
;             |alt_mac_mult:mac_mult275|            ; 0 (0)       ; 0 (0)                     ; 0 (0)         ; 0           ; 0            ; 0       ; 0         ; 0    ; 0            ; 0 (0)        ; 0 (0)             ; 0 (0)            ; |hello|pollard:pollard0|lpm_mult:Mult1|mult_uht:auto_generated|alt_mac_mult:mac_mult275                                                        ; alt_mac_mult  ; work         ;
;                |mac_mult_2vg1:auto_generated|     ; 0 (0)       ; 0 (0)                     ; 0 (0)         ; 0           ; 0            ; 0       ; 0         ; 0    ; 0            ; 0 (0)        ; 0 (0)             ; 0 (0)            ; |hello|pollard:pollard0|lpm_mult:Mult1|mult_uht:auto_generated|alt_mac_mult:mac_mult275|mac_mult_2vg1:auto_generated                           ; mac_mult_2vg1 ; work         ;
;                   |mult_qql:mult1|                ; 0 (0)       ; 0 (0)                     ; 0 (0)         ; 0           ; 0            ; 0       ; 0         ; 0    ; 0            ; 0 (0)        ; 0 (0)             ; 0 (0)            ; |hello|pollard:pollard0|lpm_mult:Mult1|mult_uht:auto_generated|alt_mac_mult:mac_mult275|mac_mult_2vg1:auto_generated|mult_qql:mult1            ; mult_qql      ; work         ;
;             |alt_mac_mult:mac_mult277|            ; 0 (0)       ; 0 (0)                     ; 0 (0)         ; 0           ; 0            ; 0       ; 0         ; 0    ; 0            ; 0 (0)        ; 0 (0)             ; 0 (0)            ; |hello|pollard:pollard0|lpm_mult:Mult1|mult_uht:auto_generated|alt_mac_mult:mac_mult277                                                        ; alt_mac_mult  ; work         ;
;                |mac_mult_2vg1:auto_generated|     ; 0 (0)       ; 0 (0)                     ; 0 (0)         ; 0           ; 0            ; 0       ; 0         ; 0    ; 0            ; 0 (0)        ; 0 (0)             ; 0 (0)            ; |hello|pollard:pollard0|lpm_mult:Mult1|mult_uht:auto_generated|alt_mac_mult:mac_mult277|mac_mult_2vg1:auto_generated                           ; mac_mult_2vg1 ; work         ;
;                   |mult_qql:mult1|                ; 0 (0)       ; 0 (0)                     ; 0 (0)         ; 0           ; 0            ; 0       ; 0         ; 0    ; 0            ; 0 (0)        ; 0 (0)             ; 0 (0)            ; |hello|pollard:pollard0|lpm_mult:Mult1|mult_uht:auto_generated|alt_mac_mult:mac_mult277|mac_mult_2vg1:auto_generated|mult_qql:mult1            ; mult_qql      ; work         ;
;             |alt_mac_mult:mac_mult279|            ; 0 (0)       ; 0 (0)                     ; 0 (0)         ; 0           ; 0            ; 0       ; 0         ; 0    ; 0            ; 0 (0)        ; 0 (0)             ; 0 (0)            ; |hello|pollard:pollard0|lpm_mult:Mult1|mult_uht:auto_generated|alt_mac_mult:mac_mult279                                                        ; alt_mac_mult  ; work         ;
;                |mac_mult_2vg1:auto_generated|     ; 0 (0)       ; 0 (0)                     ; 0 (0)         ; 0           ; 0            ; 0       ; 0         ; 0    ; 0            ; 0 (0)        ; 0 (0)             ; 0 (0)            ; |hello|pollard:pollard0|lpm_mult:Mult1|mult_uht:auto_generated|alt_mac_mult:mac_mult279|mac_mult_2vg1:auto_generated                           ; mac_mult_2vg1 ; work         ;
;                   |mult_qql:mult1|                ; 0 (0)       ; 0 (0)                     ; 0 (0)         ; 0           ; 0            ; 0       ; 0         ; 0    ; 0            ; 0 (0)        ; 0 (0)             ; 0 (0)            ; |hello|pollard:pollard0|lpm_mult:Mult1|mult_uht:auto_generated|alt_mac_mult:mac_mult279|mac_mult_2vg1:auto_generated|mult_qql:mult1            ; mult_qql      ; work         ;
;             |alt_mac_mult:mac_mult27|             ; 0 (0)       ; 0 (0)                     ; 0 (0)         ; 0           ; 0            ; 0       ; 0         ; 0    ; 0            ; 0 (0)        ; 0 (0)             ; 0 (0)            ; |hello|pollard:pollard0|lpm_mult:Mult1|mult_uht:auto_generated|alt_mac_mult:mac_mult27                                                         ; alt_mac_mult  ; work         ;
;                |mac_mult_2vg1:auto_generated|     ; 0 (0)       ; 0 (0)                     ; 0 (0)         ; 0           ; 0            ; 0       ; 0         ; 0    ; 0            ; 0 (0)        ; 0 (0)             ; 0 (0)            ; |hello|pollard:pollard0|lpm_mult:Mult1|mult_uht:auto_generated|alt_mac_mult:mac_mult27|mac_mult_2vg1:auto_generated                            ; mac_mult_2vg1 ; work         ;
;                   |mult_qql:mult1|                ; 0 (0)       ; 0 (0)                     ; 0 (0)         ; 0           ; 0            ; 0       ; 0         ; 0    ; 0            ; 0 (0)        ; 0 (0)             ; 0 (0)            ; |hello|pollard:pollard0|lpm_mult:Mult1|mult_uht:auto_generated|alt_mac_mult:mac_mult27|mac_mult_2vg1:auto_generated|mult_qql:mult1             ; mult_qql      ; work         ;
;             |alt_mac_mult:mac_mult281|            ; 0 (0)       ; 0 (0)                     ; 0 (0)         ; 0           ; 0            ; 0       ; 0         ; 0    ; 0            ; 0 (0)        ; 0 (0)             ; 0 (0)            ; |hello|pollard:pollard0|lpm_mult:Mult1|mult_uht:auto_generated|alt_mac_mult:mac_mult281                                                        ; alt_mac_mult  ; work         ;
;                |mac_mult_2vg1:auto_generated|     ; 0 (0)       ; 0 (0)                     ; 0 (0)         ; 0           ; 0            ; 0       ; 0         ; 0    ; 0            ; 0 (0)        ; 0 (0)             ; 0 (0)            ; |hello|pollard:pollard0|lpm_mult:Mult1|mult_uht:auto_generated|alt_mac_mult:mac_mult281|mac_mult_2vg1:auto_generated                           ; mac_mult_2vg1 ; work         ;
;                   |mult_qql:mult1|                ; 0 (0)       ; 0 (0)                     ; 0 (0)         ; 0           ; 0            ; 0       ; 0         ; 0    ; 0            ; 0 (0)        ; 0 (0)             ; 0 (0)            ; |hello|pollard:pollard0|lpm_mult:Mult1|mult_uht:auto_generated|alt_mac_mult:mac_mult281|mac_mult_2vg1:auto_generated|mult_qql:mult1            ; mult_qql      ; work         ;
;             |alt_mac_mult:mac_mult29|             ; 0 (0)       ; 0 (0)                     ; 0 (0)         ; 0           ; 0            ; 0       ; 0         ; 0    ; 0            ; 0 (0)        ; 0 (0)             ; 0 (0)            ; |hello|pollard:pollard0|lpm_mult:Mult1|mult_uht:auto_generated|alt_mac_mult:mac_mult29                                                         ; alt_mac_mult  ; work         ;
;                |mac_mult_9tg1:auto_generated|     ; 0 (0)       ; 0 (0)                     ; 0 (0)         ; 0           ; 0            ; 0       ; 0         ; 0    ; 0            ; 0 (0)        ; 0 (0)             ; 0 (0)            ; |hello|pollard:pollard0|lpm_mult:Mult1|mult_uht:auto_generated|alt_mac_mult:mac_mult29|mac_mult_9tg1:auto_generated                            ; mac_mult_9tg1 ; work         ;
;                   |mult_1pl:mult1|                ; 0 (0)       ; 0 (0)                     ; 0 (0)         ; 0           ; 0            ; 0       ; 0         ; 0    ; 0            ; 0 (0)        ; 0 (0)             ; 0 (0)            ; |hello|pollard:pollard0|lpm_mult:Mult1|mult_uht:auto_generated|alt_mac_mult:mac_mult29|mac_mult_9tg1:auto_generated|mult_1pl:mult1             ; mult_1pl      ; work         ;
;             |alt_mac_mult:mac_mult301|            ; 0 (0)       ; 0 (0)                     ; 0 (0)         ; 0           ; 0            ; 0       ; 0         ; 0    ; 0            ; 0 (0)        ; 0 (0)             ; 0 (0)            ; |hello|pollard:pollard0|lpm_mult:Mult1|mult_uht:auto_generated|alt_mac_mult:mac_mult301                                                        ; alt_mac_mult  ; work         ;
;                |mac_mult_2vg1:auto_generated|     ; 0 (0)       ; 0 (0)                     ; 0 (0)         ; 0           ; 0            ; 0       ; 0         ; 0    ; 0            ; 0 (0)        ; 0 (0)             ; 0 (0)            ; |hello|pollard:pollard0|lpm_mult:Mult1|mult_uht:auto_generated|alt_mac_mult:mac_mult301|mac_mult_2vg1:auto_generated                           ; mac_mult_2vg1 ; work         ;
;                   |mult_qql:mult1|                ; 0 (0)       ; 0 (0)                     ; 0 (0)         ; 0           ; 0            ; 0       ; 0         ; 0    ; 0            ; 0 (0)        ; 0 (0)             ; 0 (0)            ; |hello|pollard:pollard0|lpm_mult:Mult1|mult_uht:auto_generated|alt_mac_mult:mac_mult301|mac_mult_2vg1:auto_generated|mult_qql:mult1            ; mult_qql      ; work         ;
;             |alt_mac_mult:mac_mult303|            ; 0 (0)       ; 0 (0)                     ; 0 (0)         ; 0           ; 0            ; 0       ; 0         ; 0    ; 0            ; 0 (0)        ; 0 (0)             ; 0 (0)            ; |hello|pollard:pollard0|lpm_mult:Mult1|mult_uht:auto_generated|alt_mac_mult:mac_mult303                                                        ; alt_mac_mult  ; work         ;
;                |mac_mult_2vg1:auto_generated|     ; 0 (0)       ; 0 (0)                     ; 0 (0)         ; 0           ; 0            ; 0       ; 0         ; 0    ; 0            ; 0 (0)        ; 0 (0)             ; 0 (0)            ; |hello|pollard:pollard0|lpm_mult:Mult1|mult_uht:auto_generated|alt_mac_mult:mac_mult303|mac_mult_2vg1:auto_generated                           ; mac_mult_2vg1 ; work         ;
;                   |mult_qql:mult1|                ; 0 (0)       ; 0 (0)                     ; 0 (0)         ; 0           ; 0            ; 0       ; 0         ; 0    ; 0            ; 0 (0)        ; 0 (0)             ; 0 (0)            ; |hello|pollard:pollard0|lpm_mult:Mult1|mult_uht:auto_generated|alt_mac_mult:mac_mult303|mac_mult_2vg1:auto_generated|mult_qql:mult1            ; mult_qql      ; work         ;
;             |alt_mac_mult:mac_mult305|            ; 0 (0)       ; 0 (0)                     ; 0 (0)         ; 0           ; 0            ; 0       ; 0         ; 0    ; 0            ; 0 (0)        ; 0 (0)             ; 0 (0)            ; |hello|pollard:pollard0|lpm_mult:Mult1|mult_uht:auto_generated|alt_mac_mult:mac_mult305                                                        ; alt_mac_mult  ; work         ;
;                |mac_mult_2vg1:auto_generated|     ; 0 (0)       ; 0 (0)                     ; 0 (0)         ; 0           ; 0            ; 0       ; 0         ; 0    ; 0            ; 0 (0)        ; 0 (0)             ; 0 (0)            ; |hello|pollard:pollard0|lpm_mult:Mult1|mult_uht:auto_generated|alt_mac_mult:mac_mult305|mac_mult_2vg1:auto_generated                           ; mac_mult_2vg1 ; work         ;
;                   |mult_qql:mult1|                ; 0 (0)       ; 0 (0)                     ; 0 (0)         ; 0           ; 0            ; 0       ; 0         ; 0    ; 0            ; 0 (0)        ; 0 (0)             ; 0 (0)            ; |hello|pollard:pollard0|lpm_mult:Mult1|mult_uht:auto_generated|alt_mac_mult:mac_mult305|mac_mult_2vg1:auto_generated|mult_qql:mult1            ; mult_qql      ; work         ;
;             |alt_mac_mult:mac_mult307|            ; 0 (0)       ; 0 (0)                     ; 0 (0)         ; 0           ; 0            ; 0       ; 0         ; 0    ; 0            ; 0 (0)        ; 0 (0)             ; 0 (0)            ; |hello|pollard:pollard0|lpm_mult:Mult1|mult_uht:auto_generated|alt_mac_mult:mac_mult307                                                        ; alt_mac_mult  ; work         ;
;                |mac_mult_2vg1:auto_generated|     ; 0 (0)       ; 0 (0)                     ; 0 (0)         ; 0           ; 0            ; 0       ; 0         ; 0    ; 0            ; 0 (0)        ; 0 (0)             ; 0 (0)            ; |hello|pollard:pollard0|lpm_mult:Mult1|mult_uht:auto_generated|alt_mac_mult:mac_mult307|mac_mult_2vg1:auto_generated                           ; mac_mult_2vg1 ; work         ;
;                   |mult_qql:mult1|                ; 0 (0)       ; 0 (0)                     ; 0 (0)         ; 0           ; 0            ; 0       ; 0         ; 0    ; 0            ; 0 (0)        ; 0 (0)             ; 0 (0)            ; |hello|pollard:pollard0|lpm_mult:Mult1|mult_uht:auto_generated|alt_mac_mult:mac_mult307|mac_mult_2vg1:auto_generated|mult_qql:mult1            ; mult_qql      ; work         ;
;             |alt_mac_mult:mac_mult309|            ; 0 (0)       ; 0 (0)                     ; 0 (0)         ; 0           ; 0            ; 0       ; 0         ; 0    ; 0            ; 0 (0)        ; 0 (0)             ; 0 (0)            ; |hello|pollard:pollard0|lpm_mult:Mult1|mult_uht:auto_generated|alt_mac_mult:mac_mult309                                                        ; alt_mac_mult  ; work         ;
;                |mac_mult_2vg1:auto_generated|     ; 0 (0)       ; 0 (0)                     ; 0 (0)         ; 0           ; 0            ; 0       ; 0         ; 0    ; 0            ; 0 (0)        ; 0 (0)             ; 0 (0)            ; |hello|pollard:pollard0|lpm_mult:Mult1|mult_uht:auto_generated|alt_mac_mult:mac_mult309|mac_mult_2vg1:auto_generated                           ; mac_mult_2vg1 ; work         ;
;                   |mult_qql:mult1|                ; 0 (0)       ; 0 (0)                     ; 0 (0)         ; 0           ; 0            ; 0       ; 0         ; 0    ; 0            ; 0 (0)        ; 0 (0)             ; 0 (0)            ; |hello|pollard:pollard0|lpm_mult:Mult1|mult_uht:auto_generated|alt_mac_mult:mac_mult309|mac_mult_2vg1:auto_generated|mult_qql:mult1            ; mult_qql      ; work         ;
;             |alt_mac_mult:mac_mult31|             ; 0 (0)       ; 0 (0)                     ; 0 (0)         ; 0           ; 0            ; 0       ; 0         ; 0    ; 0            ; 0 (0)        ; 0 (0)             ; 0 (0)            ; |hello|pollard:pollard0|lpm_mult:Mult1|mult_uht:auto_generated|alt_mac_mult:mac_mult31                                                         ; alt_mac_mult  ; work         ;
;                |mac_mult_2vg1:auto_generated|     ; 0 (0)       ; 0 (0)                     ; 0 (0)         ; 0           ; 0            ; 0       ; 0         ; 0    ; 0            ; 0 (0)        ; 0 (0)             ; 0 (0)            ; |hello|pollard:pollard0|lpm_mult:Mult1|mult_uht:auto_generated|alt_mac_mult:mac_mult31|mac_mult_2vg1:auto_generated                            ; mac_mult_2vg1 ; work         ;
;                   |mult_qql:mult1|                ; 0 (0)       ; 0 (0)                     ; 0 (0)         ; 0           ; 0            ; 0       ; 0         ; 0    ; 0            ; 0 (0)        ; 0 (0)             ; 0 (0)            ; |hello|pollard:pollard0|lpm_mult:Mult1|mult_uht:auto_generated|alt_mac_mult:mac_mult31|mac_mult_2vg1:auto_generated|mult_qql:mult1             ; mult_qql      ; work         ;
;             |alt_mac_mult:mac_mult331|            ; 0 (0)       ; 0 (0)                     ; 0 (0)         ; 0           ; 0            ; 0       ; 0         ; 0    ; 0            ; 0 (0)        ; 0 (0)             ; 0 (0)            ; |hello|pollard:pollard0|lpm_mult:Mult1|mult_uht:auto_generated|alt_mac_mult:mac_mult331                                                        ; alt_mac_mult  ; work         ;
;                |mac_mult_2vg1:auto_generated|     ; 0 (0)       ; 0 (0)                     ; 0 (0)         ; 0           ; 0            ; 0       ; 0         ; 0    ; 0            ; 0 (0)        ; 0 (0)             ; 0 (0)            ; |hello|pollard:pollard0|lpm_mult:Mult1|mult_uht:auto_generated|alt_mac_mult:mac_mult331|mac_mult_2vg1:auto_generated                           ; mac_mult_2vg1 ; work         ;
;                   |mult_qql:mult1|                ; 0 (0)       ; 0 (0)                     ; 0 (0)         ; 0           ; 0            ; 0       ; 0         ; 0    ; 0            ; 0 (0)        ; 0 (0)             ; 0 (0)            ; |hello|pollard:pollard0|lpm_mult:Mult1|mult_uht:auto_generated|alt_mac_mult:mac_mult331|mac_mult_2vg1:auto_generated|mult_qql:mult1            ; mult_qql      ; work         ;
;             |alt_mac_mult:mac_mult333|            ; 0 (0)       ; 0 (0)                     ; 0 (0)         ; 0           ; 0            ; 0       ; 0         ; 0    ; 0            ; 0 (0)        ; 0 (0)             ; 0 (0)            ; |hello|pollard:pollard0|lpm_mult:Mult1|mult_uht:auto_generated|alt_mac_mult:mac_mult333                                                        ; alt_mac_mult  ; work         ;
;                |mac_mult_2vg1:auto_generated|     ; 0 (0)       ; 0 (0)                     ; 0 (0)         ; 0           ; 0            ; 0       ; 0         ; 0    ; 0            ; 0 (0)        ; 0 (0)             ; 0 (0)            ; |hello|pollard:pollard0|lpm_mult:Mult1|mult_uht:auto_generated|alt_mac_mult:mac_mult333|mac_mult_2vg1:auto_generated                           ; mac_mult_2vg1 ; work         ;
;                   |mult_qql:mult1|                ; 0 (0)       ; 0 (0)                     ; 0 (0)         ; 0           ; 0            ; 0       ; 0         ; 0    ; 0            ; 0 (0)        ; 0 (0)             ; 0 (0)            ; |hello|pollard:pollard0|lpm_mult:Mult1|mult_uht:auto_generated|alt_mac_mult:mac_mult333|mac_mult_2vg1:auto_generated|mult_qql:mult1            ; mult_qql      ; work         ;
;             |alt_mac_mult:mac_mult335|            ; 0 (0)       ; 0 (0)                     ; 0 (0)         ; 0           ; 0            ; 0       ; 0         ; 0    ; 0            ; 0 (0)        ; 0 (0)             ; 0 (0)            ; |hello|pollard:pollard0|lpm_mult:Mult1|mult_uht:auto_generated|alt_mac_mult:mac_mult335                                                        ; alt_mac_mult  ; work         ;
;                |mac_mult_2vg1:auto_generated|     ; 0 (0)       ; 0 (0)                     ; 0 (0)         ; 0           ; 0            ; 0       ; 0         ; 0    ; 0            ; 0 (0)        ; 0 (0)             ; 0 (0)            ; |hello|pollard:pollard0|lpm_mult:Mult1|mult_uht:auto_generated|alt_mac_mult:mac_mult335|mac_mult_2vg1:auto_generated                           ; mac_mult_2vg1 ; work         ;
;                   |mult_qql:mult1|                ; 0 (0)       ; 0 (0)                     ; 0 (0)         ; 0           ; 0            ; 0       ; 0         ; 0    ; 0            ; 0 (0)        ; 0 (0)             ; 0 (0)            ; |hello|pollard:pollard0|lpm_mult:Mult1|mult_uht:auto_generated|alt_mac_mult:mac_mult335|mac_mult_2vg1:auto_generated|mult_qql:mult1            ; mult_qql      ; work         ;
;             |alt_mac_mult:mac_mult337|            ; 0 (0)       ; 0 (0)                     ; 0 (0)         ; 0           ; 0            ; 0       ; 0         ; 0    ; 0            ; 0 (0)        ; 0 (0)             ; 0 (0)            ; |hello|pollard:pollard0|lpm_mult:Mult1|mult_uht:auto_generated|alt_mac_mult:mac_mult337                                                        ; alt_mac_mult  ; work         ;
;                |mac_mult_2vg1:auto_generated|     ; 0 (0)       ; 0 (0)                     ; 0 (0)         ; 0           ; 0            ; 0       ; 0         ; 0    ; 0            ; 0 (0)        ; 0 (0)             ; 0 (0)            ; |hello|pollard:pollard0|lpm_mult:Mult1|mult_uht:auto_generated|alt_mac_mult:mac_mult337|mac_mult_2vg1:auto_generated                           ; mac_mult_2vg1 ; work         ;
;                   |mult_qql:mult1|                ; 0 (0)       ; 0 (0)                     ; 0 (0)         ; 0           ; 0            ; 0       ; 0         ; 0    ; 0            ; 0 (0)        ; 0 (0)             ; 0 (0)            ; |hello|pollard:pollard0|lpm_mult:Mult1|mult_uht:auto_generated|alt_mac_mult:mac_mult337|mac_mult_2vg1:auto_generated|mult_qql:mult1            ; mult_qql      ; work         ;
;             |alt_mac_mult:mac_mult33|             ; 0 (0)       ; 0 (0)                     ; 0 (0)         ; 0           ; 0            ; 0       ; 0         ; 0    ; 0            ; 0 (0)        ; 0 (0)             ; 0 (0)            ; |hello|pollard:pollard0|lpm_mult:Mult1|mult_uht:auto_generated|alt_mac_mult:mac_mult33                                                         ; alt_mac_mult  ; work         ;
;                |mac_mult_2vg1:auto_generated|     ; 0 (0)       ; 0 (0)                     ; 0 (0)         ; 0           ; 0            ; 0       ; 0         ; 0    ; 0            ; 0 (0)        ; 0 (0)             ; 0 (0)            ; |hello|pollard:pollard0|lpm_mult:Mult1|mult_uht:auto_generated|alt_mac_mult:mac_mult33|mac_mult_2vg1:auto_generated                            ; mac_mult_2vg1 ; work         ;
;                   |mult_qql:mult1|                ; 0 (0)       ; 0 (0)                     ; 0 (0)         ; 0           ; 0            ; 0       ; 0         ; 0    ; 0            ; 0 (0)        ; 0 (0)             ; 0 (0)            ; |hello|pollard:pollard0|lpm_mult:Mult1|mult_uht:auto_generated|alt_mac_mult:mac_mult33|mac_mult_2vg1:auto_generated|mult_qql:mult1             ; mult_qql      ; work         ;
;             |alt_mac_mult:mac_mult35|             ; 0 (0)       ; 0 (0)                     ; 0 (0)         ; 0           ; 0            ; 0       ; 0         ; 0    ; 0            ; 0 (0)        ; 0 (0)             ; 0 (0)            ; |hello|pollard:pollard0|lpm_mult:Mult1|mult_uht:auto_generated|alt_mac_mult:mac_mult35                                                         ; alt_mac_mult  ; work         ;
;                |mac_mult_2vg1:auto_generated|     ; 0 (0)       ; 0 (0)                     ; 0 (0)         ; 0           ; 0            ; 0       ; 0         ; 0    ; 0            ; 0 (0)        ; 0 (0)             ; 0 (0)            ; |hello|pollard:pollard0|lpm_mult:Mult1|mult_uht:auto_generated|alt_mac_mult:mac_mult35|mac_mult_2vg1:auto_generated                            ; mac_mult_2vg1 ; work         ;
;                   |mult_qql:mult1|                ; 0 (0)       ; 0 (0)                     ; 0 (0)         ; 0           ; 0            ; 0       ; 0         ; 0    ; 0            ; 0 (0)        ; 0 (0)             ; 0 (0)            ; |hello|pollard:pollard0|lpm_mult:Mult1|mult_uht:auto_generated|alt_mac_mult:mac_mult35|mac_mult_2vg1:auto_generated|mult_qql:mult1             ; mult_qql      ; work         ;
;             |alt_mac_mult:mac_mult361|            ; 0 (0)       ; 0 (0)                     ; 0 (0)         ; 0           ; 0            ; 0       ; 0         ; 0    ; 0            ; 0 (0)        ; 0 (0)             ; 0 (0)            ; |hello|pollard:pollard0|lpm_mult:Mult1|mult_uht:auto_generated|alt_mac_mult:mac_mult361                                                        ; alt_mac_mult  ; work         ;
;                |mac_mult_2vg1:auto_generated|     ; 0 (0)       ; 0 (0)                     ; 0 (0)         ; 0           ; 0            ; 0       ; 0         ; 0    ; 0            ; 0 (0)        ; 0 (0)             ; 0 (0)            ; |hello|pollard:pollard0|lpm_mult:Mult1|mult_uht:auto_generated|alt_mac_mult:mac_mult361|mac_mult_2vg1:auto_generated                           ; mac_mult_2vg1 ; work         ;
;                   |mult_qql:mult1|                ; 0 (0)       ; 0 (0)                     ; 0 (0)         ; 0           ; 0            ; 0       ; 0         ; 0    ; 0            ; 0 (0)        ; 0 (0)             ; 0 (0)            ; |hello|pollard:pollard0|lpm_mult:Mult1|mult_uht:auto_generated|alt_mac_mult:mac_mult361|mac_mult_2vg1:auto_generated|mult_qql:mult1            ; mult_qql      ; work         ;
;             |alt_mac_mult:mac_mult363|            ; 0 (0)       ; 0 (0)                     ; 0 (0)         ; 0           ; 0            ; 0       ; 0         ; 0    ; 0            ; 0 (0)        ; 0 (0)             ; 0 (0)            ; |hello|pollard:pollard0|lpm_mult:Mult1|mult_uht:auto_generated|alt_mac_mult:mac_mult363                                                        ; alt_mac_mult  ; work         ;
;                |mac_mult_2vg1:auto_generated|     ; 0 (0)       ; 0 (0)                     ; 0 (0)         ; 0           ; 0            ; 0       ; 0         ; 0    ; 0            ; 0 (0)        ; 0 (0)             ; 0 (0)            ; |hello|pollard:pollard0|lpm_mult:Mult1|mult_uht:auto_generated|alt_mac_mult:mac_mult363|mac_mult_2vg1:auto_generated                           ; mac_mult_2vg1 ; work         ;
;                   |mult_qql:mult1|                ; 0 (0)       ; 0 (0)                     ; 0 (0)         ; 0           ; 0            ; 0       ; 0         ; 0    ; 0            ; 0 (0)        ; 0 (0)             ; 0 (0)            ; |hello|pollard:pollard0|lpm_mult:Mult1|mult_uht:auto_generated|alt_mac_mult:mac_mult363|mac_mult_2vg1:auto_generated|mult_qql:mult1            ; mult_qql      ; work         ;
;             |alt_mac_mult:mac_mult365|            ; 0 (0)       ; 0 (0)                     ; 0 (0)         ; 0           ; 0            ; 0       ; 0         ; 0    ; 0            ; 0 (0)        ; 0 (0)             ; 0 (0)            ; |hello|pollard:pollard0|lpm_mult:Mult1|mult_uht:auto_generated|alt_mac_mult:mac_mult365                                                        ; alt_mac_mult  ; work         ;
;                |mac_mult_2vg1:auto_generated|     ; 0 (0)       ; 0 (0)                     ; 0 (0)         ; 0           ; 0            ; 0       ; 0         ; 0    ; 0            ; 0 (0)        ; 0 (0)             ; 0 (0)            ; |hello|pollard:pollard0|lpm_mult:Mult1|mult_uht:auto_generated|alt_mac_mult:mac_mult365|mac_mult_2vg1:auto_generated                           ; mac_mult_2vg1 ; work         ;
;                   |mult_qql:mult1|                ; 0 (0)       ; 0 (0)                     ; 0 (0)         ; 0           ; 0            ; 0       ; 0         ; 0    ; 0            ; 0 (0)        ; 0 (0)             ; 0 (0)            ; |hello|pollard:pollard0|lpm_mult:Mult1|mult_uht:auto_generated|alt_mac_mult:mac_mult365|mac_mult_2vg1:auto_generated|mult_qql:mult1            ; mult_qql      ; work         ;
;             |alt_mac_mult:mac_mult37|             ; 0 (0)       ; 0 (0)                     ; 0 (0)         ; 0           ; 0            ; 0       ; 0         ; 0    ; 0            ; 0 (0)        ; 0 (0)             ; 0 (0)            ; |hello|pollard:pollard0|lpm_mult:Mult1|mult_uht:auto_generated|alt_mac_mult:mac_mult37                                                         ; alt_mac_mult  ; work         ;
;                |mac_mult_2vg1:auto_generated|     ; 0 (0)       ; 0 (0)                     ; 0 (0)         ; 0           ; 0            ; 0       ; 0         ; 0    ; 0            ; 0 (0)        ; 0 (0)             ; 0 (0)            ; |hello|pollard:pollard0|lpm_mult:Mult1|mult_uht:auto_generated|alt_mac_mult:mac_mult37|mac_mult_2vg1:auto_generated                            ; mac_mult_2vg1 ; work         ;
;                   |mult_qql:mult1|                ; 0 (0)       ; 0 (0)                     ; 0 (0)         ; 0           ; 0            ; 0       ; 0         ; 0    ; 0            ; 0 (0)        ; 0 (0)             ; 0 (0)            ; |hello|pollard:pollard0|lpm_mult:Mult1|mult_uht:auto_generated|alt_mac_mult:mac_mult37|mac_mult_2vg1:auto_generated|mult_qql:mult1             ; mult_qql      ; work         ;
;             |alt_mac_mult:mac_mult391|            ; 0 (0)       ; 0 (0)                     ; 0 (0)         ; 0           ; 0            ; 0       ; 0         ; 0    ; 0            ; 0 (0)        ; 0 (0)             ; 0 (0)            ; |hello|pollard:pollard0|lpm_mult:Mult1|mult_uht:auto_generated|alt_mac_mult:mac_mult391                                                        ; alt_mac_mult  ; work         ;
;                |mac_mult_2vg1:auto_generated|     ; 0 (0)       ; 0 (0)                     ; 0 (0)         ; 0           ; 0            ; 0       ; 0         ; 0    ; 0            ; 0 (0)        ; 0 (0)             ; 0 (0)            ; |hello|pollard:pollard0|lpm_mult:Mult1|mult_uht:auto_generated|alt_mac_mult:mac_mult391|mac_mult_2vg1:auto_generated                           ; mac_mult_2vg1 ; work         ;
;                   |mult_qql:mult1|                ; 0 (0)       ; 0 (0)                     ; 0 (0)         ; 0           ; 0            ; 0       ; 0         ; 0    ; 0            ; 0 (0)        ; 0 (0)             ; 0 (0)            ; |hello|pollard:pollard0|lpm_mult:Mult1|mult_uht:auto_generated|alt_mac_mult:mac_mult391|mac_mult_2vg1:auto_generated|mult_qql:mult1            ; mult_qql      ; work         ;
;             |alt_mac_mult:mac_mult393|            ; 0 (0)       ; 0 (0)                     ; 0 (0)         ; 0           ; 0            ; 0       ; 0         ; 0    ; 0            ; 0 (0)        ; 0 (0)             ; 0 (0)            ; |hello|pollard:pollard0|lpm_mult:Mult1|mult_uht:auto_generated|alt_mac_mult:mac_mult393                                                        ; alt_mac_mult  ; work         ;
;                |mac_mult_2vg1:auto_generated|     ; 0 (0)       ; 0 (0)                     ; 0 (0)         ; 0           ; 0            ; 0       ; 0         ; 0    ; 0            ; 0 (0)        ; 0 (0)             ; 0 (0)            ; |hello|pollard:pollard0|lpm_mult:Mult1|mult_uht:auto_generated|alt_mac_mult:mac_mult393|mac_mult_2vg1:auto_generated                           ; mac_mult_2vg1 ; work         ;
;                   |mult_qql:mult1|                ; 0 (0)       ; 0 (0)                     ; 0 (0)         ; 0           ; 0            ; 0       ; 0         ; 0    ; 0            ; 0 (0)        ; 0 (0)             ; 0 (0)            ; |hello|pollard:pollard0|lpm_mult:Mult1|mult_uht:auto_generated|alt_mac_mult:mac_mult393|mac_mult_2vg1:auto_generated|mult_qql:mult1            ; mult_qql      ; work         ;
;             |alt_mac_mult:mac_mult39|             ; 0 (0)       ; 0 (0)                     ; 0 (0)         ; 0           ; 0            ; 0       ; 0         ; 0    ; 0            ; 0 (0)        ; 0 (0)             ; 0 (0)            ; |hello|pollard:pollard0|lpm_mult:Mult1|mult_uht:auto_generated|alt_mac_mult:mac_mult39                                                         ; alt_mac_mult  ; work         ;
;                |mac_mult_2vg1:auto_generated|     ; 0 (0)       ; 0 (0)                     ; 0 (0)         ; 0           ; 0            ; 0       ; 0         ; 0    ; 0            ; 0 (0)        ; 0 (0)             ; 0 (0)            ; |hello|pollard:pollard0|lpm_mult:Mult1|mult_uht:auto_generated|alt_mac_mult:mac_mult39|mac_mult_2vg1:auto_generated                            ; mac_mult_2vg1 ; work         ;
;                   |mult_qql:mult1|                ; 0 (0)       ; 0 (0)                     ; 0 (0)         ; 0           ; 0            ; 0       ; 0         ; 0    ; 0            ; 0 (0)        ; 0 (0)             ; 0 (0)            ; |hello|pollard:pollard0|lpm_mult:Mult1|mult_uht:auto_generated|alt_mac_mult:mac_mult39|mac_mult_2vg1:auto_generated|mult_qql:mult1             ; mult_qql      ; work         ;
;             |alt_mac_mult:mac_mult3|              ; 0 (0)       ; 0 (0)                     ; 0 (0)         ; 0           ; 0            ; 0       ; 0         ; 0    ; 0            ; 0 (0)        ; 0 (0)             ; 0 (0)            ; |hello|pollard:pollard0|lpm_mult:Mult1|mult_uht:auto_generated|alt_mac_mult:mac_mult3                                                          ; alt_mac_mult  ; work         ;
;                |mac_mult_2vg1:auto_generated|     ; 0 (0)       ; 0 (0)                     ; 0 (0)         ; 0           ; 0            ; 0       ; 0         ; 0    ; 0            ; 0 (0)        ; 0 (0)             ; 0 (0)            ; |hello|pollard:pollard0|lpm_mult:Mult1|mult_uht:auto_generated|alt_mac_mult:mac_mult3|mac_mult_2vg1:auto_generated                             ; mac_mult_2vg1 ; work         ;
;                   |mult_qql:mult1|                ; 0 (0)       ; 0 (0)                     ; 0 (0)         ; 0           ; 0            ; 0       ; 0         ; 0    ; 0            ; 0 (0)        ; 0 (0)             ; 0 (0)            ; |hello|pollard:pollard0|lpm_mult:Mult1|mult_uht:auto_generated|alt_mac_mult:mac_mult3|mac_mult_2vg1:auto_generated|mult_qql:mult1              ; mult_qql      ; work         ;
;             |alt_mac_mult:mac_mult41|             ; 0 (0)       ; 0 (0)                     ; 0 (0)         ; 0           ; 0            ; 0       ; 0         ; 0    ; 0            ; 0 (0)        ; 0 (0)             ; 0 (0)            ; |hello|pollard:pollard0|lpm_mult:Mult1|mult_uht:auto_generated|alt_mac_mult:mac_mult41                                                         ; alt_mac_mult  ; work         ;
;                |mac_mult_2vg1:auto_generated|     ; 0 (0)       ; 0 (0)                     ; 0 (0)         ; 0           ; 0            ; 0       ; 0         ; 0    ; 0            ; 0 (0)        ; 0 (0)             ; 0 (0)            ; |hello|pollard:pollard0|lpm_mult:Mult1|mult_uht:auto_generated|alt_mac_mult:mac_mult41|mac_mult_2vg1:auto_generated                            ; mac_mult_2vg1 ; work         ;
;                   |mult_qql:mult1|                ; 0 (0)       ; 0 (0)                     ; 0 (0)         ; 0           ; 0            ; 0       ; 0         ; 0    ; 0            ; 0 (0)        ; 0 (0)             ; 0 (0)            ; |hello|pollard:pollard0|lpm_mult:Mult1|mult_uht:auto_generated|alt_mac_mult:mac_mult41|mac_mult_2vg1:auto_generated|mult_qql:mult1             ; mult_qql      ; work         ;
;             |alt_mac_mult:mac_mult421|            ; 0 (0)       ; 0 (0)                     ; 0 (0)         ; 0           ; 0            ; 0       ; 0         ; 0    ; 0            ; 0 (0)        ; 0 (0)             ; 0 (0)            ; |hello|pollard:pollard0|lpm_mult:Mult1|mult_uht:auto_generated|alt_mac_mult:mac_mult421                                                        ; alt_mac_mult  ; work         ;
;                |mac_mult_8tg1:auto_generated|     ; 0 (0)       ; 0 (0)                     ; 0 (0)         ; 0           ; 0            ; 0       ; 0         ; 0    ; 0            ; 0 (0)        ; 0 (0)             ; 0 (0)            ; |hello|pollard:pollard0|lpm_mult:Mult1|mult_uht:auto_generated|alt_mac_mult:mac_mult421|mac_mult_8tg1:auto_generated                           ; mac_mult_8tg1 ; work         ;
;                   |mult_0pl:mult1|                ; 0 (0)       ; 0 (0)                     ; 0 (0)         ; 0           ; 0            ; 0       ; 0         ; 0    ; 0            ; 0 (0)        ; 0 (0)             ; 0 (0)            ; |hello|pollard:pollard0|lpm_mult:Mult1|mult_uht:auto_generated|alt_mac_mult:mac_mult421|mac_mult_8tg1:auto_generated|mult_0pl:mult1            ; mult_0pl      ; work         ;
;             |alt_mac_mult:mac_mult43|             ; 0 (0)       ; 0 (0)                     ; 0 (0)         ; 0           ; 0            ; 0       ; 0         ; 0    ; 0            ; 0 (0)        ; 0 (0)             ; 0 (0)            ; |hello|pollard:pollard0|lpm_mult:Mult1|mult_uht:auto_generated|alt_mac_mult:mac_mult43                                                         ; alt_mac_mult  ; work         ;
;                |mac_mult_2vg1:auto_generated|     ; 0 (0)       ; 0 (0)                     ; 0 (0)         ; 0           ; 0            ; 0       ; 0         ; 0    ; 0            ; 0 (0)        ; 0 (0)             ; 0 (0)            ; |hello|pollard:pollard0|lpm_mult:Mult1|mult_uht:auto_generated|alt_mac_mult:mac_mult43|mac_mult_2vg1:auto_generated                            ; mac_mult_2vg1 ; work         ;
;                   |mult_qql:mult1|                ; 0 (0)       ; 0 (0)                     ; 0 (0)         ; 0           ; 0            ; 0       ; 0         ; 0    ; 0            ; 0 (0)        ; 0 (0)             ; 0 (0)            ; |hello|pollard:pollard0|lpm_mult:Mult1|mult_uht:auto_generated|alt_mac_mult:mac_mult43|mac_mult_2vg1:auto_generated|mult_qql:mult1             ; mult_qql      ; work         ;
;             |alt_mac_mult:mac_mult45|             ; 0 (0)       ; 0 (0)                     ; 0 (0)         ; 0           ; 0            ; 0       ; 0         ; 0    ; 0            ; 0 (0)        ; 0 (0)             ; 0 (0)            ; |hello|pollard:pollard0|lpm_mult:Mult1|mult_uht:auto_generated|alt_mac_mult:mac_mult45                                                         ; alt_mac_mult  ; work         ;
;                |mac_mult_2vg1:auto_generated|     ; 0 (0)       ; 0 (0)                     ; 0 (0)         ; 0           ; 0            ; 0       ; 0         ; 0    ; 0            ; 0 (0)        ; 0 (0)             ; 0 (0)            ; |hello|pollard:pollard0|lpm_mult:Mult1|mult_uht:auto_generated|alt_mac_mult:mac_mult45|mac_mult_2vg1:auto_generated                            ; mac_mult_2vg1 ; work         ;
;                   |mult_qql:mult1|                ; 0 (0)       ; 0 (0)                     ; 0 (0)         ; 0           ; 0            ; 0       ; 0         ; 0    ; 0            ; 0 (0)        ; 0 (0)             ; 0 (0)            ; |hello|pollard:pollard0|lpm_mult:Mult1|mult_uht:auto_generated|alt_mac_mult:mac_mult45|mac_mult_2vg1:auto_generated|mult_qql:mult1             ; mult_qql      ; work         ;
;             |alt_mac_mult:mac_mult47|             ; 0 (0)       ; 0 (0)                     ; 0 (0)         ; 0           ; 0            ; 0       ; 0         ; 0    ; 0            ; 0 (0)        ; 0 (0)             ; 0 (0)            ; |hello|pollard:pollard0|lpm_mult:Mult1|mult_uht:auto_generated|alt_mac_mult:mac_mult47                                                         ; alt_mac_mult  ; work         ;
;                |mac_mult_2vg1:auto_generated|     ; 0 (0)       ; 0 (0)                     ; 0 (0)         ; 0           ; 0            ; 0       ; 0         ; 0    ; 0            ; 0 (0)        ; 0 (0)             ; 0 (0)            ; |hello|pollard:pollard0|lpm_mult:Mult1|mult_uht:auto_generated|alt_mac_mult:mac_mult47|mac_mult_2vg1:auto_generated                            ; mac_mult_2vg1 ; work         ;
;                   |mult_qql:mult1|                ; 0 (0)       ; 0 (0)                     ; 0 (0)         ; 0           ; 0            ; 0       ; 0         ; 0    ; 0            ; 0 (0)        ; 0 (0)             ; 0 (0)            ; |hello|pollard:pollard0|lpm_mult:Mult1|mult_uht:auto_generated|alt_mac_mult:mac_mult47|mac_mult_2vg1:auto_generated|mult_qql:mult1             ; mult_qql      ; work         ;
;             |alt_mac_mult:mac_mult49|             ; 0 (0)       ; 0 (0)                     ; 0 (0)         ; 0           ; 0            ; 0       ; 0         ; 0    ; 0            ; 0 (0)        ; 0 (0)             ; 0 (0)            ; |hello|pollard:pollard0|lpm_mult:Mult1|mult_uht:auto_generated|alt_mac_mult:mac_mult49                                                         ; alt_mac_mult  ; work         ;
;                |mac_mult_2vg1:auto_generated|     ; 0 (0)       ; 0 (0)                     ; 0 (0)         ; 0           ; 0            ; 0       ; 0         ; 0    ; 0            ; 0 (0)        ; 0 (0)             ; 0 (0)            ; |hello|pollard:pollard0|lpm_mult:Mult1|mult_uht:auto_generated|alt_mac_mult:mac_mult49|mac_mult_2vg1:auto_generated                            ; mac_mult_2vg1 ; work         ;
;                   |mult_qql:mult1|                ; 0 (0)       ; 0 (0)                     ; 0 (0)         ; 0           ; 0            ; 0       ; 0         ; 0    ; 0            ; 0 (0)        ; 0 (0)             ; 0 (0)            ; |hello|pollard:pollard0|lpm_mult:Mult1|mult_uht:auto_generated|alt_mac_mult:mac_mult49|mac_mult_2vg1:auto_generated|mult_qql:mult1             ; mult_qql      ; work         ;
;             |alt_mac_mult:mac_mult51|             ; 0 (0)       ; 0 (0)                     ; 0 (0)         ; 0           ; 0            ; 0       ; 0         ; 0    ; 0            ; 0 (0)        ; 0 (0)             ; 0 (0)            ; |hello|pollard:pollard0|lpm_mult:Mult1|mult_uht:auto_generated|alt_mac_mult:mac_mult51                                                         ; alt_mac_mult  ; work         ;
;                |mac_mult_2vg1:auto_generated|     ; 0 (0)       ; 0 (0)                     ; 0 (0)         ; 0           ; 0            ; 0       ; 0         ; 0    ; 0            ; 0 (0)        ; 0 (0)             ; 0 (0)            ; |hello|pollard:pollard0|lpm_mult:Mult1|mult_uht:auto_generated|alt_mac_mult:mac_mult51|mac_mult_2vg1:auto_generated                            ; mac_mult_2vg1 ; work         ;
;                   |mult_qql:mult1|                ; 0 (0)       ; 0 (0)                     ; 0 (0)         ; 0           ; 0            ; 0       ; 0         ; 0    ; 0            ; 0 (0)        ; 0 (0)             ; 0 (0)            ; |hello|pollard:pollard0|lpm_mult:Mult1|mult_uht:auto_generated|alt_mac_mult:mac_mult51|mac_mult_2vg1:auto_generated|mult_qql:mult1             ; mult_qql      ; work         ;
;             |alt_mac_mult:mac_mult53|             ; 0 (0)       ; 0 (0)                     ; 0 (0)         ; 0           ; 0            ; 0       ; 0         ; 0    ; 0            ; 0 (0)        ; 0 (0)             ; 0 (0)            ; |hello|pollard:pollard0|lpm_mult:Mult1|mult_uht:auto_generated|alt_mac_mult:mac_mult53                                                         ; alt_mac_mult  ; work         ;
;                |mac_mult_2vg1:auto_generated|     ; 0 (0)       ; 0 (0)                     ; 0 (0)         ; 0           ; 0            ; 0       ; 0         ; 0    ; 0            ; 0 (0)        ; 0 (0)             ; 0 (0)            ; |hello|pollard:pollard0|lpm_mult:Mult1|mult_uht:auto_generated|alt_mac_mult:mac_mult53|mac_mult_2vg1:auto_generated                            ; mac_mult_2vg1 ; work         ;
;                   |mult_qql:mult1|                ; 0 (0)       ; 0 (0)                     ; 0 (0)         ; 0           ; 0            ; 0       ; 0         ; 0    ; 0            ; 0 (0)        ; 0 (0)             ; 0 (0)            ; |hello|pollard:pollard0|lpm_mult:Mult1|mult_uht:auto_generated|alt_mac_mult:mac_mult53|mac_mult_2vg1:auto_generated|mult_qql:mult1             ; mult_qql      ; work         ;
;             |alt_mac_mult:mac_mult55|             ; 0 (0)       ; 0 (0)                     ; 0 (0)         ; 0           ; 0            ; 0       ; 0         ; 0    ; 0            ; 0 (0)        ; 0 (0)             ; 0 (0)            ; |hello|pollard:pollard0|lpm_mult:Mult1|mult_uht:auto_generated|alt_mac_mult:mac_mult55                                                         ; alt_mac_mult  ; work         ;
;                |mac_mult_2vg1:auto_generated|     ; 0 (0)       ; 0 (0)                     ; 0 (0)         ; 0           ; 0            ; 0       ; 0         ; 0    ; 0            ; 0 (0)        ; 0 (0)             ; 0 (0)            ; |hello|pollard:pollard0|lpm_mult:Mult1|mult_uht:auto_generated|alt_mac_mult:mac_mult55|mac_mult_2vg1:auto_generated                            ; mac_mult_2vg1 ; work         ;
;                   |mult_qql:mult1|                ; 0 (0)       ; 0 (0)                     ; 0 (0)         ; 0           ; 0            ; 0       ; 0         ; 0    ; 0            ; 0 (0)        ; 0 (0)             ; 0 (0)            ; |hello|pollard:pollard0|lpm_mult:Mult1|mult_uht:auto_generated|alt_mac_mult:mac_mult55|mac_mult_2vg1:auto_generated|mult_qql:mult1             ; mult_qql      ; work         ;
;             |alt_mac_mult:mac_mult57|             ; 0 (0)       ; 0 (0)                     ; 0 (0)         ; 0           ; 0            ; 0       ; 0         ; 0    ; 0            ; 0 (0)        ; 0 (0)             ; 0 (0)            ; |hello|pollard:pollard0|lpm_mult:Mult1|mult_uht:auto_generated|alt_mac_mult:mac_mult57                                                         ; alt_mac_mult  ; work         ;
;                |mac_mult_2vg1:auto_generated|     ; 0 (0)       ; 0 (0)                     ; 0 (0)         ; 0           ; 0            ; 0       ; 0         ; 0    ; 0            ; 0 (0)        ; 0 (0)             ; 0 (0)            ; |hello|pollard:pollard0|lpm_mult:Mult1|mult_uht:auto_generated|alt_mac_mult:mac_mult57|mac_mult_2vg1:auto_generated                            ; mac_mult_2vg1 ; work         ;
;                   |mult_qql:mult1|                ; 0 (0)       ; 0 (0)                     ; 0 (0)         ; 0           ; 0            ; 0       ; 0         ; 0    ; 0            ; 0 (0)        ; 0 (0)             ; 0 (0)            ; |hello|pollard:pollard0|lpm_mult:Mult1|mult_uht:auto_generated|alt_mac_mult:mac_mult57|mac_mult_2vg1:auto_generated|mult_qql:mult1             ; mult_qql      ; work         ;
;             |alt_mac_mult:mac_mult5|              ; 0 (0)       ; 0 (0)                     ; 0 (0)         ; 0           ; 0            ; 0       ; 0         ; 0    ; 0            ; 0 (0)        ; 0 (0)             ; 0 (0)            ; |hello|pollard:pollard0|lpm_mult:Mult1|mult_uht:auto_generated|alt_mac_mult:mac_mult5                                                          ; alt_mac_mult  ; work         ;
;                |mac_mult_2vg1:auto_generated|     ; 0 (0)       ; 0 (0)                     ; 0 (0)         ; 0           ; 0            ; 0       ; 0         ; 0    ; 0            ; 0 (0)        ; 0 (0)             ; 0 (0)            ; |hello|pollard:pollard0|lpm_mult:Mult1|mult_uht:auto_generated|alt_mac_mult:mac_mult5|mac_mult_2vg1:auto_generated                             ; mac_mult_2vg1 ; work         ;
;                   |mult_qql:mult1|                ; 0 (0)       ; 0 (0)                     ; 0 (0)         ; 0           ; 0            ; 0       ; 0         ; 0    ; 0            ; 0 (0)        ; 0 (0)             ; 0 (0)            ; |hello|pollard:pollard0|lpm_mult:Mult1|mult_uht:auto_generated|alt_mac_mult:mac_mult5|mac_mult_2vg1:auto_generated|mult_qql:mult1              ; mult_qql      ; work         ;
;             |alt_mac_mult:mac_mult61|             ; 0 (0)       ; 0 (0)                     ; 0 (0)         ; 0           ; 0            ; 0       ; 0         ; 0    ; 0            ; 0 (0)        ; 0 (0)             ; 0 (0)            ; |hello|pollard:pollard0|lpm_mult:Mult1|mult_uht:auto_generated|alt_mac_mult:mac_mult61                                                         ; alt_mac_mult  ; work         ;
;                |mac_mult_2vg1:auto_generated|     ; 0 (0)       ; 0 (0)                     ; 0 (0)         ; 0           ; 0            ; 0       ; 0         ; 0    ; 0            ; 0 (0)        ; 0 (0)             ; 0 (0)            ; |hello|pollard:pollard0|lpm_mult:Mult1|mult_uht:auto_generated|alt_mac_mult:mac_mult61|mac_mult_2vg1:auto_generated                            ; mac_mult_2vg1 ; work         ;
;                   |mult_qql:mult1|                ; 0 (0)       ; 0 (0)                     ; 0 (0)         ; 0           ; 0            ; 0       ; 0         ; 0    ; 0            ; 0 (0)        ; 0 (0)             ; 0 (0)            ; |hello|pollard:pollard0|lpm_mult:Mult1|mult_uht:auto_generated|alt_mac_mult:mac_mult61|mac_mult_2vg1:auto_generated|mult_qql:mult1             ; mult_qql      ; work         ;
;             |alt_mac_mult:mac_mult63|             ; 0 (0)       ; 0 (0)                     ; 0 (0)         ; 0           ; 0            ; 0       ; 0         ; 0    ; 0            ; 0 (0)        ; 0 (0)             ; 0 (0)            ; |hello|pollard:pollard0|lpm_mult:Mult1|mult_uht:auto_generated|alt_mac_mult:mac_mult63                                                         ; alt_mac_mult  ; work         ;
;                |mac_mult_2vg1:auto_generated|     ; 0 (0)       ; 0 (0)                     ; 0 (0)         ; 0           ; 0            ; 0       ; 0         ; 0    ; 0            ; 0 (0)        ; 0 (0)             ; 0 (0)            ; |hello|pollard:pollard0|lpm_mult:Mult1|mult_uht:auto_generated|alt_mac_mult:mac_mult63|mac_mult_2vg1:auto_generated                            ; mac_mult_2vg1 ; work         ;
;                   |mult_qql:mult1|                ; 0 (0)       ; 0 (0)                     ; 0 (0)         ; 0           ; 0            ; 0       ; 0         ; 0    ; 0            ; 0 (0)        ; 0 (0)             ; 0 (0)            ; |hello|pollard:pollard0|lpm_mult:Mult1|mult_uht:auto_generated|alt_mac_mult:mac_mult63|mac_mult_2vg1:auto_generated|mult_qql:mult1             ; mult_qql      ; work         ;
;             |alt_mac_mult:mac_mult65|             ; 0 (0)       ; 0 (0)                     ; 0 (0)         ; 0           ; 0            ; 0       ; 0         ; 0    ; 0            ; 0 (0)        ; 0 (0)             ; 0 (0)            ; |hello|pollard:pollard0|lpm_mult:Mult1|mult_uht:auto_generated|alt_mac_mult:mac_mult65                                                         ; alt_mac_mult  ; work         ;
;                |mac_mult_2vg1:auto_generated|     ; 0 (0)       ; 0 (0)                     ; 0 (0)         ; 0           ; 0            ; 0       ; 0         ; 0    ; 0            ; 0 (0)        ; 0 (0)             ; 0 (0)            ; |hello|pollard:pollard0|lpm_mult:Mult1|mult_uht:auto_generated|alt_mac_mult:mac_mult65|mac_mult_2vg1:auto_generated                            ; mac_mult_2vg1 ; work         ;
;                   |mult_qql:mult1|                ; 0 (0)       ; 0 (0)                     ; 0 (0)         ; 0           ; 0            ; 0       ; 0         ; 0    ; 0            ; 0 (0)        ; 0 (0)             ; 0 (0)            ; |hello|pollard:pollard0|lpm_mult:Mult1|mult_uht:auto_generated|alt_mac_mult:mac_mult65|mac_mult_2vg1:auto_generated|mult_qql:mult1             ; mult_qql      ; work         ;
;             |alt_mac_mult:mac_mult67|             ; 0 (0)       ; 0 (0)                     ; 0 (0)         ; 0           ; 0            ; 0       ; 0         ; 0    ; 0            ; 0 (0)        ; 0 (0)             ; 0 (0)            ; |hello|pollard:pollard0|lpm_mult:Mult1|mult_uht:auto_generated|alt_mac_mult:mac_mult67                                                         ; alt_mac_mult  ; work         ;
;                |mac_mult_2vg1:auto_generated|     ; 0 (0)       ; 0 (0)                     ; 0 (0)         ; 0           ; 0            ; 0       ; 0         ; 0    ; 0            ; 0 (0)        ; 0 (0)             ; 0 (0)            ; |hello|pollard:pollard0|lpm_mult:Mult1|mult_uht:auto_generated|alt_mac_mult:mac_mult67|mac_mult_2vg1:auto_generated                            ; mac_mult_2vg1 ; work         ;
;                   |mult_qql:mult1|                ; 0 (0)       ; 0 (0)                     ; 0 (0)         ; 0           ; 0            ; 0       ; 0         ; 0    ; 0            ; 0 (0)        ; 0 (0)             ; 0 (0)            ; |hello|pollard:pollard0|lpm_mult:Mult1|mult_uht:auto_generated|alt_mac_mult:mac_mult67|mac_mult_2vg1:auto_generated|mult_qql:mult1             ; mult_qql      ; work         ;
;             |alt_mac_mult:mac_mult69|             ; 0 (0)       ; 0 (0)                     ; 0 (0)         ; 0           ; 0            ; 0       ; 0         ; 0    ; 0            ; 0 (0)        ; 0 (0)             ; 0 (0)            ; |hello|pollard:pollard0|lpm_mult:Mult1|mult_uht:auto_generated|alt_mac_mult:mac_mult69                                                         ; alt_mac_mult  ; work         ;
;                |mac_mult_2vg1:auto_generated|     ; 0 (0)       ; 0 (0)                     ; 0 (0)         ; 0           ; 0            ; 0       ; 0         ; 0    ; 0            ; 0 (0)        ; 0 (0)             ; 0 (0)            ; |hello|pollard:pollard0|lpm_mult:Mult1|mult_uht:auto_generated|alt_mac_mult:mac_mult69|mac_mult_2vg1:auto_generated                            ; mac_mult_2vg1 ; work         ;
;                   |mult_qql:mult1|                ; 0 (0)       ; 0 (0)                     ; 0 (0)         ; 0           ; 0            ; 0       ; 0         ; 0    ; 0            ; 0 (0)        ; 0 (0)             ; 0 (0)            ; |hello|pollard:pollard0|lpm_mult:Mult1|mult_uht:auto_generated|alt_mac_mult:mac_mult69|mac_mult_2vg1:auto_generated|mult_qql:mult1             ; mult_qql      ; work         ;
;             |alt_mac_mult:mac_mult71|             ; 0 (0)       ; 0 (0)                     ; 0 (0)         ; 0           ; 0            ; 0       ; 0         ; 0    ; 0            ; 0 (0)        ; 0 (0)             ; 0 (0)            ; |hello|pollard:pollard0|lpm_mult:Mult1|mult_uht:auto_generated|alt_mac_mult:mac_mult71                                                         ; alt_mac_mult  ; work         ;
;                |mac_mult_2vg1:auto_generated|     ; 0 (0)       ; 0 (0)                     ; 0 (0)         ; 0           ; 0            ; 0       ; 0         ; 0    ; 0            ; 0 (0)        ; 0 (0)             ; 0 (0)            ; |hello|pollard:pollard0|lpm_mult:Mult1|mult_uht:auto_generated|alt_mac_mult:mac_mult71|mac_mult_2vg1:auto_generated                            ; mac_mult_2vg1 ; work         ;
;                   |mult_qql:mult1|                ; 0 (0)       ; 0 (0)                     ; 0 (0)         ; 0           ; 0            ; 0       ; 0         ; 0    ; 0            ; 0 (0)        ; 0 (0)             ; 0 (0)            ; |hello|pollard:pollard0|lpm_mult:Mult1|mult_uht:auto_generated|alt_mac_mult:mac_mult71|mac_mult_2vg1:auto_generated|mult_qql:mult1             ; mult_qql      ; work         ;
;             |alt_mac_mult:mac_mult73|             ; 0 (0)       ; 0 (0)                     ; 0 (0)         ; 0           ; 0            ; 0       ; 0         ; 0    ; 0            ; 0 (0)        ; 0 (0)             ; 0 (0)            ; |hello|pollard:pollard0|lpm_mult:Mult1|mult_uht:auto_generated|alt_mac_mult:mac_mult73                                                         ; alt_mac_mult  ; work         ;
;                |mac_mult_2vg1:auto_generated|     ; 0 (0)       ; 0 (0)                     ; 0 (0)         ; 0           ; 0            ; 0       ; 0         ; 0    ; 0            ; 0 (0)        ; 0 (0)             ; 0 (0)            ; |hello|pollard:pollard0|lpm_mult:Mult1|mult_uht:auto_generated|alt_mac_mult:mac_mult73|mac_mult_2vg1:auto_generated                            ; mac_mult_2vg1 ; work         ;
;                   |mult_qql:mult1|                ; 0 (0)       ; 0 (0)                     ; 0 (0)         ; 0           ; 0            ; 0       ; 0         ; 0    ; 0            ; 0 (0)        ; 0 (0)             ; 0 (0)            ; |hello|pollard:pollard0|lpm_mult:Mult1|mult_uht:auto_generated|alt_mac_mult:mac_mult73|mac_mult_2vg1:auto_generated|mult_qql:mult1             ; mult_qql      ; work         ;
;             |alt_mac_mult:mac_mult75|             ; 0 (0)       ; 0 (0)                     ; 0 (0)         ; 0           ; 0            ; 0       ; 0         ; 0    ; 0            ; 0 (0)        ; 0 (0)             ; 0 (0)            ; |hello|pollard:pollard0|lpm_mult:Mult1|mult_uht:auto_generated|alt_mac_mult:mac_mult75                                                         ; alt_mac_mult  ; work         ;
;                |mac_mult_2vg1:auto_generated|     ; 0 (0)       ; 0 (0)                     ; 0 (0)         ; 0           ; 0            ; 0       ; 0         ; 0    ; 0            ; 0 (0)        ; 0 (0)             ; 0 (0)            ; |hello|pollard:pollard0|lpm_mult:Mult1|mult_uht:auto_generated|alt_mac_mult:mac_mult75|mac_mult_2vg1:auto_generated                            ; mac_mult_2vg1 ; work         ;
;                   |mult_qql:mult1|                ; 0 (0)       ; 0 (0)                     ; 0 (0)         ; 0           ; 0            ; 0       ; 0         ; 0    ; 0            ; 0 (0)        ; 0 (0)             ; 0 (0)            ; |hello|pollard:pollard0|lpm_mult:Mult1|mult_uht:auto_generated|alt_mac_mult:mac_mult75|mac_mult_2vg1:auto_generated|mult_qql:mult1             ; mult_qql      ; work         ;
;             |alt_mac_mult:mac_mult77|             ; 0 (0)       ; 0 (0)                     ; 0 (0)         ; 0           ; 0            ; 0       ; 0         ; 0    ; 0            ; 0 (0)        ; 0 (0)             ; 0 (0)            ; |hello|pollard:pollard0|lpm_mult:Mult1|mult_uht:auto_generated|alt_mac_mult:mac_mult77                                                         ; alt_mac_mult  ; work         ;
;                |mac_mult_2vg1:auto_generated|     ; 0 (0)       ; 0 (0)                     ; 0 (0)         ; 0           ; 0            ; 0       ; 0         ; 0    ; 0            ; 0 (0)        ; 0 (0)             ; 0 (0)            ; |hello|pollard:pollard0|lpm_mult:Mult1|mult_uht:auto_generated|alt_mac_mult:mac_mult77|mac_mult_2vg1:auto_generated                            ; mac_mult_2vg1 ; work         ;
;                   |mult_qql:mult1|                ; 0 (0)       ; 0 (0)                     ; 0 (0)         ; 0           ; 0            ; 0       ; 0         ; 0    ; 0            ; 0 (0)        ; 0 (0)             ; 0 (0)            ; |hello|pollard:pollard0|lpm_mult:Mult1|mult_uht:auto_generated|alt_mac_mult:mac_mult77|mac_mult_2vg1:auto_generated|mult_qql:mult1             ; mult_qql      ; work         ;
;             |alt_mac_mult:mac_mult79|             ; 0 (0)       ; 0 (0)                     ; 0 (0)         ; 0           ; 0            ; 0       ; 0         ; 0    ; 0            ; 0 (0)        ; 0 (0)             ; 0 (0)            ; |hello|pollard:pollard0|lpm_mult:Mult1|mult_uht:auto_generated|alt_mac_mult:mac_mult79                                                         ; alt_mac_mult  ; work         ;
;                |mac_mult_2vg1:auto_generated|     ; 0 (0)       ; 0 (0)                     ; 0 (0)         ; 0           ; 0            ; 0       ; 0         ; 0    ; 0            ; 0 (0)        ; 0 (0)             ; 0 (0)            ; |hello|pollard:pollard0|lpm_mult:Mult1|mult_uht:auto_generated|alt_mac_mult:mac_mult79|mac_mult_2vg1:auto_generated                            ; mac_mult_2vg1 ; work         ;
;                   |mult_qql:mult1|                ; 0 (0)       ; 0 (0)                     ; 0 (0)         ; 0           ; 0            ; 0       ; 0         ; 0    ; 0            ; 0 (0)        ; 0 (0)             ; 0 (0)            ; |hello|pollard:pollard0|lpm_mult:Mult1|mult_uht:auto_generated|alt_mac_mult:mac_mult79|mac_mult_2vg1:auto_generated|mult_qql:mult1             ; mult_qql      ; work         ;
;             |alt_mac_mult:mac_mult7|              ; 0 (0)       ; 0 (0)                     ; 0 (0)         ; 0           ; 0            ; 0       ; 0         ; 0    ; 0            ; 0 (0)        ; 0 (0)             ; 0 (0)            ; |hello|pollard:pollard0|lpm_mult:Mult1|mult_uht:auto_generated|alt_mac_mult:mac_mult7                                                          ; alt_mac_mult  ; work         ;
;                |mac_mult_2vg1:auto_generated|     ; 0 (0)       ; 0 (0)                     ; 0 (0)         ; 0           ; 0            ; 0       ; 0         ; 0    ; 0            ; 0 (0)        ; 0 (0)             ; 0 (0)            ; |hello|pollard:pollard0|lpm_mult:Mult1|mult_uht:auto_generated|alt_mac_mult:mac_mult7|mac_mult_2vg1:auto_generated                             ; mac_mult_2vg1 ; work         ;
;                   |mult_qql:mult1|                ; 0 (0)       ; 0 (0)                     ; 0 (0)         ; 0           ; 0            ; 0       ; 0         ; 0    ; 0            ; 0 (0)        ; 0 (0)             ; 0 (0)            ; |hello|pollard:pollard0|lpm_mult:Mult1|mult_uht:auto_generated|alt_mac_mult:mac_mult7|mac_mult_2vg1:auto_generated|mult_qql:mult1              ; mult_qql      ; work         ;
;             |alt_mac_mult:mac_mult81|             ; 0 (0)       ; 0 (0)                     ; 0 (0)         ; 0           ; 0            ; 0       ; 0         ; 0    ; 0            ; 0 (0)        ; 0 (0)             ; 0 (0)            ; |hello|pollard:pollard0|lpm_mult:Mult1|mult_uht:auto_generated|alt_mac_mult:mac_mult81                                                         ; alt_mac_mult  ; work         ;
;                |mac_mult_2vg1:auto_generated|     ; 0 (0)       ; 0 (0)                     ; 0 (0)         ; 0           ; 0            ; 0       ; 0         ; 0    ; 0            ; 0 (0)        ; 0 (0)             ; 0 (0)            ; |hello|pollard:pollard0|lpm_mult:Mult1|mult_uht:auto_generated|alt_mac_mult:mac_mult81|mac_mult_2vg1:auto_generated                            ; mac_mult_2vg1 ; work         ;
;                   |mult_qql:mult1|                ; 0 (0)       ; 0 (0)                     ; 0 (0)         ; 0           ; 0            ; 0       ; 0         ; 0    ; 0            ; 0 (0)        ; 0 (0)             ; 0 (0)            ; |hello|pollard:pollard0|lpm_mult:Mult1|mult_uht:auto_generated|alt_mac_mult:mac_mult81|mac_mult_2vg1:auto_generated|mult_qql:mult1             ; mult_qql      ; work         ;
;             |alt_mac_mult:mac_mult83|             ; 0 (0)       ; 0 (0)                     ; 0 (0)         ; 0           ; 0            ; 0       ; 0         ; 0    ; 0            ; 0 (0)        ; 0 (0)             ; 0 (0)            ; |hello|pollard:pollard0|lpm_mult:Mult1|mult_uht:auto_generated|alt_mac_mult:mac_mult83                                                         ; alt_mac_mult  ; work         ;
;                |mac_mult_2vg1:auto_generated|     ; 0 (0)       ; 0 (0)                     ; 0 (0)         ; 0           ; 0            ; 0       ; 0         ; 0    ; 0            ; 0 (0)        ; 0 (0)             ; 0 (0)            ; |hello|pollard:pollard0|lpm_mult:Mult1|mult_uht:auto_generated|alt_mac_mult:mac_mult83|mac_mult_2vg1:auto_generated                            ; mac_mult_2vg1 ; work         ;
;                   |mult_qql:mult1|                ; 0 (0)       ; 0 (0)                     ; 0 (0)         ; 0           ; 0            ; 0       ; 0         ; 0    ; 0            ; 0 (0)        ; 0 (0)             ; 0 (0)            ; |hello|pollard:pollard0|lpm_mult:Mult1|mult_uht:auto_generated|alt_mac_mult:mac_mult83|mac_mult_2vg1:auto_generated|mult_qql:mult1             ; mult_qql      ; work         ;
;             |alt_mac_mult:mac_mult85|             ; 0 (0)       ; 0 (0)                     ; 0 (0)         ; 0           ; 0            ; 0       ; 0         ; 0    ; 0            ; 0 (0)        ; 0 (0)             ; 0 (0)            ; |hello|pollard:pollard0|lpm_mult:Mult1|mult_uht:auto_generated|alt_mac_mult:mac_mult85                                                         ; alt_mac_mult  ; work         ;
;                |mac_mult_2vg1:auto_generated|     ; 0 (0)       ; 0 (0)                     ; 0 (0)         ; 0           ; 0            ; 0       ; 0         ; 0    ; 0            ; 0 (0)        ; 0 (0)             ; 0 (0)            ; |hello|pollard:pollard0|lpm_mult:Mult1|mult_uht:auto_generated|alt_mac_mult:mac_mult85|mac_mult_2vg1:auto_generated                            ; mac_mult_2vg1 ; work         ;
;                   |mult_qql:mult1|                ; 0 (0)       ; 0 (0)                     ; 0 (0)         ; 0           ; 0            ; 0       ; 0         ; 0    ; 0            ; 0 (0)        ; 0 (0)             ; 0 (0)            ; |hello|pollard:pollard0|lpm_mult:Mult1|mult_uht:auto_generated|alt_mac_mult:mac_mult85|mac_mult_2vg1:auto_generated|mult_qql:mult1             ; mult_qql      ; work         ;
;             |alt_mac_mult:mac_mult91|             ; 0 (0)       ; 0 (0)                     ; 0 (0)         ; 0           ; 0            ; 0       ; 0         ; 0    ; 0            ; 0 (0)        ; 0 (0)             ; 0 (0)            ; |hello|pollard:pollard0|lpm_mult:Mult1|mult_uht:auto_generated|alt_mac_mult:mac_mult91                                                         ; alt_mac_mult  ; work         ;
;                |mac_mult_2vg1:auto_generated|     ; 0 (0)       ; 0 (0)                     ; 0 (0)         ; 0           ; 0            ; 0       ; 0         ; 0    ; 0            ; 0 (0)        ; 0 (0)             ; 0 (0)            ; |hello|pollard:pollard0|lpm_mult:Mult1|mult_uht:auto_generated|alt_mac_mult:mac_mult91|mac_mult_2vg1:auto_generated                            ; mac_mult_2vg1 ; work         ;
;                   |mult_qql:mult1|                ; 0 (0)       ; 0 (0)                     ; 0 (0)         ; 0           ; 0            ; 0       ; 0         ; 0    ; 0            ; 0 (0)        ; 0 (0)             ; 0 (0)            ; |hello|pollard:pollard0|lpm_mult:Mult1|mult_uht:auto_generated|alt_mac_mult:mac_mult91|mac_mult_2vg1:auto_generated|mult_qql:mult1             ; mult_qql      ; work         ;
;             |alt_mac_mult:mac_mult93|             ; 0 (0)       ; 0 (0)                     ; 0 (0)         ; 0           ; 0            ; 0       ; 0         ; 0    ; 0            ; 0 (0)        ; 0 (0)             ; 0 (0)            ; |hello|pollard:pollard0|lpm_mult:Mult1|mult_uht:auto_generated|alt_mac_mult:mac_mult93                                                         ; alt_mac_mult  ; work         ;
;                |mac_mult_2vg1:auto_generated|     ; 0 (0)       ; 0 (0)                     ; 0 (0)         ; 0           ; 0            ; 0       ; 0         ; 0    ; 0            ; 0 (0)        ; 0 (0)             ; 0 (0)            ; |hello|pollard:pollard0|lpm_mult:Mult1|mult_uht:auto_generated|alt_mac_mult:mac_mult93|mac_mult_2vg1:auto_generated                            ; mac_mult_2vg1 ; work         ;
;                   |mult_qql:mult1|                ; 0 (0)       ; 0 (0)                     ; 0 (0)         ; 0           ; 0            ; 0       ; 0         ; 0    ; 0            ; 0 (0)        ; 0 (0)             ; 0 (0)            ; |hello|pollard:pollard0|lpm_mult:Mult1|mult_uht:auto_generated|alt_mac_mult:mac_mult93|mac_mult_2vg1:auto_generated|mult_qql:mult1             ; mult_qql      ; work         ;
;             |alt_mac_mult:mac_mult95|             ; 0 (0)       ; 0 (0)                     ; 0 (0)         ; 0           ; 0            ; 0       ; 0         ; 0    ; 0            ; 0 (0)        ; 0 (0)             ; 0 (0)            ; |hello|pollard:pollard0|lpm_mult:Mult1|mult_uht:auto_generated|alt_mac_mult:mac_mult95                                                         ; alt_mac_mult  ; work         ;
;                |mac_mult_2vg1:auto_generated|     ; 0 (0)       ; 0 (0)                     ; 0 (0)         ; 0           ; 0            ; 0       ; 0         ; 0    ; 0            ; 0 (0)        ; 0 (0)             ; 0 (0)            ; |hello|pollard:pollard0|lpm_mult:Mult1|mult_uht:auto_generated|alt_mac_mult:mac_mult95|mac_mult_2vg1:auto_generated                            ; mac_mult_2vg1 ; work         ;
;                   |mult_qql:mult1|                ; 0 (0)       ; 0 (0)                     ; 0 (0)         ; 0           ; 0            ; 0       ; 0         ; 0    ; 0            ; 0 (0)        ; 0 (0)             ; 0 (0)            ; |hello|pollard:pollard0|lpm_mult:Mult1|mult_uht:auto_generated|alt_mac_mult:mac_mult95|mac_mult_2vg1:auto_generated|mult_qql:mult1             ; mult_qql      ; work         ;
;             |alt_mac_mult:mac_mult97|             ; 0 (0)       ; 0 (0)                     ; 0 (0)         ; 0           ; 0            ; 0       ; 0         ; 0    ; 0            ; 0 (0)        ; 0 (0)             ; 0 (0)            ; |hello|pollard:pollard0|lpm_mult:Mult1|mult_uht:auto_generated|alt_mac_mult:mac_mult97                                                         ; alt_mac_mult  ; work         ;
;                |mac_mult_2vg1:auto_generated|     ; 0 (0)       ; 0 (0)                     ; 0 (0)         ; 0           ; 0            ; 0       ; 0         ; 0    ; 0            ; 0 (0)        ; 0 (0)             ; 0 (0)            ; |hello|pollard:pollard0|lpm_mult:Mult1|mult_uht:auto_generated|alt_mac_mult:mac_mult97|mac_mult_2vg1:auto_generated                            ; mac_mult_2vg1 ; work         ;
;                   |mult_qql:mult1|                ; 0 (0)       ; 0 (0)                     ; 0 (0)         ; 0           ; 0            ; 0       ; 0         ; 0    ; 0            ; 0 (0)        ; 0 (0)             ; 0 (0)            ; |hello|pollard:pollard0|lpm_mult:Mult1|mult_uht:auto_generated|alt_mac_mult:mac_mult97|mac_mult_2vg1:auto_generated|mult_qql:mult1             ; mult_qql      ; work         ;
;             |alt_mac_mult:mac_mult99|             ; 0 (0)       ; 0 (0)                     ; 0 (0)         ; 0           ; 0            ; 0       ; 0         ; 0    ; 0            ; 0 (0)        ; 0 (0)             ; 0 (0)            ; |hello|pollard:pollard0|lpm_mult:Mult1|mult_uht:auto_generated|alt_mac_mult:mac_mult99                                                         ; alt_mac_mult  ; work         ;
;                |mac_mult_2vg1:auto_generated|     ; 0 (0)       ; 0 (0)                     ; 0 (0)         ; 0           ; 0            ; 0       ; 0         ; 0    ; 0            ; 0 (0)        ; 0 (0)             ; 0 (0)            ; |hello|pollard:pollard0|lpm_mult:Mult1|mult_uht:auto_generated|alt_mac_mult:mac_mult99|mac_mult_2vg1:auto_generated                            ; mac_mult_2vg1 ; work         ;
;                   |mult_qql:mult1|                ; 0 (0)       ; 0 (0)                     ; 0 (0)         ; 0           ; 0            ; 0       ; 0         ; 0    ; 0            ; 0 (0)        ; 0 (0)             ; 0 (0)            ; |hello|pollard:pollard0|lpm_mult:Mult1|mult_uht:auto_generated|alt_mac_mult:mac_mult99|mac_mult_2vg1:auto_generated|mult_qql:mult1             ; mult_qql      ; work         ;
;             |alt_mac_mult:mac_mult9|              ; 0 (0)       ; 0 (0)                     ; 0 (0)         ; 0           ; 0            ; 0       ; 0         ; 0    ; 0            ; 0 (0)        ; 0 (0)             ; 0 (0)            ; |hello|pollard:pollard0|lpm_mult:Mult1|mult_uht:auto_generated|alt_mac_mult:mac_mult9                                                          ; alt_mac_mult  ; work         ;
;                |mac_mult_2vg1:auto_generated|     ; 0 (0)       ; 0 (0)                     ; 0 (0)         ; 0           ; 0            ; 0       ; 0         ; 0    ; 0            ; 0 (0)        ; 0 (0)             ; 0 (0)            ; |hello|pollard:pollard0|lpm_mult:Mult1|mult_uht:auto_generated|alt_mac_mult:mac_mult9|mac_mult_2vg1:auto_generated                             ; mac_mult_2vg1 ; work         ;
;                   |mult_qql:mult1|                ; 0 (0)       ; 0 (0)                     ; 0 (0)         ; 0           ; 0            ; 0       ; 0         ; 0    ; 0            ; 0 (0)        ; 0 (0)             ; 0 (0)            ; |hello|pollard:pollard0|lpm_mult:Mult1|mult_uht:auto_generated|alt_mac_mult:mac_mult9|mac_mult_2vg1:auto_generated|mult_qql:mult1              ; mult_qql      ; work         ;
;       |lpm_mult:Mult2|                            ; 0 (0)       ; 0 (0)                     ; 0 (0)         ; 0           ; 0            ; 0       ; 0         ; 0    ; 0            ; 0 (0)        ; 0 (0)             ; 0 (0)            ; |hello|pollard:pollard0|lpm_mult:Mult2                                                                                                         ; lpm_mult      ; work         ;
;          |multcore:mult_core|                     ; 0 (0)       ; 0 (0)                     ; 0 (0)         ; 0           ; 0            ; 0       ; 0         ; 0    ; 0            ; 0 (0)        ; 0 (0)             ; 0 (0)            ; |hello|pollard:pollard0|lpm_mult:Mult2|multcore:mult_core                                                                                      ; multcore      ; work         ;
;             |mpar_add:padder|                     ; 0 (0)       ; 0 (0)                     ; 0 (0)         ; 0           ; 0            ; 0       ; 0         ; 0    ; 0            ; 0 (0)        ; 0 (0)             ; 0 (0)            ; |hello|pollard:pollard0|lpm_mult:Mult2|multcore:mult_core|mpar_add:padder                                                                      ; mpar_add      ; work         ;
;                |lpm_add_sub:adder[0]|             ; 0 (0)       ; 0 (0)                     ; 0 (0)         ; 0           ; 0            ; 0       ; 0         ; 0    ; 0            ; 0 (0)        ; 0 (0)             ; 0 (0)            ; |hello|pollard:pollard0|lpm_mult:Mult2|multcore:mult_core|mpar_add:padder|lpm_add_sub:adder[0]                                                 ; lpm_add_sub   ; work         ;
;                   |add_sub_egh:auto_generated|    ; 0 (0)       ; 0 (0)                     ; 0 (0)         ; 0           ; 0            ; 0       ; 0         ; 0    ; 0            ; 0 (0)        ; 0 (0)             ; 0 (0)            ; |hello|pollard:pollard0|lpm_mult:Mult2|multcore:mult_core|mpar_add:padder|lpm_add_sub:adder[0]|add_sub_egh:auto_generated                      ; add_sub_egh   ; work         ;
;                |mpar_add:sub_par_add|             ; 0 (0)       ; 0 (0)                     ; 0 (0)         ; 0           ; 0            ; 0       ; 0         ; 0    ; 0            ; 0 (0)        ; 0 (0)             ; 0 (0)            ; |hello|pollard:pollard0|lpm_mult:Mult2|multcore:mult_core|mpar_add:padder|mpar_add:sub_par_add                                                 ; mpar_add      ; work         ;
;                   |lpm_add_sub:adder[0]|          ; 0 (0)       ; 0 (0)                     ; 0 (0)         ; 0           ; 0            ; 0       ; 0         ; 0    ; 0            ; 0 (0)        ; 0 (0)             ; 0 (0)            ; |hello|pollard:pollard0|lpm_mult:Mult2|multcore:mult_core|mpar_add:padder|mpar_add:sub_par_add|lpm_add_sub:adder[0]                            ; lpm_add_sub   ; work         ;
;                      |add_sub_igh:auto_generated| ; 0 (0)       ; 0 (0)                     ; 0 (0)         ; 0           ; 0            ; 0       ; 0         ; 0    ; 0            ; 0 (0)        ; 0 (0)             ; 0 (0)            ; |hello|pollard:pollard0|lpm_mult:Mult2|multcore:mult_core|mpar_add:padder|mpar_add:sub_par_add|lpm_add_sub:adder[0]|add_sub_igh:auto_generated ; add_sub_igh   ; work         ;
;       |lpm_mult:Mult3|                            ; 0 (0)       ; 0 (0)                     ; 0 (0)         ; 0           ; 0            ; 0       ; 0         ; 0    ; 0            ; 0 (0)        ; 0 (0)             ; 0 (0)            ; |hello|pollard:pollard0|lpm_mult:Mult3                                                                                                         ; lpm_mult      ; work         ;
;          |multcore:mult_core|                     ; 0 (0)       ; 0 (0)                     ; 0 (0)         ; 0           ; 0            ; 0       ; 0         ; 0    ; 0            ; 0 (0)        ; 0 (0)             ; 0 (0)            ; |hello|pollard:pollard0|lpm_mult:Mult3|multcore:mult_core                                                                                      ; multcore      ; work         ;
;             |mpar_add:padder|                     ; 0 (0)       ; 0 (0)                     ; 0 (0)         ; 0           ; 0            ; 0       ; 0         ; 0    ; 0            ; 0 (0)        ; 0 (0)             ; 0 (0)            ; |hello|pollard:pollard0|lpm_mult:Mult3|multcore:mult_core|mpar_add:padder                                                                      ; mpar_add      ; work         ;
;                |lpm_add_sub:adder[0]|             ; 0 (0)       ; 0 (0)                     ; 0 (0)         ; 0           ; 0            ; 0       ; 0         ; 0    ; 0            ; 0 (0)        ; 0 (0)             ; 0 (0)            ; |hello|pollard:pollard0|lpm_mult:Mult3|multcore:mult_core|mpar_add:padder|lpm_add_sub:adder[0]                                                 ; lpm_add_sub   ; work         ;
;                   |add_sub_egh:auto_generated|    ; 0 (0)       ; 0 (0)                     ; 0 (0)         ; 0           ; 0            ; 0       ; 0         ; 0    ; 0            ; 0 (0)        ; 0 (0)             ; 0 (0)            ; |hello|pollard:pollard0|lpm_mult:Mult3|multcore:mult_core|mpar_add:padder|lpm_add_sub:adder[0]|add_sub_egh:auto_generated                      ; add_sub_egh   ; work         ;
;       |lpm_mult:Mult4|                            ; 0 (0)       ; 0 (0)                     ; 0 (0)         ; 0           ; 0            ; 0       ; 0         ; 0    ; 0            ; 0 (0)        ; 0 (0)             ; 0 (0)            ; |hello|pollard:pollard0|lpm_mult:Mult4                                                                                                         ; lpm_mult      ; work         ;
;          |multcore:mult_core|                     ; 0 (0)       ; 0 (0)                     ; 0 (0)         ; 0           ; 0            ; 0       ; 0         ; 0    ; 0            ; 0 (0)        ; 0 (0)             ; 0 (0)            ; |hello|pollard:pollard0|lpm_mult:Mult4|multcore:mult_core                                                                                      ; multcore      ; work         ;
;             |mpar_add:padder|                     ; 0 (0)       ; 0 (0)                     ; 0 (0)         ; 0           ; 0            ; 0       ; 0         ; 0    ; 0            ; 0 (0)        ; 0 (0)             ; 0 (0)            ; |hello|pollard:pollard0|lpm_mult:Mult4|multcore:mult_core|mpar_add:padder                                                                      ; mpar_add      ; work         ;
;                |lpm_add_sub:adder[0]|             ; 0 (0)       ; 0 (0)                     ; 0 (0)         ; 0           ; 0            ; 0       ; 0         ; 0    ; 0            ; 0 (0)        ; 0 (0)             ; 0 (0)            ; |hello|pollard:pollard0|lpm_mult:Mult4|multcore:mult_core|mpar_add:padder|lpm_add_sub:adder[0]                                                 ; lpm_add_sub   ; work         ;
;                   |add_sub_fgh:auto_generated|    ; 0 (0)       ; 0 (0)                     ; 0 (0)         ; 0           ; 0            ; 0       ; 0         ; 0    ; 0            ; 0 (0)        ; 0 (0)             ; 0 (0)            ; |hello|pollard:pollard0|lpm_mult:Mult4|multcore:mult_core|mpar_add:padder|lpm_add_sub:adder[0]|add_sub_fgh:auto_generated                      ; add_sub_fgh   ; work         ;
;                |mpar_add:sub_par_add|             ; 0 (0)       ; 0 (0)                     ; 0 (0)         ; 0           ; 0            ; 0       ; 0         ; 0    ; 0            ; 0 (0)        ; 0 (0)             ; 0 (0)            ; |hello|pollard:pollard0|lpm_mult:Mult4|multcore:mult_core|mpar_add:padder|mpar_add:sub_par_add                                                 ; mpar_add      ; work         ;
;                   |lpm_add_sub:adder[0]|          ; 0 (0)       ; 0 (0)                     ; 0 (0)         ; 0           ; 0            ; 0       ; 0         ; 0    ; 0            ; 0 (0)        ; 0 (0)             ; 0 (0)            ; |hello|pollard:pollard0|lpm_mult:Mult4|multcore:mult_core|mpar_add:padder|mpar_add:sub_par_add|lpm_add_sub:adder[0]                            ; lpm_add_sub   ; work         ;
;                      |add_sub_jgh:auto_generated| ; 0 (0)       ; 0 (0)                     ; 0 (0)         ; 0           ; 0            ; 0       ; 0         ; 0    ; 0            ; 0 (0)        ; 0 (0)             ; 0 (0)            ; |hello|pollard:pollard0|lpm_mult:Mult4|multcore:mult_core|mpar_add:padder|mpar_add:sub_par_add|lpm_add_sub:adder[0]|add_sub_jgh:auto_generated ; add_sub_jgh   ; work         ;
;       |lpm_mult:Mult5|                            ; 0 (0)       ; 0 (0)                     ; 0 (0)         ; 0           ; 0            ; 0       ; 0         ; 0    ; 0            ; 0 (0)        ; 0 (0)             ; 0 (0)            ; |hello|pollard:pollard0|lpm_mult:Mult5                                                                                                         ; lpm_mult      ; work         ;
;          |multcore:mult_core|                     ; 0 (0)       ; 0 (0)                     ; 0 (0)         ; 0           ; 0            ; 0       ; 0         ; 0    ; 0            ; 0 (0)        ; 0 (0)             ; 0 (0)            ; |hello|pollard:pollard0|lpm_mult:Mult5|multcore:mult_core                                                                                      ; multcore      ; work         ;
;             |mpar_add:padder|                     ; 0 (0)       ; 0 (0)                     ; 0 (0)         ; 0           ; 0            ; 0       ; 0         ; 0    ; 0            ; 0 (0)        ; 0 (0)             ; 0 (0)            ; |hello|pollard:pollard0|lpm_mult:Mult5|multcore:mult_core|mpar_add:padder                                                                      ; mpar_add      ; work         ;
;                |lpm_add_sub:adder[0]|             ; 0 (0)       ; 0 (0)                     ; 0 (0)         ; 0           ; 0            ; 0       ; 0         ; 0    ; 0            ; 0 (0)        ; 0 (0)             ; 0 (0)            ; |hello|pollard:pollard0|lpm_mult:Mult5|multcore:mult_core|mpar_add:padder|lpm_add_sub:adder[0]                                                 ; lpm_add_sub   ; work         ;
;                   |add_sub_fgh:auto_generated|    ; 0 (0)       ; 0 (0)                     ; 0 (0)         ; 0           ; 0            ; 0       ; 0         ; 0    ; 0            ; 0 (0)        ; 0 (0)             ; 0 (0)            ; |hello|pollard:pollard0|lpm_mult:Mult5|multcore:mult_core|mpar_add:padder|lpm_add_sub:adder[0]|add_sub_fgh:auto_generated                      ; add_sub_fgh   ; work         ;
;                |mpar_add:sub_par_add|             ; 0 (0)       ; 0 (0)                     ; 0 (0)         ; 0           ; 0            ; 0       ; 0         ; 0    ; 0            ; 0 (0)        ; 0 (0)             ; 0 (0)            ; |hello|pollard:pollard0|lpm_mult:Mult5|multcore:mult_core|mpar_add:padder|mpar_add:sub_par_add                                                 ; mpar_add      ; work         ;
;                   |lpm_add_sub:adder[0]|          ; 0 (0)       ; 0 (0)                     ; 0 (0)         ; 0           ; 0            ; 0       ; 0         ; 0    ; 0            ; 0 (0)        ; 0 (0)             ; 0 (0)            ; |hello|pollard:pollard0|lpm_mult:Mult5|multcore:mult_core|mpar_add:padder|mpar_add:sub_par_add|lpm_add_sub:adder[0]                            ; lpm_add_sub   ; work         ;
;                      |add_sub_jgh:auto_generated| ; 0 (0)       ; 0 (0)                     ; 0 (0)         ; 0           ; 0            ; 0       ; 0         ; 0    ; 0            ; 0 (0)        ; 0 (0)             ; 0 (0)            ; |hello|pollard:pollard0|lpm_mult:Mult5|multcore:mult_core|mpar_add:padder|mpar_add:sub_par_add|lpm_add_sub:adder[0]|add_sub_jgh:auto_generated ; add_sub_jgh   ; work         ;
;    |uart_transmit:uart0|                          ; 0 (0)       ; 14 (14)                   ; 0 (0)         ; 0           ; 0            ; 0       ; 0         ; 0    ; 0            ; 0 (0)        ; 0 (0)             ; 0 (0)            ; |hello|uart_transmit:uart0                                                                                                                     ; uart_transmit ; work         ;
+---------------------------------------------------+-------------+---------------------------+---------------+-------------+--------------+---------+-----------+------+--------------+--------------+-------------------+------------------+------------------------------------------------------------------------------------------------------------------------------------------------+---------------+--------------+
Note: For table entries with two numbers listed, the numbers in parentheses indicate the number of resources of the given type used by the specific entity alone. The numbers listed outside of parentheses indicate the total resources of the given type used by the specific entity and all of its sub-entities in the hierarchy.


+-----------------------------------------------------------------------------------------+
; Delay Chain Summary                                                                     ;
+---------+----------+---------------+---------------+-----------------------+-----+------+
; Name    ; Pin Type ; Pad to Core 0 ; Pad to Core 1 ; Pad to Input Register ; TCO ; TCOE ;
+---------+----------+---------------+---------------+-----------------------+-----+------+
; leds[0] ; Output   ; --            ; --            ; --                    ; --  ; --   ;
; leds[1] ; Output   ; --            ; --            ; --                    ; --  ; --   ;
; leds[2] ; Output   ; --            ; --            ; --                    ; --  ; --   ;
; leds[3] ; Output   ; --            ; --            ; --                    ; --  ; --   ;
; tx      ; Output   ; --            ; --            ; --                    ; --  ; --   ;
; reset   ; Input    ; 0             ; --            ; --                    ; --  ; --   ;
; clk     ; Input    ; 0             ; --            ; --                    ; --  ; --   ;
+---------+----------+---------------+---------------+-----------------------+-----+------+


+---------------------------------------------------+
; Pad To Core Delay Chain Fanout                    ;
+---------------------+-------------------+---------+
; Source Pin / Fanout ; Pad To Core Index ; Setting ;
+---------------------+-------------------+---------+
; reset               ;                   ;         ;
; clk                 ;                   ;         ;
+---------------------+-------------------+---------+


+---------------------------------------------------------------------------------------------------------------------------------------------------------------------------------------------------------+
; Control Signals                                                                                                                                                                                         ;
+---------------------------------------------+------------+---------+-----------------------------------------------------+--------+----------------------+------------------+---------------------------+
; Name                                        ; Location   ; Fan-Out ; Usage                                               ; Global ; Global Resource Used ; Global Line Name ; Enable Signal Source Name ;
+---------------------------------------------+------------+---------+-----------------------------------------------------+--------+----------------------+------------------+---------------------------+
; LessThan0~7                                 ; Unassigned ; 34      ; Sync. clear                                         ; no     ; --                   ; --               ; --                        ;
; altpll:PLL|altpll_5co:auto_generated|clk[0] ; PLL_2      ; 14      ; Clock                                               ; yes    ; Global Clock         ; Not Available    ; --                        ;
; altpll:PLL|altpll_5co:auto_generated|clk[1] ; PLL_2      ; 1475    ; Clock                                               ; yes    ; Global Clock         ; Not Available    ; --                        ;
; clk                                         ; Unassigned ; 41      ; Clock                                               ; yes    ; Global Clock         ; Not Available    ; --                        ;
; clk                                         ; Unassigned ; 2       ; Clock                                               ; no     ; --                   ; --               ; --                        ;
; data_tx[7]~0                                ; Unassigned ; 8       ; Clock enable                                        ; no     ; --                   ; --               ; --                        ;
; pollard:pollard0|LessThan2~510              ; Unassigned ; 128     ; Sync. load                                          ; no     ; --                   ; --               ; --                        ;
; pollard:pollard0|diff[127]~142              ; Unassigned ; 128     ; Clock enable                                        ; no     ; --                   ; --               ; --                        ;
; pollard:pollard0|gcd:gcd0|gcd_stop          ; Unassigned ; 7       ; Sync. load                                          ; no     ; --                   ; --               ; --                        ;
; pollard:pollard0|gcd:gcd0|res[98]~142       ; Unassigned ; 128     ; Clock enable                                        ; no     ; --                   ; --               ; --                        ;
; pollard:pollard0|gcd:gcd0|xx[0]~142         ; Unassigned ; 128     ; Clock enable                                        ; no     ; --                   ; --               ; --                        ;
; pollard:pollard0|gcd_start                  ; Unassigned ; 260     ; Sync. clear, Sync. load                             ; no     ; --                   ; --               ; --                        ;
; pollard:pollard0|mx[255]~238                ; Unassigned ; 256     ; Clock enable                                        ; no     ; --                   ; --               ; --                        ;
; pollard:pollard0|my[255]~238                ; Unassigned ; 255     ; Clock enable                                        ; no     ; --                   ; --               ; --                        ;
; pollard:pollard0|tx[12]~0                   ; Unassigned ; 15      ; Clock enable                                        ; no     ; --                   ; --               ; --                        ;
; pollard:pollard0|ty[11]~10                  ; Unassigned ; 15      ; Clock enable                                        ; no     ; --                   ; --               ; --                        ;
; pollard:pollard0|ty[14]~9                   ; Unassigned ; 12      ; Sync. load                                          ; no     ; --                   ; --               ; --                        ;
; pollard:pollard0|x[0]~3                     ; Unassigned ; 270     ; Clock enable                                        ; no     ; --                   ; --               ; --                        ;
; pollard:pollard0|y[0]~8                     ; Unassigned ; 255     ; Clock enable                                        ; no     ; --                   ; --               ; --                        ;
; reset                                       ; Unassigned ; 549     ; Async. clear, Clock enable, Sync. clear, Sync. load ; no     ; --                   ; --               ; --                        ;
; s[13]~86                                    ; Unassigned ; 32      ; Clock enable                                        ; no     ; --                   ; --               ; --                        ;
; uart_transmit:uart0|counter[3]~25           ; Unassigned ; 8       ; Sync. clear                                         ; no     ; --                   ; --               ; --                        ;
; uart_transmit:uart0|counter[3]~26           ; Unassigned ; 8       ; Clock enable                                        ; no     ; --                   ; --               ; --                        ;
+---------------------------------------------+------------+---------+-----------------------------------------------------+--------+----------------------+------------------+---------------------------+


+---------------------------------------------------------------------------------------------------------------------------------------------------------------------------------+
; Global & Other Fast Signals                                                                                                                                                     ;
+---------------------------------------------+------------+---------+--------------------------------------+----------------------+------------------+---------------------------+
; Name                                        ; Location   ; Fan-Out ; Fan-Out Using Intentional Clock Skew ; Global Resource Used ; Global Line Name ; Enable Signal Source Name ;
+---------------------------------------------+------------+---------+--------------------------------------+----------------------+------------------+---------------------------+
; altpll:PLL|altpll_5co:auto_generated|clk[0] ; PLL_2      ; 14      ; 0                                    ; Global Clock         ; Not Available    ; --                        ;
; altpll:PLL|altpll_5co:auto_generated|clk[1] ; PLL_2      ; 1475    ; 0                                    ; Global Clock         ; Not Available    ; --                        ;
; clk                                         ; Unassigned ; 41      ; 0                                    ; Global Clock         ; Not Available    ; --                        ;
+---------------------------------------------+------------+---------+--------------------------------------+----------------------+------------------+---------------------------+


+---------------------------------------+
; Non-Global High Fan-Out Signals       ;
+-----------------------------+---------+
; Name                        ; Fan-Out ;
+-----------------------------+---------+
; pollard:pollard0|y[1]       ; 646     ;
; pollard:pollard0|y[19]      ; 603     ;
; pollard:pollard0|y[37]      ; 558     ;
; reset~input                 ; 549     ;
; pollard:pollard0|y[0]       ; 544     ;
; pollard:pollard0|x[1]       ; 518     ;
; pollard:pollard0|y[55]      ; 513     ;
; pollard:pollard0|state.1100 ; 506     ;
; pollard:pollard0|y[18]      ; 506     ;
+-----------------------------+---------+


+-----------------------------------------------------------------------------------------------+
; Fitter DSP Block Usage Summary                                                                ;
+---------------------------------------+-------------+---------------------+-------------------+
; Statistic                             ; Number Used ; Available per Block ; Maximum Available ;
+---------------------------------------+-------------+---------------------+-------------------+
; Simple Multipliers (9-bit)            ; 0           ; 2                   ; 30                ;
; Simple Multipliers (18-bit)           ; 15          ; 1                   ; 15                ;
; Embedded Multiplier Blocks            ; --          ; --                  ; 15                ;
; Embedded Multiplier 9-bit elements    ; 30          ; 2                   ; 30                ;
; Signed Embedded Multipliers           ; 0           ; --                  ; --                ;
; Unsigned Embedded Multipliers         ; 15          ; --                  ; --                ;
; Mixed Sign Embedded Multipliers       ; 0           ; --                  ; --                ;
; Variable Sign Embedded Multipliers    ; 0           ; --                  ; --                ;
; Dedicated Input Shift Register Chains ; 0           ; --                  ; --                ;
+---------------------------------------+-------------+---------------------+-------------------+
Note: number of Embedded Multiplier Blocks used is only available after a successful fit.


+---------------------------------------------------------------------------------------------------------------------------------------------------------------------------------------------------------------------------------------------------------------+
; DSP Block Details                                                                                                                                                                                                                                             ;
+------------------------------------------------------------------------+----------------------------+------------+---------------------+--------------------------------+-----------------------+-----------------------+-------------------+-----------------+
; Name                                                                   ; Mode                       ; Location   ; Sign Representation ; Has Input Shift Register Chain ; Data A Input Register ; Data B Input Register ; Pipeline Register ; Output Register ;
+------------------------------------------------------------------------+----------------------------+------------+---------------------+--------------------------------+-----------------------+-----------------------+-------------------+-----------------+
; pollard:pollard0|lpm_mult:Mult0|mult_uht:auto_generated|mac_out52      ; Simple Multiplier (18-bit) ; Unassigned ;                     ; No                             ;                       ;                       ;                   ; no              ;
;    pollard:pollard0|lpm_mult:Mult0|mult_uht:auto_generated|mac_mult51  ;                            ; Unassigned ; Unsigned            ;                                ; yes                   ; yes                   ; no                ;                 ;
; pollard:pollard0|lpm_mult:Mult0|mult_uht:auto_generated|mac_out276     ; Simple Multiplier (18-bit) ; Unassigned ;                     ; No                             ;                       ;                       ;                   ; no              ;
;    pollard:pollard0|lpm_mult:Mult0|mult_uht:auto_generated|mac_mult275 ;                            ; Unassigned ; Unsigned            ;                                ; yes                   ; yes                   ; no                ;                 ;
; pollard:pollard0|lpm_mult:Mult0|mult_uht:auto_generated|mac_out50      ; Simple Multiplier (18-bit) ; Unassigned ;                     ; No                             ;                       ;                       ;                   ; no              ;
;    pollard:pollard0|lpm_mult:Mult0|mult_uht:auto_generated|mac_mult49  ;                            ; Unassigned ; Unsigned            ;                                ; yes                   ; yes                   ; no                ;                 ;
; pollard:pollard0|lpm_mult:Mult0|mult_uht:auto_generated|mac_out274     ; Simple Multiplier (18-bit) ; Unassigned ;                     ; No                             ;                       ;                       ;                   ; no              ;
;    pollard:pollard0|lpm_mult:Mult0|mult_uht:auto_generated|mac_mult273 ;                            ; Unassigned ; Unsigned            ;                                ; yes                   ; yes                   ; no                ;                 ;
; pollard:pollard0|lpm_mult:Mult0|mult_uht:auto_generated|mac_out80      ; Simple Multiplier (18-bit) ; Unassigned ;                     ; No                             ;                       ;                       ;                   ; no              ;
;    pollard:pollard0|lpm_mult:Mult0|mult_uht:auto_generated|mac_mult79  ;                            ; Unassigned ; Unsigned            ;                                ; yes                   ; yes                   ; no                ;                 ;
; pollard:pollard0|lpm_mult:Mult0|mult_uht:auto_generated|mac_out304     ; Simple Multiplier (18-bit) ; Unassigned ;                     ; No                             ;                       ;                       ;                   ; no              ;
;    pollard:pollard0|lpm_mult:Mult0|mult_uht:auto_generated|mac_mult303 ;                            ; Unassigned ; Unsigned            ;                                ; yes                   ; yes                   ; no                ;                 ;
; pollard:pollard0|lpm_mult:Mult0|mult_uht:auto_generated|mac_out22      ; Simple Multiplier (18-bit) ; Unassigned ;                     ; No                             ;                       ;                       ;                   ; no              ;
;    pollard:pollard0|lpm_mult:Mult0|mult_uht:auto_generated|mac_mult21  ;                            ; Unassigned ; Unsigned            ;                                ; no                    ; yes                   ; no                ;                 ;
; pollard:pollard0|lpm_mult:Mult0|mult_uht:auto_generated|mac_out248     ; Simple Multiplier (18-bit) ; Unassigned ;                     ; No                             ;                       ;                       ;                   ; no              ;
;    pollard:pollard0|lpm_mult:Mult0|mult_uht:auto_generated|mac_mult247 ;                            ; Unassigned ; Unsigned            ;                                ; yes                   ; yes                   ; no                ;                 ;
; pollard:pollard0|lpm_mult:Mult0|mult_uht:auto_generated|mac_out20      ; Simple Multiplier (18-bit) ; Unassigned ;                     ; No                             ;                       ;                       ;                   ; no              ;
;    pollard:pollard0|lpm_mult:Mult0|mult_uht:auto_generated|mac_mult19  ;                            ; Unassigned ; Unsigned            ;                                ; no                    ; yes                   ; no                ;                 ;
; pollard:pollard0|lpm_mult:Mult0|mult_uht:auto_generated|mac_out246     ; Simple Multiplier (18-bit) ; Unassigned ;                     ; No                             ;                       ;                       ;                   ; no              ;
;    pollard:pollard0|lpm_mult:Mult0|mult_uht:auto_generated|mac_mult245 ;                            ; Unassigned ; Unsigned            ;                                ; yes                   ; yes                   ; no                ;                 ;
; pollard:pollard0|lpm_mult:Mult0|mult_uht:auto_generated|mac_out18      ; Simple Multiplier (18-bit) ; Unassigned ;                     ; No                             ;                       ;                       ;                   ; no              ;
;    pollard:pollard0|lpm_mult:Mult0|mult_uht:auto_generated|mac_mult17  ;                            ; Unassigned ; Unsigned            ;                                ; no                    ; yes                   ; no                ;                 ;
; pollard:pollard0|lpm_mult:Mult0|mult_uht:auto_generated|mac_out244     ; Simple Multiplier (18-bit) ; Unassigned ;                     ; No                             ;                       ;                       ;                   ; no              ;
;    pollard:pollard0|lpm_mult:Mult0|mult_uht:auto_generated|mac_mult243 ;                            ; Unassigned ; Unsigned            ;                                ; yes                   ; yes                   ; no                ;                 ;
; pollard:pollard0|lpm_mult:Mult0|mult_uht:auto_generated|mac_out272     ; Simple Multiplier (18-bit) ; Unassigned ;                     ; No                             ;                       ;                       ;                   ; no              ;
;    pollard:pollard0|lpm_mult:Mult0|mult_uht:auto_generated|mac_mult271 ;                            ; Unassigned ; Unsigned            ;                                ; yes                   ; no                    ; no                ;                 ;
; pollard:pollard0|lpm_mult:Mult0|mult_uht:auto_generated|mac_out302     ; Simple Multiplier (18-bit) ; Unassigned ;                     ; No                             ;                       ;                       ;                   ; no              ;
;    pollard:pollard0|lpm_mult:Mult0|mult_uht:auto_generated|mac_mult301 ;                            ; Unassigned ; Unsigned            ;                                ; yes                   ; no                    ; no                ;                 ;
; pollard:pollard0|lpm_mult:Mult0|mult_uht:auto_generated|mac_out242     ; Simple Multiplier (18-bit) ; Unassigned ;                     ; No                             ;                       ;                       ;                   ; no              ;
;    pollard:pollard0|lpm_mult:Mult0|mult_uht:auto_generated|mac_mult241 ;                            ; Unassigned ; Unsigned            ;                                ; yes                   ; no                    ; no                ;                 ;
+------------------------------------------------------------------------+----------------------------+------------+---------------------+--------------------------------+-----------------------+-----------------------+-------------------+-----------------+


+------------------------------------------+
; I/O Rules Summary                        ;
+----------------------------------+-------+
; I/O Rules Statistic              ; Total ;
+----------------------------------+-------+
; Total I/O Rules                  ; 30    ;
; Number of I/O Rules Passed       ; 12    ;
; Number of I/O Rules Failed       ; 0     ;
; Number of I/O Rules Unchecked    ; 0     ;
; Number of I/O Rules Inapplicable ; 18    ;
+----------------------------------+-------+


+-----------------------------------------------------------------------------------------------------------------------------------------------------------------------------------------------------------------------------------------------------------------------------------------------------+
; I/O Rules Details                                                                                                                                                                                                                                                                                   ;
+--------------+-----------+-----------------------------------+------------------------------------------------------------------------------------------------------+----------+--------------------------------------------------------------------------+---------------------+-------------------+
; Status       ; ID        ; Category                          ; Rule Description                                                                                     ; Severity ; Information                                                              ; Area                ; Extra Information ;
+--------------+-----------+-----------------------------------+------------------------------------------------------------------------------------------------------+----------+--------------------------------------------------------------------------+---------------------+-------------------+
; Inapplicable ; IO_000002 ; Capacity Checks                   ; Number of clocks in an I/O bank should not exceed the number of clocks available.                    ; Critical ; No Global Signal assignments found.                                      ; I/O                 ;                   ;
; Pass         ; IO_000001 ; Capacity Checks                   ; Number of pins in an I/O bank should not exceed the number of locations available.                   ; Critical ; 0 such failures found.                                                   ; I/O                 ;                   ;
; Pass         ; IO_000003 ; Capacity Checks                   ; Number of pins in a Vrefgroup should not exceed the number of locations available.                   ; Critical ; 0 such failures found.                                                   ; I/O                 ;                   ;
; Inapplicable ; IO_000004 ; Voltage Compatibility Checks      ; The I/O bank should support the requested VCCIO.                                                     ; Critical ; No IOBANK_VCCIO assignments found.                                       ; I/O                 ;                   ;
; Inapplicable ; IO_000005 ; Voltage Compatibility Checks      ; The I/O bank should not have competing VREF values.                                                  ; Critical ; No VREF I/O Standard assignments found.                                  ; I/O                 ;                   ;
; Pass         ; IO_000006 ; Voltage Compatibility Checks      ; The I/O bank should not have competing VCCIO values.                                                 ; Critical ; 0 such failures found.                                                   ; I/O                 ;                   ;
; Pass         ; IO_000007 ; Valid Location Checks             ; Checks for unavailable locations.                                                                    ; Critical ; 0 such failures found.                                                   ; I/O                 ;                   ;
; Inapplicable ; IO_000008 ; Valid Location Checks             ; Checks for reserved locations.                                                                       ; Critical ; No reserved LogicLock region found.                                      ; I/O                 ;                   ;
; Inapplicable ; IO_000047 ; I/O Properties Checks for One I/O ; On Chip Termination and Slew Rate should not be used at the same time.                               ; Critical ; No Slew Rate assignments found.                                          ; I/O                 ;                   ;
; Inapplicable ; IO_000046 ; I/O Properties Checks for One I/O ; The location should support the requested Slew Rate value.                                           ; Critical ; No Slew Rate assignments found.                                          ; I/O                 ;                   ;
; Inapplicable ; IO_000045 ; I/O Properties Checks for One I/O ; The I/O standard should support the requested Slew Rate value.                                       ; Critical ; No Slew Rate assignments found.                                          ; I/O                 ;                   ;
; Inapplicable ; IO_000027 ; I/O Properties Checks for One I/O ; Weak Pull Up and Bus Hold should not be used at the same time.                                       ; Critical ; No Enable Bus-Hold Circuitry or Weak Pull-Up Resistor assignments found. ; I/O                 ;                   ;
; Inapplicable ; IO_000026 ; I/O Properties Checks for One I/O ; On Chip Termination and Current Strength should not be used at the same time.                        ; Critical ; No Current Strength assignments found.                                   ; I/O                 ;                   ;
; Pass         ; IO_000024 ; I/O Properties Checks for One I/O ; The I/O direction should support the On Chip Termination value.                                      ; Critical ; 0 such failures found.                                                   ; I/O                 ;                   ;
; Inapplicable ; IO_000023 ; I/O Properties Checks for One I/O ; The I/O standard should support the Open Drain value.                                                ; Critical ; No open drain assignments found.                                         ; I/O                 ;                   ;
; Inapplicable ; IO_000022 ; I/O Properties Checks for One I/O ; The I/O standard should support the requested Bus Hold value.                                        ; Critical ; No Enable Bus-Hold Circuitry assignments found.                          ; I/O                 ;                   ;
; Inapplicable ; IO_000021 ; I/O Properties Checks for One I/O ; The I/O standard should support the requested Weak Pull Up value.                                    ; Critical ; No Weak Pull-Up Resistor assignments found.                              ; I/O                 ;                   ;
; Pass         ; IO_000020 ; I/O Properties Checks for One I/O ; The I/O standard should support the requested PCI Clamp Diode.                                       ; Critical ; 0 such failures found.                                                   ; I/O                 ;                   ;
; Pass         ; IO_000019 ; I/O Properties Checks for One I/O ; The I/O standard should support the requested On Chip Termination value.                             ; Critical ; 0 such failures found.                                                   ; I/O                 ;                   ;
; Inapplicable ; IO_000018 ; I/O Properties Checks for One I/O ; The I/O standard should support the requested Current Strength.                                      ; Critical ; No Current Strength assignments found.                                   ; I/O                 ;                   ;
; Pass         ; IO_000015 ; I/O Properties Checks for One I/O ; The location should support the requested PCI Clamp Diode.                                           ; Critical ; 0 such failures found.                                                   ; I/O                 ;                   ;
; Inapplicable ; IO_000014 ; I/O Properties Checks for One I/O ; The location should support the requested Weak Pull Up value.                                        ; Critical ; No Weak Pull-Up Resistor assignments found.                              ; I/O                 ;                   ;
; Inapplicable ; IO_000013 ; I/O Properties Checks for One I/O ; The location should support the requested Bus Hold value.                                            ; Critical ; No Enable Bus-Hold Circuitry assignments found.                          ; I/O                 ;                   ;
; Pass         ; IO_000012 ; I/O Properties Checks for One I/O ; The location should support the requested On Chip Termination value.                                 ; Critical ; 0 such failures found.                                                   ; I/O                 ;                   ;
; Inapplicable ; IO_000011 ; I/O Properties Checks for One I/O ; The location should support the requested Current Strength.                                          ; Critical ; No Current Strength assignments found.                                   ; I/O                 ;                   ;
; Pass         ; IO_000010 ; I/O Properties Checks for One I/O ; The location should support the requested I/O direction.                                             ; Critical ; 0 such failures found.                                                   ; I/O                 ;                   ;
; Pass         ; IO_000009 ; I/O Properties Checks for One I/O ; The location should support the requested I/O standard.                                              ; Critical ; 0 such failures found.                                                   ; I/O                 ;                   ;
; Pass         ; IO_000033 ; Electromigration Checks           ; Current density for consecutive I/Os should not exceed 240mA for row I/Os and 240mA for column I/Os. ; Critical ; 0 such failures found.                                                   ; I/O                 ;                   ;
; Inapplicable ; IO_000034 ; SI Related Distance Checks        ; Single-ended outputs should be 5 LAB row(s) away from a differential I/O.                            ; High     ; No Differential I/O Standard assignments found.                          ; I/O                 ;                   ;
; Inapplicable ; IO_000042 ; SI Related SSO Limit Checks       ; No more than 20 outputs are allowed in a VREF group when VREF is being read from.                    ; High     ; No VREF I/O Standard assignments found.                                  ; I/O                 ;                   ;
; ----         ; ----      ; Disclaimer                        ; OCT rules are checked but not reported.                                                              ; None     ; ----                                                                     ; On Chip Termination ;                   ;
+--------------+-----------+-----------------------------------+------------------------------------------------------------------------------------------------------+----------+--------------------------------------------------------------------------+---------------------+-------------------+


+-----------------------------------------------------------------------------------------------------------------------------------------------------------------------------------------------------------------------------------------------------------------------------------------------------------------------------------------------------------------------------------------------------------------------------------------------------------------+
; I/O Rules Matrix                                                                                                                                                                                                                                                                                                                                                                                                                                                ;
+--------------------+--------------+-----------+-----------+--------------+--------------+-----------+-----------+--------------+--------------+--------------+--------------+--------------+--------------+--------------+--------------+--------------+--------------+--------------+--------------+--------------+--------------+--------------+--------------+--------------+--------------+-----------+-----------+-----------+--------------+--------------+
; Pin/Rules          ; IO_000002    ; IO_000001 ; IO_000003 ; IO_000004    ; IO_000005    ; IO_000006 ; IO_000007 ; IO_000008    ; IO_000047    ; IO_000046    ; IO_000045    ; IO_000027    ; IO_000026    ; IO_000024    ; IO_000023    ; IO_000022    ; IO_000021    ; IO_000020    ; IO_000019    ; IO_000018    ; IO_000015    ; IO_000014    ; IO_000013    ; IO_000012    ; IO_000011    ; IO_000010 ; IO_000009 ; IO_000033 ; IO_000034    ; IO_000042    ;
+--------------------+--------------+-----------+-----------+--------------+--------------+-----------+-----------+--------------+--------------+--------------+--------------+--------------+--------------+--------------+--------------+--------------+--------------+--------------+--------------+--------------+--------------+--------------+--------------+--------------+--------------+-----------+-----------+-----------+--------------+--------------+
; Total Pass         ; 0            ; 7         ; 7         ; 0            ; 0            ; 7         ; 7         ; 0            ; 0            ; 0            ; 0            ; 0            ; 0            ; 5            ; 0            ; 0            ; 0            ; 2            ; 5            ; 0            ; 2            ; 0            ; 0            ; 5            ; 0            ; 7         ; 7         ; 7         ; 0            ; 0            ;
; Total Unchecked    ; 0            ; 0         ; 0         ; 0            ; 0            ; 0         ; 0         ; 0            ; 0            ; 0            ; 0            ; 0            ; 0            ; 0            ; 0            ; 0            ; 0            ; 0            ; 0            ; 0            ; 0            ; 0            ; 0            ; 0            ; 0            ; 0         ; 0         ; 0         ; 0            ; 0            ;
; Total Inapplicable ; 7            ; 0         ; 0         ; 7            ; 7            ; 0         ; 0         ; 7            ; 7            ; 7            ; 7            ; 7            ; 7            ; 2            ; 7            ; 7            ; 7            ; 5            ; 2            ; 7            ; 5            ; 7            ; 7            ; 2            ; 7            ; 0         ; 0         ; 0         ; 7            ; 7            ;
; Total Fail         ; 0            ; 0         ; 0         ; 0            ; 0            ; 0         ; 0         ; 0            ; 0            ; 0            ; 0            ; 0            ; 0            ; 0            ; 0            ; 0            ; 0            ; 0            ; 0            ; 0            ; 0            ; 0            ; 0            ; 0            ; 0            ; 0         ; 0         ; 0         ; 0            ; 0            ;
; leds[0]            ; Inapplicable ; Pass      ; Pass      ; Inapplicable ; Inapplicable ; Pass      ; Pass      ; Inapplicable ; Inapplicable ; Inapplicable ; Inapplicable ; Inapplicable ; Inapplicable ; Pass         ; Inapplicable ; Inapplicable ; Inapplicable ; Inapplicable ; Pass         ; Inapplicable ; Inapplicable ; Inapplicable ; Inapplicable ; Pass         ; Inapplicable ; Pass      ; Pass      ; Pass      ; Inapplicable ; Inapplicable ;
; leds[1]            ; Inapplicable ; Pass      ; Pass      ; Inapplicable ; Inapplicable ; Pass      ; Pass      ; Inapplicable ; Inapplicable ; Inapplicable ; Inapplicable ; Inapplicable ; Inapplicable ; Pass         ; Inapplicable ; Inapplicable ; Inapplicable ; Inapplicable ; Pass         ; Inapplicable ; Inapplicable ; Inapplicable ; Inapplicable ; Pass         ; Inapplicable ; Pass      ; Pass      ; Pass      ; Inapplicable ; Inapplicable ;
; leds[2]            ; Inapplicable ; Pass      ; Pass      ; Inapplicable ; Inapplicable ; Pass      ; Pass      ; Inapplicable ; Inapplicable ; Inapplicable ; Inapplicable ; Inapplicable ; Inapplicable ; Pass         ; Inapplicable ; Inapplicable ; Inapplicable ; Inapplicable ; Pass         ; Inapplicable ; Inapplicable ; Inapplicable ; Inapplicable ; Pass         ; Inapplicable ; Pass      ; Pass      ; Pass      ; Inapplicable ; Inapplicable ;
; leds[3]            ; Inapplicable ; Pass      ; Pass      ; Inapplicable ; Inapplicable ; Pass      ; Pass      ; Inapplicable ; Inapplicable ; Inapplicable ; Inapplicable ; Inapplicable ; Inapplicable ; Pass         ; Inapplicable ; Inapplicable ; Inapplicable ; Inapplicable ; Pass         ; Inapplicable ; Inapplicable ; Inapplicable ; Inapplicable ; Pass         ; Inapplicable ; Pass      ; Pass      ; Pass      ; Inapplicable ; Inapplicable ;
; tx                 ; Inapplicable ; Pass      ; Pass      ; Inapplicable ; Inapplicable ; Pass      ; Pass      ; Inapplicable ; Inapplicable ; Inapplicable ; Inapplicable ; Inapplicable ; Inapplicable ; Pass         ; Inapplicable ; Inapplicable ; Inapplicable ; Inapplicable ; Pass         ; Inapplicable ; Inapplicable ; Inapplicable ; Inapplicable ; Pass         ; Inapplicable ; Pass      ; Pass      ; Pass      ; Inapplicable ; Inapplicable ;
; reset              ; Inapplicable ; Pass      ; Pass      ; Inapplicable ; Inapplicable ; Pass      ; Pass      ; Inapplicable ; Inapplicable ; Inapplicable ; Inapplicable ; Inapplicable ; Inapplicable ; Inapplicable ; Inapplicable ; Inapplicable ; Inapplicable ; Pass         ; Inapplicable ; Inapplicable ; Pass         ; Inapplicable ; Inapplicable ; Inapplicable ; Inapplicable ; Pass      ; Pass      ; Pass      ; Inapplicable ; Inapplicable ;
; clk                ; Inapplicable ; Pass      ; Pass      ; Inapplicable ; Inapplicable ; Pass      ; Pass      ; Inapplicable ; Inapplicable ; Inapplicable ; Inapplicable ; Inapplicable ; Inapplicable ; Inapplicable ; Inapplicable ; Inapplicable ; Inapplicable ; Pass         ; Inapplicable ; Inapplicable ; Pass         ; Inapplicable ; Inapplicable ; Inapplicable ; Inapplicable ; Pass      ; Pass      ; Pass      ; Inapplicable ; Inapplicable ;
+--------------------+--------------+-----------+-----------+--------------+--------------+-----------+-----------+--------------+--------------+--------------+--------------+--------------+--------------+--------------+--------------+--------------+--------------+--------------+--------------+--------------+--------------+--------------+--------------+--------------+--------------+-----------+-----------+-----------+--------------+--------------+


+---------------------------------------------------------------------------------------------+
; Fitter Device Options                                                                       ;
+------------------------------------------------------------------+--------------------------+
; Option                                                           ; Setting                  ;
+------------------------------------------------------------------+--------------------------+
; Enable user-supplied start-up clock (CLKUSR)                     ; Off                      ;
; Enable device-wide reset (DEV_CLRn)                              ; Off                      ;
; Enable device-wide output enable (DEV_OE)                        ; Off                      ;
; Enable INIT_DONE output                                          ; Off                      ;
; Configuration scheme                                             ; Active Serial            ;
; Error detection CRC                                              ; Off                      ;
; Enable open drain on CRC_ERROR pin                               ; Off                      ;
; Enable input tri-state on active configuration pins in user mode ; Off                      ;
; Configuration Voltage Level                                      ; Auto                     ;
; Force Configuration Voltage Level                                ; Off                      ;
; nCEO                                                             ; Unreserved               ;
; Data[0]                                                          ; As input tri-stated      ;
; Data[1]/ASDO                                                     ; As input tri-stated      ;
; Data[7..2]                                                       ; Unreserved               ;
; FLASH_nCE/nCSO                                                   ; As input tri-stated      ;
; Other Active Parallel pins                                       ; Unreserved               ;
; DCLK                                                             ; As output driving ground ;
+------------------------------------------------------------------+--------------------------+


+------------------------------------+
; Operating Settings and Conditions  ;
+---------------------------+--------+
; Setting                   ; Value  ;
+---------------------------+--------+
; Nominal Core Voltage      ; 1.20 V ;
; Low Junction Temperature  ; 0 °C   ;
; High Junction Temperature ; 85 °C  ;
+---------------------------+--------+


+-----------------+
; Fitter Messages ;
+-----------------+
Warning (18236): Number of processors has not been specified which may cause overloading on shared machines.  Set the global assignment NUM_PARALLEL_PROCESSORS in your QSF to an appropriate value for best performance.
Info (20030): Parallel compilation is enabled and will use 12 of the 12 processors detected
Info (119006): Selected device 10CL006YE144C8G for design "hello"
Info (21076): High junction temperature operating condition is not set. Assuming a default value of '85'.
Info (21076): Low junction temperature operating condition is not set. Assuming a default value of '0'.
Info (15535): Implemented PLL "altpll:PLL|altpll_5co:auto_generated|pll1" as Cyclone 10 LP PLL type File: /home/sorin/misc/verilog_beginning/verilog_pollard/db/altpll_5co.tdf Line: 31
    Info (15099): Implementing clock multiplication of 1, clock division of 2, and phase shift of 0 degrees (0 ps) for altpll:PLL|altpll_5co:auto_generated|clk[0] port File: /home/sorin/misc/verilog_beginning/verilog_pollard/db/altpll_5co.tdf Line: 31
    Info (15099): Implementing clock multiplication of 8, clock division of 1, and phase shift of 0 degrees (0 ps) for altpll:PLL|altpll_5co:auto_generated|clk[1] port File: /home/sorin/misc/verilog_beginning/verilog_pollard/db/altpll_5co.tdf Line: 31
Info (171003): Fitter is performing an Auto Fit compilation, which may decrease Fitter effort to reduce compilation time
Warning (292013): Feature LogicLock is only available with a valid subscription license. You can purchase a software subscription to gain full access to this feature.
Info (176444): Device migration not selected. If you intend to use device migration later, you may need to change the pin assignments as they may be incompatible with other devices
    Info (176445): Device 10CL010YE144C8G is compatible
    Info (176445): Device 10CL016YE144C8G is compatible
    Info (176445): Device 10CL025YE144C8G is compatible
Info (169124): Fitter converted 4 user pins into dedicated programming pins
    Info (169125): Pin ~ALTERA_ASDO_DATA1~ is reserved at location 6
    Info (169125): Pin ~ALTERA_FLASH_nCE_nCSO~ is reserved at location 8
    Info (169125): Pin ~ALTERA_DCLK~ is reserved at location 12
    Info (169125): Pin ~ALTERA_DATA0~ is reserved at location 13
Warning (15714): Some pins have incomplete I/O assignments. Refer to the I/O Assignment Warnings report for details
Info (332104): Reading SDC File: 'hello.sdc'
Warning (332056): PLL cross checking found inconsistent PLL clock settings:
    Warning (332056): Node: PLL|auto_generated|pll1|clk[0] was found missing 1 generated clock that corresponds to a base clock with a period of: 20.000
    Warning (332056): Node: PLL|auto_generated|pll1|clk[1] was found missing 1 generated clock that corresponds to a base clock with a period of: 20.000
Critical Warning (332168): The following clock transfers have no clock uncertainty assignment. For more accurate results, apply clock uncertainty assignments or use the derive_clock_uncertainty command.
    Critical Warning (332169): From clk (Rise) to clk (Rise) (setup and hold)
Info (332129): Detected timing requirements -- optimizing circuit to achieve only the specified requirements
Info (332111): Found 1 clocks
    Info (332111):   Period   Clock Name
    Info (332111): ======== ============
    Info (332111):   20.000          clk
Info (176353): Automatically promoted node altpll:PLL|altpll_5co:auto_generated|clk[0] (placed in counter C0 of PLL_2) File: /home/sorin/misc/verilog_beginning/verilog_pollard/db/altpll_5co.tdf Line: 37
    Info (176355): Automatically promoted destinations to use location or clock signal Global Clock CLKCTRL_G8
Info (176353): Automatically promoted node altpll:PLL|altpll_5co:auto_generated|clk[1] (placed in counter C1 of PLL_2) File: /home/sorin/misc/verilog_beginning/verilog_pollard/db/altpll_5co.tdf Line: 37
    Info (176355): Automatically promoted destinations to use location or clock signal Global Clock CLKCTRL_G9
Info (176353): Automatically promoted node clk~input (placed in PIN 91 (CLK4, DIFFCLK_2p)) File: /home/sorin/misc/verilog_beginning/verilog_pollard/hello.v Line: 229
    Info (176355): Automatically promoted destinations to use location or clock signal Global Clock CLKCTRL_G7
Info (176233): Starting register packing
Info (176235): Finished register packing
    Extra Info (176218): Packed 432 registers into blocks of type Embedded multiplier block
    Extra Info (176220): Created 432 register duplicates
Info (171121): Fitter preparation operations ending: elapsed time is 00:00:16
Info (14896): Fitter has disabled Advanced Physical Optimization because it is not supported for the current family.
Info (170189): Fitter placement preparation operations beginning
Error (170011): Design contains 85993 blocks of type combinational node.  However, the device contains only 6272 blocks.
Info (170190): Fitter placement preparation operations ending: elapsed time is 00:00:02
Info (11888): Total time spent on timing analysis during the Fitter is 0.17 seconds.
Error (171000): Can't fit design in device
Error: Quartus Prime Fitter was unsuccessful. 2 errors, 8 warnings
    Error: Peak virtual memory: 1587 megabytes
    Error: Processing ended: Sun Mar 15 23:49:17 2026
    Error: Elapsed time: 00:00:44
    Error: Total CPU time (on all processors): 00:00:51


