Analysis & Synthesis report for hello
Sun Mar 29 22:34:38 2026
Quartus Prime Version 24.1std.0 Build 1077 03/04/2025 SC Lite Edition


---------------------
; Table of Contents ;
---------------------
  1. Legal Notice
  2. Analysis & Synthesis Summary
  3. Analysis & Synthesis Settings
  4. Parallel Compilation
  5. Analysis & Synthesis Source Files Read
  6. Analysis & Synthesis Resource Usage Summary
  7. Analysis & Synthesis Resource Utilization by Entity
  8. Analysis & Synthesis DSP Block Usage Summary
  9. State Machine - |hello|pollard:pollard0|state
 10. State Machine - |hello|pollard:pollard0|multiply:mul1|ls
 11. State Machine - |hello|pollard:pollard0|multiply:mul1|state
 12. State Machine - |hello|pollard:pollard0|multiply:mul0|ls
 13. State Machine - |hello|pollard:pollard0|multiply:mul0|state
 14. Registers Removed During Synthesis
 15. Removed Registers Triggering Further Register Optimizations
 16. General Register Statistics
 17. Inverted Register Statistics
 18. Multiplexer Restructuring Statistics (Restructuring Performed)
 19. Parameter Settings for User Entity Instance: altpll:PLL
 20. Parameter Settings for User Entity Instance: send_number:senn|uart_transmit:send0
 21. Parameter Settings for User Entity Instance: pollard:pollard0
 22. Parameter Settings for User Entity Instance: pollard:pollard0|gcd:gcd0
 23. Parameter Settings for Inferred Entity Instance: pollard:pollard0|multiply:mul1|lpm_mult:Mult0
 24. Parameter Settings for Inferred Entity Instance: pollard:pollard0|multiply:mul0|lpm_mult:Mult0
 25. altpll Parameter Settings by Entity Instance
 26. lpm_mult Parameter Settings by Entity Instance
 27. Post-Synthesis Netlist Statistics for Top Partition
 28. Elapsed Time Per Partition
 29. Analysis & Synthesis Messages



----------------
; Legal Notice ;
----------------
Copyright (C) 2025  Altera Corporation. All rights reserved.
Your use of Altera Corporation's design tools, logic functions 
and other software and tools, and any partner logic 
functions, and any output files from any of the foregoing 
(including device programming or simulation files), and any 
associated documentation or information are expressly subject 
to the terms and conditions of the Altera Program License 
Subscription Agreement, the Altera Quartus Prime License Agreement,
the Altera IP License Agreement, or other applicable license
agreement, including, without limitation, that your use is for
the sole purpose of programming logic devices manufactured by
Altera and sold by Altera or its authorized distributors.  Please
refer to the Altera Software License Subscription Agreements 
on the Quartus Prime software download page.



+--------------------------------------------------------------------------------------+
; Analysis & Synthesis Summary                                                         ;
+------------------------------------+-------------------------------------------------+
; Analysis & Synthesis Status        ; Successful - Sun Mar 29 22:34:38 2026           ;
; Quartus Prime Version              ; 24.1std.0 Build 1077 03/04/2025 SC Lite Edition ;
; Revision Name                      ; hello                                           ;
; Top-level Entity Name              ; hello                                           ;
; Family                             ; Cyclone 10 LP                                   ;
; Total logic elements               ; 5,442                                           ;
;     Total combinational functions  ; 5,163                                           ;
;     Dedicated logic registers      ; 1,803                                           ;
; Total registers                    ; 1803                                            ;
; Total pins                         ; 7                                               ;
; Total virtual pins                 ; 0                                               ;
; Total memory bits                  ; 0                                               ;
; Embedded Multiplier 9-bit elements ; 4                                               ;
; Total PLLs                         ; 1                                               ;
+------------------------------------+-------------------------------------------------+


+------------------------------------------------------------------------------------------------------------+
; Analysis & Synthesis Settings                                                                              ;
+------------------------------------------------------------------+--------------------+--------------------+
; Option                                                           ; Setting            ; Default Value      ;
+------------------------------------------------------------------+--------------------+--------------------+
; Device                                                           ; 10CL006YE144C8G    ;                    ;
; Top-level entity name                                            ; hello              ; hello              ;
; Family name                                                      ; Cyclone 10 LP      ; Cyclone V          ;
; Use smart compilation                                            ; Off                ; Off                ;
; Enable parallel Assembler and Timing Analyzer during compilation ; On                 ; On                 ;
; Enable compact report table                                      ; Off                ; Off                ;
; Restructure Multiplexers                                         ; Auto               ; Auto               ;
; Create Debugging Nodes for IP Cores                              ; Off                ; Off                ;
; Preserve fewer node names                                        ; On                 ; On                 ;
; Intel FPGA IP Evaluation Mode                                    ; Enable             ; Enable             ;
; Verilog Version                                                  ; Verilog_2001       ; Verilog_2001       ;
; VHDL Version                                                     ; VHDL_1993          ; VHDL_1993          ;
; State Machine Processing                                         ; Auto               ; Auto               ;
; Safe State Machine                                               ; Off                ; Off                ;
; Extract Verilog State Machines                                   ; On                 ; On                 ;
; Extract VHDL State Machines                                      ; On                 ; On                 ;
; Ignore Verilog initial constructs                                ; Off                ; Off                ;
; Iteration limit for constant Verilog loops                       ; 5000               ; 5000               ;
; Iteration limit for non-constant Verilog loops                   ; 250                ; 250                ;
; Add Pass-Through Logic to Inferred RAMs                          ; On                 ; On                 ;
; Infer RAMs from Raw Logic                                        ; On                 ; On                 ;
; Parallel Synthesis                                               ; On                 ; On                 ;
; DSP Block Balancing                                              ; Auto               ; Auto               ;
; NOT Gate Push-Back                                               ; On                 ; On                 ;
; Power-Up Don't Care                                              ; On                 ; On                 ;
; Remove Redundant Logic Cells                                     ; Off                ; Off                ;
; Remove Duplicate Registers                                       ; On                 ; On                 ;
; Ignore CARRY Buffers                                             ; Off                ; Off                ;
; Ignore CASCADE Buffers                                           ; Off                ; Off                ;
; Ignore GLOBAL Buffers                                            ; Off                ; Off                ;
; Ignore ROW GLOBAL Buffers                                        ; Off                ; Off                ;
; Ignore LCELL Buffers                                             ; Off                ; Off                ;
; Ignore SOFT Buffers                                              ; On                 ; On                 ;
; Limit AHDL Integers to 32 Bits                                   ; Off                ; Off                ;
; Optimization Technique                                           ; Balanced           ; Balanced           ;
; Carry Chain Length                                               ; 70                 ; 70                 ;
; Auto Carry Chains                                                ; On                 ; On                 ;
; Auto Open-Drain Pins                                             ; On                 ; On                 ;
; Perform WYSIWYG Primitive Resynthesis                            ; Off                ; Off                ;
; Auto ROM Replacement                                             ; On                 ; On                 ;
; Auto RAM Replacement                                             ; On                 ; On                 ;
; Auto DSP Block Replacement                                       ; On                 ; On                 ;
; Auto Shift Register Replacement                                  ; Auto               ; Auto               ;
; Allow Shift Register Merging across Hierarchies                  ; Auto               ; Auto               ;
; Auto Clock Enable Replacement                                    ; On                 ; On                 ;
; Strict RAM Replacement                                           ; Off                ; Off                ;
; Allow Synchronous Control Signals                                ; On                 ; On                 ;
; Force Use of Synchronous Clear Signals                           ; Off                ; Off                ;
; Auto RAM Block Balancing                                         ; On                 ; On                 ;
; Auto RAM to Logic Cell Conversion                                ; Off                ; Off                ;
; Auto Resource Sharing                                            ; Off                ; Off                ;
; Allow Any RAM Size For Recognition                               ; Off                ; Off                ;
; Allow Any ROM Size For Recognition                               ; Off                ; Off                ;
; Allow Any Shift Register Size For Recognition                    ; Off                ; Off                ;
; Use LogicLock Constraints during Resource Balancing              ; On                 ; On                 ;
; Ignore translate_off and synthesis_off directives                ; Off                ; Off                ;
; Timing-Driven Synthesis                                          ; On                 ; On                 ;
; Report Parameter Settings                                        ; On                 ; On                 ;
; Report Source Assignments                                        ; On                 ; On                 ;
; Report Connectivity Checks                                       ; On                 ; On                 ;
; Ignore Maximum Fan-Out Assignments                               ; Off                ; Off                ;
; Synchronization Register Chain Length                            ; 2                  ; 2                  ;
; Power Optimization During Synthesis                              ; Normal compilation ; Normal compilation ;
; HDL message level                                                ; Level2             ; Level2             ;
; Suppress Register Optimization Related Messages                  ; Off                ; Off                ;
; Number of Removed Registers Reported in Synthesis Report         ; 5000               ; 5000               ;
; Number of Swept Nodes Reported in Synthesis Report               ; 5000               ; 5000               ;
; Number of Inverted Registers Reported in Synthesis Report        ; 100                ; 100                ;
; Clock MUX Protection                                             ; On                 ; On                 ;
; Auto Gated Clock Conversion                                      ; Off                ; Off                ;
; Block Design Naming                                              ; Auto               ; Auto               ;
; SDC constraint protection                                        ; Off                ; Off                ;
; Synthesis Effort                                                 ; Auto               ; Auto               ;
; Shift Register Replacement - Allow Asynchronous Clear Signal     ; On                 ; On                 ;
; Pre-Mapping Resynthesis Optimization                             ; Off                ; Off                ;
; Analysis & Synthesis Message Level                               ; Medium             ; Medium             ;
; Disable Register Merging Across Hierarchies                      ; Auto               ; Auto               ;
; Resource Aware Inference For Block RAM                           ; On                 ; On                 ;
+------------------------------------------------------------------+--------------------+--------------------+


+------------------------------------------+
; Parallel Compilation                     ;
+----------------------------+-------------+
; Processors                 ; Number      ;
+----------------------------+-------------+
; Number detected on machine ; 20          ;
; Maximum allowed            ; 12          ;
;                            ;             ;
; Average used               ; 1.05        ;
; Maximum used               ; 12          ;
;                            ;             ;
; Usage by Processor         ; % Time Used ;
;     Processor 1            ; 100.0%      ;
;     Processor 2            ;   0.5%      ;
;     Processor 3            ;   0.5%      ;
;     Processor 4            ;   0.5%      ;
;     Processor 5            ;   0.4%      ;
;     Processor 6            ;   0.4%      ;
;     Processor 7            ;   0.4%      ;
;     Processor 8            ;   0.4%      ;
;     Processors 9-12        ;   0.4%      ;
+----------------------------+-------------+


+------------------------------------------------------------------------------------------------------------------------------------------------------------------------------------+
; Analysis & Synthesis Source Files Read                                                                                                                                             ;
+----------------------------------+-----------------+------------------------------+--------------------------------------------------------------------------------------+---------+
; File Name with User-Entered Path ; Used in Netlist ; File Type                    ; File Name with Absolute Path                                                         ; Library ;
+----------------------------------+-----------------+------------------------------+--------------------------------------------------------------------------------------+---------+
; hello.v                          ; yes             ; User Verilog HDL File        ; /home/sorin/misc/verilog_beginning/verilog_pollard/hello.v                           ;         ;
; uart.v                           ; yes             ; User Verilog HDL File        ; /home/sorin/misc/verilog_beginning/verilog_pollard/uart.v                            ;         ;
; math.v                           ; yes             ; User Verilog HDL File        ; /home/sorin/misc/verilog_beginning/verilog_pollard/math.v                            ;         ;
; altpll.tdf                       ; yes             ; Megafunction                 ; /home/sorin/intelFPGA_lite/24.1std/quartus/libraries/megafunctions/altpll.tdf        ;         ;
; aglobal241.inc                   ; yes             ; Megafunction                 ; /home/sorin/intelFPGA_lite/24.1std/quartus/libraries/megafunctions/aglobal241.inc    ;         ;
; stratix_pll.inc                  ; yes             ; Megafunction                 ; /home/sorin/intelFPGA_lite/24.1std/quartus/libraries/megafunctions/stratix_pll.inc   ;         ;
; stratixii_pll.inc                ; yes             ; Megafunction                 ; /home/sorin/intelFPGA_lite/24.1std/quartus/libraries/megafunctions/stratixii_pll.inc ;         ;
; cycloneii_pll.inc                ; yes             ; Megafunction                 ; /home/sorin/intelFPGA_lite/24.1std/quartus/libraries/megafunctions/cycloneii_pll.inc ;         ;
; db/altpll_vbo.tdf                ; yes             ; Auto-Generated Megafunction  ; /home/sorin/misc/verilog_beginning/verilog_pollard/db/altpll_vbo.tdf                 ;         ;
; lpm_mult.tdf                     ; yes             ; Megafunction                 ; /home/sorin/intelFPGA_lite/24.1std/quartus/libraries/megafunctions/lpm_mult.tdf      ;         ;
; lpm_add_sub.inc                  ; yes             ; Megafunction                 ; /home/sorin/intelFPGA_lite/24.1std/quartus/libraries/megafunctions/lpm_add_sub.inc   ;         ;
; multcore.inc                     ; yes             ; Megafunction                 ; /home/sorin/intelFPGA_lite/24.1std/quartus/libraries/megafunctions/multcore.inc      ;         ;
; bypassff.inc                     ; yes             ; Megafunction                 ; /home/sorin/intelFPGA_lite/24.1std/quartus/libraries/megafunctions/bypassff.inc      ;         ;
; altshift.inc                     ; yes             ; Megafunction                 ; /home/sorin/intelFPGA_lite/24.1std/quartus/libraries/megafunctions/altshift.inc      ;         ;
; db/mult_7dt.tdf                  ; yes             ; Auto-Generated Megafunction  ; /home/sorin/misc/verilog_beginning/verilog_pollard/db/mult_7dt.tdf                   ;         ;
+----------------------------------+-----------------+------------------------------+--------------------------------------------------------------------------------------+---------+


+-------------------------------------------------------------------------------------------+
; Analysis & Synthesis Resource Usage Summary                                               ;
+---------------------------------------------+---------------------------------------------+
; Resource                                    ; Usage                                       ;
+---------------------------------------------+---------------------------------------------+
; Estimated Total logic elements              ; 5,442                                       ;
;                                             ;                                             ;
; Total combinational functions               ; 5163                                        ;
; Logic element usage by number of LUT inputs ;                                             ;
;     -- 4 input functions                    ; 1639                                        ;
;     -- 3 input functions                    ; 2835                                        ;
;     -- <=2 input functions                  ; 689                                         ;
;                                             ;                                             ;
; Logic elements by mode                      ;                                             ;
;     -- normal mode                          ; 3462                                        ;
;     -- arithmetic mode                      ; 1701                                        ;
;                                             ;                                             ;
; Total registers                             ; 1803                                        ;
;     -- Dedicated logic registers            ; 1803                                        ;
;     -- I/O registers                        ; 0                                           ;
;                                             ;                                             ;
; I/O pins                                    ; 7                                           ;
;                                             ;                                             ;
; Embedded Multiplier 9-bit elements          ; 4                                           ;
;                                             ;                                             ;
; Total PLLs                                  ; 1                                           ;
;     -- PLLs                                 ; 1                                           ;
;                                             ;                                             ;
; Maximum fan-out node                        ; altpll:PLL|altpll_vbo:auto_generated|clk[0] ;
; Maximum fan-out                             ; 1799                                        ;
; Total fan-out                               ; 23099                                       ;
; Average fan-out                             ; 3.31                                        ;
+---------------------------------------------+---------------------------------------------+


+--------------------------------------------------------------------------------------------------------------------------------------------------------------------------------------------------------------------------------------------------------------------------------+
; Analysis & Synthesis Resource Utilization by Entity                                                                                                                                                                                                                            ;
+---------------------------------------+---------------------+---------------------------+-------------+--------------+---------+-----------+------+--------------+------------------------------------------------------------------------------+---------------+--------------+
; Compilation Hierarchy Node            ; Combinational ALUTs ; Dedicated Logic Registers ; Memory Bits ; DSP Elements ; DSP 9x9 ; DSP 18x18 ; Pins ; Virtual Pins ; Full Hierarchy Name                                                          ; Entity Name   ; Library Name ;
+---------------------------------------+---------------------+---------------------------+-------------+--------------+---------+-----------+------+--------------+------------------------------------------------------------------------------+---------------+--------------+
; |hello                                ; 5163 (24)           ; 1803 (5)                  ; 0           ; 4            ; 0       ; 2         ; 7    ; 0            ; |hello                                                                       ; hello         ; work         ;
;    |altpll:PLL|                       ; 0 (0)               ; 0 (0)                     ; 0           ; 0            ; 0       ; 0         ; 0    ; 0            ; |hello|altpll:PLL                                                            ; altpll        ; work         ;
;       |altpll_vbo:auto_generated|     ; 0 (0)               ; 0 (0)                     ; 0           ; 0            ; 0       ; 0         ; 0    ; 0            ; |hello|altpll:PLL|altpll_vbo:auto_generated                                  ; altpll_vbo    ; work         ;
;    |pollard:pollard0|                 ; 4970 (1867)         ; 1677 (1011)               ; 0           ; 4            ; 0       ; 2         ; 0    ; 0            ; |hello|pollard:pollard0                                                      ; pollard       ; work         ;
;       |gcd:gcd0|                      ; 264 (264)           ; 130 (130)                 ; 0           ; 0            ; 0       ; 0         ; 0    ; 0            ; |hello|pollard:pollard0|gcd:gcd0                                             ; gcd           ; work         ;
;       |multiply:mul0|                 ; 1416 (1416)         ; 268 (268)                 ; 0           ; 2            ; 0       ; 1         ; 0    ; 0            ; |hello|pollard:pollard0|multiply:mul0                                        ; multiply      ; work         ;
;          |lpm_mult:Mult0|             ; 0 (0)               ; 0 (0)                     ; 0           ; 2            ; 0       ; 1         ; 0    ; 0            ; |hello|pollard:pollard0|multiply:mul0|lpm_mult:Mult0                         ; lpm_mult      ; work         ;
;             |mult_7dt:auto_generated| ; 0 (0)               ; 0 (0)                     ; 0           ; 2            ; 0       ; 1         ; 0    ; 0            ; |hello|pollard:pollard0|multiply:mul0|lpm_mult:Mult0|mult_7dt:auto_generated ; mult_7dt      ; work         ;
;       |multiply:mul1|                 ; 1423 (1423)         ; 268 (268)                 ; 0           ; 2            ; 0       ; 1         ; 0    ; 0            ; |hello|pollard:pollard0|multiply:mul1                                        ; multiply      ; work         ;
;          |lpm_mult:Mult0|             ; 0 (0)               ; 0 (0)                     ; 0           ; 2            ; 0       ; 1         ; 0    ; 0            ; |hello|pollard:pollard0|multiply:mul1|lpm_mult:Mult0                         ; lpm_mult      ; work         ;
;             |mult_7dt:auto_generated| ; 0 (0)               ; 0 (0)                     ; 0           ; 2            ; 0       ; 1         ; 0    ; 0            ; |hello|pollard:pollard0|multiply:mul1|lpm_mult:Mult0|mult_7dt:auto_generated ; mult_7dt      ; work         ;
;    |send_number:senn|                 ; 169 (137)           ; 121 (107)                 ; 0           ; 0            ; 0       ; 0         ; 0    ; 0            ; |hello|send_number:senn                                                      ; send_number   ; work         ;
;       |uart_transmit:send0|           ; 32 (32)             ; 14 (14)                   ; 0           ; 0            ; 0       ; 0         ; 0    ; 0            ; |hello|send_number:senn|uart_transmit:send0                                  ; uart_transmit ; work         ;
+---------------------------------------+---------------------+---------------------------+-------------+--------------+---------+-----------+------+--------------+------------------------------------------------------------------------------+---------------+--------------+
Note: For table entries with two numbers listed, the numbers in parentheses indicate the number of resources of the given type used by the specific entity alone. The numbers listed outside of parentheses indicate the total resources of the given type used by the specific entity and all of its sub-entities in the hierarchy.


+-----------------------------------------------------+
; Analysis & Synthesis DSP Block Usage Summary        ;
+---------------------------------------+-------------+
; Statistic                             ; Number Used ;
+---------------------------------------+-------------+
; Simple Multipliers (9-bit)            ; 0           ;
; Simple Multipliers (18-bit)           ; 2           ;
; Embedded Multiplier Blocks            ; --          ;
; Embedded Multiplier 9-bit elements    ; 4           ;
; Signed Embedded Multipliers           ; 0           ;
; Unsigned Embedded Multipliers         ; 2           ;
; Mixed Sign Embedded Multipliers       ; 0           ;
; Variable Sign Embedded Multipliers    ; 0           ;
; Dedicated Input Shift Register Chains ; 0           ;
+---------------------------------------+-------------+
Note: number of Embedded Multiplier Blocks used is only available after a successful fit.


Encoding Type:  One-Hot
+-----------------------------------------------------------------------------------------------------------------------------------------------------------------------------------------------------------------------------------------------------------------------------------------------------------------------------------------------------------------------------------------------------------------------------------+
; State Machine - |hello|pollard:pollard0|state                                                                                                                                                                                                                                                                                                                                                                                     ;
+-------------+-------------+-------------+-------------+-------------+-------------+-------------+-------------+-------------+-------------+-------------+-------------+-------------+-------------+-------------+-------------+-------------+-------------+-------------+-------------+-------------+-------------+-------------+-------------+-------------+-------------+-------------+-------------+-------------+-------------+
; Name        ; state.11110 ; state.11011 ; state.11010 ; state.11001 ; state.11000 ; state.10111 ; state.10110 ; state.10101 ; state.10100 ; state.10011 ; state.10010 ; state.10001 ; state.10000 ; state.01111 ; state.01110 ; state.01101 ; state.01100 ; state.01011 ; state.01010 ; state.01001 ; state.01000 ; state.00111 ; state.00110 ; state.00101 ; state.00100 ; state.00011 ; state.00010 ; state.00001 ; state.00000 ;
+-------------+-------------+-------------+-------------+-------------+-------------+-------------+-------------+-------------+-------------+-------------+-------------+-------------+-------------+-------------+-------------+-------------+-------------+-------------+-------------+-------------+-------------+-------------+-------------+-------------+-------------+-------------+-------------+-------------+-------------+
; state.00000 ; 0           ; 0           ; 0           ; 0           ; 0           ; 0           ; 0           ; 0           ; 0           ; 0           ; 0           ; 0           ; 0           ; 0           ; 0           ; 0           ; 0           ; 0           ; 0           ; 0           ; 0           ; 0           ; 0           ; 0           ; 0           ; 0           ; 0           ; 0           ; 0           ;
; state.00001 ; 0           ; 0           ; 0           ; 0           ; 0           ; 0           ; 0           ; 0           ; 0           ; 0           ; 0           ; 0           ; 0           ; 0           ; 0           ; 0           ; 0           ; 0           ; 0           ; 0           ; 0           ; 0           ; 0           ; 0           ; 0           ; 0           ; 0           ; 1           ; 1           ;
; state.00010 ; 0           ; 0           ; 0           ; 0           ; 0           ; 0           ; 0           ; 0           ; 0           ; 0           ; 0           ; 0           ; 0           ; 0           ; 0           ; 0           ; 0           ; 0           ; 0           ; 0           ; 0           ; 0           ; 0           ; 0           ; 0           ; 0           ; 1           ; 0           ; 1           ;
; state.00011 ; 0           ; 0           ; 0           ; 0           ; 0           ; 0           ; 0           ; 0           ; 0           ; 0           ; 0           ; 0           ; 0           ; 0           ; 0           ; 0           ; 0           ; 0           ; 0           ; 0           ; 0           ; 0           ; 0           ; 0           ; 0           ; 1           ; 0           ; 0           ; 1           ;
; state.00100 ; 0           ; 0           ; 0           ; 0           ; 0           ; 0           ; 0           ; 0           ; 0           ; 0           ; 0           ; 0           ; 0           ; 0           ; 0           ; 0           ; 0           ; 0           ; 0           ; 0           ; 0           ; 0           ; 0           ; 0           ; 1           ; 0           ; 0           ; 0           ; 1           ;
; state.00101 ; 0           ; 0           ; 0           ; 0           ; 0           ; 0           ; 0           ; 0           ; 0           ; 0           ; 0           ; 0           ; 0           ; 0           ; 0           ; 0           ; 0           ; 0           ; 0           ; 0           ; 0           ; 0           ; 0           ; 1           ; 0           ; 0           ; 0           ; 0           ; 1           ;
; state.00110 ; 0           ; 0           ; 0           ; 0           ; 0           ; 0           ; 0           ; 0           ; 0           ; 0           ; 0           ; 0           ; 0           ; 0           ; 0           ; 0           ; 0           ; 0           ; 0           ; 0           ; 0           ; 0           ; 1           ; 0           ; 0           ; 0           ; 0           ; 0           ; 1           ;
; state.00111 ; 0           ; 0           ; 0           ; 0           ; 0           ; 0           ; 0           ; 0           ; 0           ; 0           ; 0           ; 0           ; 0           ; 0           ; 0           ; 0           ; 0           ; 0           ; 0           ; 0           ; 0           ; 1           ; 0           ; 0           ; 0           ; 0           ; 0           ; 0           ; 1           ;
; state.01000 ; 0           ; 0           ; 0           ; 0           ; 0           ; 0           ; 0           ; 0           ; 0           ; 0           ; 0           ; 0           ; 0           ; 0           ; 0           ; 0           ; 0           ; 0           ; 0           ; 0           ; 1           ; 0           ; 0           ; 0           ; 0           ; 0           ; 0           ; 0           ; 1           ;
; state.01001 ; 0           ; 0           ; 0           ; 0           ; 0           ; 0           ; 0           ; 0           ; 0           ; 0           ; 0           ; 0           ; 0           ; 0           ; 0           ; 0           ; 0           ; 0           ; 0           ; 1           ; 0           ; 0           ; 0           ; 0           ; 0           ; 0           ; 0           ; 0           ; 1           ;
; state.01010 ; 0           ; 0           ; 0           ; 0           ; 0           ; 0           ; 0           ; 0           ; 0           ; 0           ; 0           ; 0           ; 0           ; 0           ; 0           ; 0           ; 0           ; 0           ; 1           ; 0           ; 0           ; 0           ; 0           ; 0           ; 0           ; 0           ; 0           ; 0           ; 1           ;
; state.01011 ; 0           ; 0           ; 0           ; 0           ; 0           ; 0           ; 0           ; 0           ; 0           ; 0           ; 0           ; 0           ; 0           ; 0           ; 0           ; 0           ; 0           ; 1           ; 0           ; 0           ; 0           ; 0           ; 0           ; 0           ; 0           ; 0           ; 0           ; 0           ; 1           ;
; state.01100 ; 0           ; 0           ; 0           ; 0           ; 0           ; 0           ; 0           ; 0           ; 0           ; 0           ; 0           ; 0           ; 0           ; 0           ; 0           ; 0           ; 1           ; 0           ; 0           ; 0           ; 0           ; 0           ; 0           ; 0           ; 0           ; 0           ; 0           ; 0           ; 1           ;
; state.01101 ; 0           ; 0           ; 0           ; 0           ; 0           ; 0           ; 0           ; 0           ; 0           ; 0           ; 0           ; 0           ; 0           ; 0           ; 0           ; 1           ; 0           ; 0           ; 0           ; 0           ; 0           ; 0           ; 0           ; 0           ; 0           ; 0           ; 0           ; 0           ; 1           ;
; state.01110 ; 0           ; 0           ; 0           ; 0           ; 0           ; 0           ; 0           ; 0           ; 0           ; 0           ; 0           ; 0           ; 0           ; 0           ; 1           ; 0           ; 0           ; 0           ; 0           ; 0           ; 0           ; 0           ; 0           ; 0           ; 0           ; 0           ; 0           ; 0           ; 1           ;
; state.01111 ; 0           ; 0           ; 0           ; 0           ; 0           ; 0           ; 0           ; 0           ; 0           ; 0           ; 0           ; 0           ; 0           ; 1           ; 0           ; 0           ; 0           ; 0           ; 0           ; 0           ; 0           ; 0           ; 0           ; 0           ; 0           ; 0           ; 0           ; 0           ; 1           ;
; state.10000 ; 0           ; 0           ; 0           ; 0           ; 0           ; 0           ; 0           ; 0           ; 0           ; 0           ; 0           ; 0           ; 1           ; 0           ; 0           ; 0           ; 0           ; 0           ; 0           ; 0           ; 0           ; 0           ; 0           ; 0           ; 0           ; 0           ; 0           ; 0           ; 1           ;
; state.10001 ; 0           ; 0           ; 0           ; 0           ; 0           ; 0           ; 0           ; 0           ; 0           ; 0           ; 0           ; 1           ; 0           ; 0           ; 0           ; 0           ; 0           ; 0           ; 0           ; 0           ; 0           ; 0           ; 0           ; 0           ; 0           ; 0           ; 0           ; 0           ; 1           ;
; state.10010 ; 0           ; 0           ; 0           ; 0           ; 0           ; 0           ; 0           ; 0           ; 0           ; 0           ; 1           ; 0           ; 0           ; 0           ; 0           ; 0           ; 0           ; 0           ; 0           ; 0           ; 0           ; 0           ; 0           ; 0           ; 0           ; 0           ; 0           ; 0           ; 1           ;
; state.10011 ; 0           ; 0           ; 0           ; 0           ; 0           ; 0           ; 0           ; 0           ; 0           ; 1           ; 0           ; 0           ; 0           ; 0           ; 0           ; 0           ; 0           ; 0           ; 0           ; 0           ; 0           ; 0           ; 0           ; 0           ; 0           ; 0           ; 0           ; 0           ; 1           ;
; state.10100 ; 0           ; 0           ; 0           ; 0           ; 0           ; 0           ; 0           ; 0           ; 1           ; 0           ; 0           ; 0           ; 0           ; 0           ; 0           ; 0           ; 0           ; 0           ; 0           ; 0           ; 0           ; 0           ; 0           ; 0           ; 0           ; 0           ; 0           ; 0           ; 1           ;
; state.10101 ; 0           ; 0           ; 0           ; 0           ; 0           ; 0           ; 0           ; 1           ; 0           ; 0           ; 0           ; 0           ; 0           ; 0           ; 0           ; 0           ; 0           ; 0           ; 0           ; 0           ; 0           ; 0           ; 0           ; 0           ; 0           ; 0           ; 0           ; 0           ; 1           ;
; state.10110 ; 0           ; 0           ; 0           ; 0           ; 0           ; 0           ; 1           ; 0           ; 0           ; 0           ; 0           ; 0           ; 0           ; 0           ; 0           ; 0           ; 0           ; 0           ; 0           ; 0           ; 0           ; 0           ; 0           ; 0           ; 0           ; 0           ; 0           ; 0           ; 1           ;
; state.10111 ; 0           ; 0           ; 0           ; 0           ; 0           ; 1           ; 0           ; 0           ; 0           ; 0           ; 0           ; 0           ; 0           ; 0           ; 0           ; 0           ; 0           ; 0           ; 0           ; 0           ; 0           ; 0           ; 0           ; 0           ; 0           ; 0           ; 0           ; 0           ; 1           ;
; state.11000 ; 0           ; 0           ; 0           ; 0           ; 1           ; 0           ; 0           ; 0           ; 0           ; 0           ; 0           ; 0           ; 0           ; 0           ; 0           ; 0           ; 0           ; 0           ; 0           ; 0           ; 0           ; 0           ; 0           ; 0           ; 0           ; 0           ; 0           ; 0           ; 1           ;
; state.11001 ; 0           ; 0           ; 0           ; 1           ; 0           ; 0           ; 0           ; 0           ; 0           ; 0           ; 0           ; 0           ; 0           ; 0           ; 0           ; 0           ; 0           ; 0           ; 0           ; 0           ; 0           ; 0           ; 0           ; 0           ; 0           ; 0           ; 0           ; 0           ; 1           ;
; state.11010 ; 0           ; 0           ; 1           ; 0           ; 0           ; 0           ; 0           ; 0           ; 0           ; 0           ; 0           ; 0           ; 0           ; 0           ; 0           ; 0           ; 0           ; 0           ; 0           ; 0           ; 0           ; 0           ; 0           ; 0           ; 0           ; 0           ; 0           ; 0           ; 1           ;
; state.11011 ; 0           ; 1           ; 0           ; 0           ; 0           ; 0           ; 0           ; 0           ; 0           ; 0           ; 0           ; 0           ; 0           ; 0           ; 0           ; 0           ; 0           ; 0           ; 0           ; 0           ; 0           ; 0           ; 0           ; 0           ; 0           ; 0           ; 0           ; 0           ; 1           ;
; state.11110 ; 1           ; 0           ; 0           ; 0           ; 0           ; 0           ; 0           ; 0           ; 0           ; 0           ; 0           ; 0           ; 0           ; 0           ; 0           ; 0           ; 0           ; 0           ; 0           ; 0           ; 0           ; 0           ; 0           ; 0           ; 0           ; 0           ; 0           ; 0           ; 1           ;
+-------------+-------------+-------------+-------------+-------------+-------------+-------------+-------------+-------------+-------------+-------------+-------------+-------------+-------------+-------------+-------------+-------------+-------------+-------------+-------------+-------------+-------------+-------------+-------------+-------------+-------------+-------------+-------------+-------------+-------------+


Encoding Type:  One-Hot
+----------------------------------------------------------+
; State Machine - |hello|pollard:pollard0|multiply:mul1|ls ;
+--------+--------+--------+--------+----------------------+
; Name   ; ls.011 ; ls.010 ; ls.001 ; ls.000               ;
+--------+--------+--------+--------+----------------------+
; ls.000 ; 0      ; 0      ; 0      ; 0                    ;
; ls.001 ; 0      ; 0      ; 1      ; 1                    ;
; ls.010 ; 0      ; 1      ; 0      ; 1                    ;
; ls.011 ; 1      ; 0      ; 0      ; 1                    ;
+--------+--------+--------+--------+----------------------+


Encoding Type:  One-Hot
+----------------------------------------------------------------+
; State Machine - |hello|pollard:pollard0|multiply:mul1|state    ;
+------------+------------+------------+------------+------------+
; Name       ; state.0011 ; state.0010 ; state.0001 ; state.0000 ;
+------------+------------+------------+------------+------------+
; state.0000 ; 0          ; 0          ; 0          ; 0          ;
; state.0001 ; 0          ; 0          ; 1          ; 1          ;
; state.0010 ; 0          ; 1          ; 0          ; 1          ;
; state.0011 ; 1          ; 0          ; 0          ; 1          ;
+------------+------------+------------+------------+------------+


Encoding Type:  One-Hot
+----------------------------------------------------------+
; State Machine - |hello|pollard:pollard0|multiply:mul0|ls ;
+--------+--------+--------+--------+----------------------+
; Name   ; ls.011 ; ls.010 ; ls.001 ; ls.000               ;
+--------+--------+--------+--------+----------------------+
; ls.000 ; 0      ; 0      ; 0      ; 0                    ;
; ls.001 ; 0      ; 0      ; 1      ; 1                    ;
; ls.010 ; 0      ; 1      ; 0      ; 1                    ;
; ls.011 ; 1      ; 0      ; 0      ; 1                    ;
+--------+--------+--------+--------+----------------------+


Encoding Type:  One-Hot
+----------------------------------------------------------------+
; State Machine - |hello|pollard:pollard0|multiply:mul0|state    ;
+------------+------------+------------+------------+------------+
; Name       ; state.0011 ; state.0010 ; state.0001 ; state.0000 ;
+------------+------------+------------+------------+------------+
; state.0000 ; 0          ; 0          ; 0          ; 0          ;
; state.0001 ; 0          ; 0          ; 1          ; 1          ;
; state.0010 ; 0          ; 1          ; 0          ; 1          ;
; state.0011 ; 1          ; 0          ; 0          ; 1          ;
+------------+------------+------------+------------+------------+


+----------------------------------------------------------------------------------------------------------+
; Registers Removed During Synthesis                                                                       ;
+---------------------------------------------------+------------------------------------------------------+
; Register name                                     ; Reason for Removal                                   ;
+---------------------------------------------------+------------------------------------------------------+
; pollard:pollard0|multiply:mul1|jj[0]              ; Stuck at GND due to stuck port data_in               ;
; pollard:pollard0|multiply:mul1|ii[0]              ; Stuck at GND due to stuck port data_in               ;
; pollard:pollard0|multiply:mul1|ops[0]             ; Stuck at VCC due to stuck port data_in               ;
; pollard:pollard0|multiply:mul0|jj[0]              ; Stuck at GND due to stuck port data_in               ;
; pollard:pollard0|multiply:mul0|ii[0]              ; Stuck at GND due to stuck port data_in               ;
; pollard:pollard0|multiply:mul0|ops[0]             ; Stuck at VCC due to stuck port data_in               ;
; pollard:pollard0|mul1_y[63]                       ; Merged with pollard:pollard0|mul1_x[63]              ;
; pollard:pollard0|mul1_y[62]                       ; Merged with pollard:pollard0|mul1_x[62]              ;
; pollard:pollard0|mul1_y[61]                       ; Merged with pollard:pollard0|mul1_x[61]              ;
; pollard:pollard0|mul1_y[60]                       ; Merged with pollard:pollard0|mul1_x[60]              ;
; pollard:pollard0|mul1_y[59]                       ; Merged with pollard:pollard0|mul1_x[59]              ;
; pollard:pollard0|mul1_y[58]                       ; Merged with pollard:pollard0|mul1_x[58]              ;
; pollard:pollard0|mul1_y[57]                       ; Merged with pollard:pollard0|mul1_x[57]              ;
; pollard:pollard0|mul1_y[56]                       ; Merged with pollard:pollard0|mul1_x[56]              ;
; pollard:pollard0|mul1_y[55]                       ; Merged with pollard:pollard0|mul1_x[55]              ;
; pollard:pollard0|mul1_y[54]                       ; Merged with pollard:pollard0|mul1_x[54]              ;
; pollard:pollard0|mul1_y[53]                       ; Merged with pollard:pollard0|mul1_x[53]              ;
; pollard:pollard0|mul1_y[52]                       ; Merged with pollard:pollard0|mul1_x[52]              ;
; pollard:pollard0|mul1_y[51]                       ; Merged with pollard:pollard0|mul1_x[51]              ;
; pollard:pollard0|mul1_y[50]                       ; Merged with pollard:pollard0|mul1_x[50]              ;
; pollard:pollard0|mul1_y[49]                       ; Merged with pollard:pollard0|mul1_x[49]              ;
; pollard:pollard0|mul1_y[48]                       ; Merged with pollard:pollard0|mul1_x[48]              ;
; pollard:pollard0|mul1_y[47]                       ; Merged with pollard:pollard0|mul1_x[47]              ;
; pollard:pollard0|mul1_y[46]                       ; Merged with pollard:pollard0|mul1_x[46]              ;
; pollard:pollard0|mul1_y[45]                       ; Merged with pollard:pollard0|mul1_x[45]              ;
; pollard:pollard0|mul1_y[44]                       ; Merged with pollard:pollard0|mul1_x[44]              ;
; pollard:pollard0|mul1_y[43]                       ; Merged with pollard:pollard0|mul1_x[43]              ;
; pollard:pollard0|mul1_y[42]                       ; Merged with pollard:pollard0|mul1_x[42]              ;
; pollard:pollard0|mul1_y[41]                       ; Merged with pollard:pollard0|mul1_x[41]              ;
; pollard:pollard0|mul1_y[40]                       ; Merged with pollard:pollard0|mul1_x[40]              ;
; pollard:pollard0|mul1_y[39]                       ; Merged with pollard:pollard0|mul1_x[39]              ;
; pollard:pollard0|mul1_y[38]                       ; Merged with pollard:pollard0|mul1_x[38]              ;
; pollard:pollard0|mul1_y[37]                       ; Merged with pollard:pollard0|mul1_x[37]              ;
; pollard:pollard0|mul1_y[36]                       ; Merged with pollard:pollard0|mul1_x[36]              ;
; pollard:pollard0|mul1_y[35]                       ; Merged with pollard:pollard0|mul1_x[35]              ;
; pollard:pollard0|mul1_y[34]                       ; Merged with pollard:pollard0|mul1_x[34]              ;
; pollard:pollard0|mul1_y[33]                       ; Merged with pollard:pollard0|mul1_x[33]              ;
; pollard:pollard0|mul1_y[32]                       ; Merged with pollard:pollard0|mul1_x[32]              ;
; pollard:pollard0|mul1_y[31]                       ; Merged with pollard:pollard0|mul1_x[31]              ;
; pollard:pollard0|mul1_y[30]                       ; Merged with pollard:pollard0|mul1_x[30]              ;
; pollard:pollard0|mul1_y[29]                       ; Merged with pollard:pollard0|mul1_x[29]              ;
; pollard:pollard0|mul1_y[28]                       ; Merged with pollard:pollard0|mul1_x[28]              ;
; pollard:pollard0|mul1_y[27]                       ; Merged with pollard:pollard0|mul1_x[27]              ;
; pollard:pollard0|mul1_y[26]                       ; Merged with pollard:pollard0|mul1_x[26]              ;
; pollard:pollard0|mul1_y[25]                       ; Merged with pollard:pollard0|mul1_x[25]              ;
; pollard:pollard0|mul1_y[24]                       ; Merged with pollard:pollard0|mul1_x[24]              ;
; pollard:pollard0|mul1_y[23]                       ; Merged with pollard:pollard0|mul1_x[23]              ;
; pollard:pollard0|mul1_y[22]                       ; Merged with pollard:pollard0|mul1_x[22]              ;
; pollard:pollard0|mul1_y[21]                       ; Merged with pollard:pollard0|mul1_x[21]              ;
; pollard:pollard0|mul1_y[20]                       ; Merged with pollard:pollard0|mul1_x[20]              ;
; pollard:pollard0|mul1_y[19]                       ; Merged with pollard:pollard0|mul1_x[19]              ;
; pollard:pollard0|mul1_y[18]                       ; Merged with pollard:pollard0|mul1_x[18]              ;
; pollard:pollard0|mul1_y[17]                       ; Merged with pollard:pollard0|mul1_x[17]              ;
; pollard:pollard0|mul1_y[16]                       ; Merged with pollard:pollard0|mul1_x[16]              ;
; pollard:pollard0|mul1_y[15]                       ; Merged with pollard:pollard0|mul1_x[15]              ;
; pollard:pollard0|mul1_y[14]                       ; Merged with pollard:pollard0|mul1_x[14]              ;
; pollard:pollard0|mul1_y[13]                       ; Merged with pollard:pollard0|mul1_x[13]              ;
; pollard:pollard0|mul1_y[12]                       ; Merged with pollard:pollard0|mul1_x[12]              ;
; pollard:pollard0|mul1_y[11]                       ; Merged with pollard:pollard0|mul1_x[11]              ;
; pollard:pollard0|mul1_y[10]                       ; Merged with pollard:pollard0|mul1_x[10]              ;
; pollard:pollard0|mul1_y[9]                        ; Merged with pollard:pollard0|mul1_x[9]               ;
; pollard:pollard0|multiply:mul1|sizer[74..83]      ; Merged with pollard:pollard0|multiply:mul1|sizer[73] ;
; pollard:pollard0|multiply:mul1|sizer[56..71]      ; Merged with pollard:pollard0|multiply:mul1|sizer[55] ;
; pollard:pollard0|multiply:mul1|sizer[38..53]      ; Merged with pollard:pollard0|multiply:mul1|sizer[37] ;
; pollard:pollard0|multiply:mul1|sizer[20..35]      ; Merged with pollard:pollard0|multiply:mul1|sizer[19] ;
; pollard:pollard0|multiply:mul1|sizer[1..9,11..17] ; Merged with pollard:pollard0|multiply:mul1|sizer[10] ;
; pollard:pollard0|mul0_y[63]                       ; Merged with pollard:pollard0|mul0_x[63]              ;
; pollard:pollard0|mul0_y[62]                       ; Merged with pollard:pollard0|mul0_x[62]              ;
; pollard:pollard0|mul0_y[61]                       ; Merged with pollard:pollard0|mul0_x[61]              ;
; pollard:pollard0|mul0_y[60]                       ; Merged with pollard:pollard0|mul0_x[60]              ;
; pollard:pollard0|mul0_y[59]                       ; Merged with pollard:pollard0|mul0_x[59]              ;
; pollard:pollard0|mul0_y[58]                       ; Merged with pollard:pollard0|mul0_x[58]              ;
; pollard:pollard0|mul0_y[57]                       ; Merged with pollard:pollard0|mul0_x[57]              ;
; pollard:pollard0|mul0_y[56]                       ; Merged with pollard:pollard0|mul0_x[56]              ;
; pollard:pollard0|mul0_y[55]                       ; Merged with pollard:pollard0|mul0_x[55]              ;
; pollard:pollard0|mul0_y[54]                       ; Merged with pollard:pollard0|mul0_x[54]              ;
; pollard:pollard0|mul0_y[53]                       ; Merged with pollard:pollard0|mul0_x[53]              ;
; pollard:pollard0|mul0_y[52]                       ; Merged with pollard:pollard0|mul0_x[52]              ;
; pollard:pollard0|mul0_y[51]                       ; Merged with pollard:pollard0|mul0_x[51]              ;
; pollard:pollard0|mul0_y[50]                       ; Merged with pollard:pollard0|mul0_x[50]              ;
; pollard:pollard0|mul0_y[49]                       ; Merged with pollard:pollard0|mul0_x[49]              ;
; pollard:pollard0|mul0_y[48]                       ; Merged with pollard:pollard0|mul0_x[48]              ;
; pollard:pollard0|mul0_y[47]                       ; Merged with pollard:pollard0|mul0_x[47]              ;
; pollard:pollard0|mul0_y[46]                       ; Merged with pollard:pollard0|mul0_x[46]              ;
; pollard:pollard0|mul0_y[45]                       ; Merged with pollard:pollard0|mul0_x[45]              ;
; pollard:pollard0|mul0_y[44]                       ; Merged with pollard:pollard0|mul0_x[44]              ;
; pollard:pollard0|mul0_y[43]                       ; Merged with pollard:pollard0|mul0_x[43]              ;
; pollard:pollard0|mul0_y[42]                       ; Merged with pollard:pollard0|mul0_x[42]              ;
; pollard:pollard0|mul0_y[41]                       ; Merged with pollard:pollard0|mul0_x[41]              ;
; pollard:pollard0|mul0_y[40]                       ; Merged with pollard:pollard0|mul0_x[40]              ;
; pollard:pollard0|mul0_y[39]                       ; Merged with pollard:pollard0|mul0_x[39]              ;
; pollard:pollard0|mul0_y[38]                       ; Merged with pollard:pollard0|mul0_x[38]              ;
; pollard:pollard0|mul0_y[37]                       ; Merged with pollard:pollard0|mul0_x[37]              ;
; pollard:pollard0|mul0_y[36]                       ; Merged with pollard:pollard0|mul0_x[36]              ;
; pollard:pollard0|mul0_y[35]                       ; Merged with pollard:pollard0|mul0_x[35]              ;
; pollard:pollard0|mul0_y[34]                       ; Merged with pollard:pollard0|mul0_x[34]              ;
; pollard:pollard0|mul0_y[33]                       ; Merged with pollard:pollard0|mul0_x[33]              ;
; pollard:pollard0|mul0_y[32]                       ; Merged with pollard:pollard0|mul0_x[32]              ;
; pollard:pollard0|mul0_y[31]                       ; Merged with pollard:pollard0|mul0_x[31]              ;
; pollard:pollard0|mul0_y[30]                       ; Merged with pollard:pollard0|mul0_x[30]              ;
; pollard:pollard0|mul0_y[29]                       ; Merged with pollard:pollard0|mul0_x[29]              ;
; pollard:pollard0|mul0_y[28]                       ; Merged with pollard:pollard0|mul0_x[28]              ;
; pollard:pollard0|mul0_y[27]                       ; Merged with pollard:pollard0|mul0_x[27]              ;
; pollard:pollard0|mul0_y[26]                       ; Merged with pollard:pollard0|mul0_x[26]              ;
; pollard:pollard0|mul0_y[25]                       ; Merged with pollard:pollard0|mul0_x[25]              ;
; pollard:pollard0|mul0_y[24]                       ; Merged with pollard:pollard0|mul0_x[24]              ;
; pollard:pollard0|mul0_y[23]                       ; Merged with pollard:pollard0|mul0_x[23]              ;
; pollard:pollard0|mul0_y[22]                       ; Merged with pollard:pollard0|mul0_x[22]              ;
; pollard:pollard0|mul0_y[21]                       ; Merged with pollard:pollard0|mul0_x[21]              ;
; pollard:pollard0|mul0_y[20]                       ; Merged with pollard:pollard0|mul0_x[20]              ;
; pollard:pollard0|mul0_y[19]                       ; Merged with pollard:pollard0|mul0_x[19]              ;
; pollard:pollard0|mul0_y[18]                       ; Merged with pollard:pollard0|mul0_x[18]              ;
; pollard:pollard0|mul0_y[17]                       ; Merged with pollard:pollard0|mul0_x[17]              ;
; pollard:pollard0|mul0_y[16]                       ; Merged with pollard:pollard0|mul0_x[16]              ;
; pollard:pollard0|mul0_y[15]                       ; Merged with pollard:pollard0|mul0_x[15]              ;
; pollard:pollard0|mul0_y[14]                       ; Merged with pollard:pollard0|mul0_x[14]              ;
; pollard:pollard0|mul0_y[13]                       ; Merged with pollard:pollard0|mul0_x[13]              ;
; pollard:pollard0|mul0_y[12]                       ; Merged with pollard:pollard0|mul0_x[12]              ;
; pollard:pollard0|mul0_y[11]                       ; Merged with pollard:pollard0|mul0_x[11]              ;
; pollard:pollard0|mul0_y[10]                       ; Merged with pollard:pollard0|mul0_x[10]              ;
; pollard:pollard0|mul0_y[9]                        ; Merged with pollard:pollard0|mul0_x[9]               ;
; pollard:pollard0|multiply:mul0|sizer[74..83]      ; Merged with pollard:pollard0|multiply:mul0|sizer[73] ;
; pollard:pollard0|multiply:mul0|sizer[56..71]      ; Merged with pollard:pollard0|multiply:mul0|sizer[55] ;
; pollard:pollard0|multiply:mul0|sizer[38..53]      ; Merged with pollard:pollard0|multiply:mul0|sizer[37] ;
; pollard:pollard0|multiply:mul0|sizer[20..35]      ; Merged with pollard:pollard0|multiply:mul0|sizer[19] ;
; pollard:pollard0|multiply:mul0|sizer[1..9,11..17] ; Merged with pollard:pollard0|multiply:mul0|sizer[10] ;
; pollard:pollard0|multiply:mul1|shifter[0]         ; Stuck at GND due to stuck port data_in               ;
; pollard:pollard0|multiply:mul0|shifter[0]         ; Stuck at GND due to stuck port data_in               ;
; pollard:pollard0|multiply:mul1|sizer[10]          ; Stuck at GND due to stuck port data_in               ;
; pollard:pollard0|multiply:mul0|sizer[10]          ; Stuck at GND due to stuck port data_in               ;
; pollard:pollard0|multiply:mul1|sizer[19]          ; Stuck at GND due to stuck port data_in               ;
; pollard:pollard0|multiply:mul0|sizer[19]          ; Stuck at GND due to stuck port data_in               ;
; pollard:pollard0|multiply:mul1|sizer[37]          ; Stuck at GND due to stuck port data_in               ;
; pollard:pollard0|multiply:mul0|sizer[37]          ; Stuck at GND due to stuck port data_in               ;
; pollard:pollard0|multiply:mul1|sizer[55]          ; Stuck at GND due to stuck port data_in               ;
; pollard:pollard0|multiply:mul0|sizer[55]          ; Stuck at GND due to stuck port data_in               ;
; pollard:pollard0|multiply:mul1|sizer[73]          ; Stuck at GND due to stuck port data_in               ;
; pollard:pollard0|multiply:mul0|sizer[73]          ; Stuck at GND due to stuck port data_in               ;
; pollard:pollard0|state~31                         ; Lost fanout                                          ;
; pollard:pollard0|state~32                         ; Lost fanout                                          ;
; pollard:pollard0|state~33                         ; Lost fanout                                          ;
; pollard:pollard0|state~34                         ; Lost fanout                                          ;
; pollard:pollard0|state~35                         ; Lost fanout                                          ;
; pollard:pollard0|multiply:mul1|ls~6               ; Lost fanout                                          ;
; pollard:pollard0|multiply:mul1|ls~7               ; Lost fanout                                          ;
; pollard:pollard0|multiply:mul1|ls~8               ; Lost fanout                                          ;
; pollard:pollard0|multiply:mul1|state~6            ; Lost fanout                                          ;
; pollard:pollard0|multiply:mul1|state~7            ; Lost fanout                                          ;
; pollard:pollard0|multiply:mul1|state~8            ; Lost fanout                                          ;
; pollard:pollard0|multiply:mul1|state~9            ; Lost fanout                                          ;
; pollard:pollard0|multiply:mul0|ls~6               ; Lost fanout                                          ;
; pollard:pollard0|multiply:mul0|ls~7               ; Lost fanout                                          ;
; pollard:pollard0|multiply:mul0|ls~8               ; Lost fanout                                          ;
; pollard:pollard0|multiply:mul0|state~6            ; Lost fanout                                          ;
; pollard:pollard0|multiply:mul0|state~7            ; Lost fanout                                          ;
; pollard:pollard0|multiply:mul0|state~8            ; Lost fanout                                          ;
; pollard:pollard0|multiply:mul0|state~9            ; Lost fanout                                          ;
; Total Number of Removed Registers = 295           ;                                                      ;
+---------------------------------------------------+------------------------------------------------------+


+------------------------------------------------------------------------------------------------------------------------------------------------------------+
; Removed Registers Triggering Further Register Optimizations                                                                                                ;
+------------------------------------------+---------------------------+-------------------------------------------------------------------------------------+
; Register name                            ; Reason for Removal        ; Registers Removed due to This Register                                              ;
+------------------------------------------+---------------------------+-------------------------------------------------------------------------------------+
; pollard:pollard0|multiply:mul1|sizer[10] ; Stuck at GND              ; pollard:pollard0|multiply:mul1|sizer[19], pollard:pollard0|multiply:mul1|sizer[37], ;
;                                          ; due to stuck port data_in ; pollard:pollard0|multiply:mul1|sizer[55], pollard:pollard0|multiply:mul1|sizer[73]  ;
; pollard:pollard0|multiply:mul0|sizer[10] ; Stuck at GND              ; pollard:pollard0|multiply:mul0|sizer[19], pollard:pollard0|multiply:mul0|sizer[37], ;
;                                          ; due to stuck port data_in ; pollard:pollard0|multiply:mul0|sizer[55], pollard:pollard0|multiply:mul0|sizer[73]  ;
+------------------------------------------+---------------------------+-------------------------------------------------------------------------------------+


+------------------------------------------------------+
; General Register Statistics                          ;
+----------------------------------------------+-------+
; Statistic                                    ; Value ;
+----------------------------------------------+-------+
; Total registers                              ; 1803  ;
; Number of registers using Synchronous Clear  ; 678   ;
; Number of registers using Synchronous Load   ; 283   ;
; Number of registers using Asynchronous Clear ; 0     ;
; Number of registers using Asynchronous Load  ; 0     ;
; Number of registers using Clock Enable       ; 1745  ;
; Number of registers using Preset             ; 0     ;
+----------------------------------------------+-------+


+---------------------------------------------------+
; Inverted Register Statistics                      ;
+-----------------------------------------+---------+
; Inverted Register                       ; Fan out ;
+-----------------------------------------+---------+
; leds[0]~reg0                            ; 1       ;
; leds[1]~reg0                            ; 1       ;
; leds[2]~reg0                            ; 1       ;
; leds[3]~reg0                            ; 1       ;
; send_number:senn|uart_transmit:send0|tx ; 2       ;
; pollard:pollard0|y[1]                   ; 10      ;
; pollard:pollard0|x[1]                   ; 9       ;
; Total number of inverted registers = 7  ;         ;
+-----------------------------------------+---------+


+----------------------------------------------------------------------------------------------------------------------------------------------------------------------+
; Multiplexer Restructuring Statistics (Restructuring Performed)                                                                                                       ;
+--------------------+-----------+---------------+----------------------+------------------------+------------+--------------------------------------------------------+
; Multiplexer Inputs ; Bus Width ; Baseline Area ; Area if Restructured ; Saving if Restructured ; Registered ; Example Multiplexer Output                             ;
+--------------------+-----------+---------------+----------------------+------------------------+------------+--------------------------------------------------------+
; 3:1                ; 128 bits  ; 256 LEs       ; 0 LEs                ; 256 LEs                ; Yes        ; |hello|pollard:pollard0|tx[106]                        ;
; 3:1                ; 2 bits    ; 4 LEs         ; 2 LEs                ; 2 LEs                  ; Yes        ; |hello|pollard:pollard0|gcd:gcd0|stop                  ;
; 3:1                ; 4 bits    ; 8 LEs         ; 4 LEs                ; 4 LEs                  ; Yes        ; |hello|send_number:senn|uart_transmit:send0|bit[3]     ;
; 4:1                ; 64 bits   ; 128 LEs       ; 128 LEs              ; 0 LEs                  ; Yes        ; |hello|pollard:pollard0|gcd:gcd0|res[23]               ;
; 4:1                ; 64 bits   ; 128 LEs       ; 128 LEs              ; 0 LEs                  ; Yes        ; |hello|pollard:pollard0|gcd:gcd0|xx[11]                ;
; 4:1                ; 8 bits    ; 16 LEs        ; 8 LEs                ; 8 LEs                  ; Yes        ; |hello|send_number:senn|uart_transmit:send0|counter[2] ;
; 4:1                ; 6 bits    ; 12 LEs        ; 12 LEs               ; 0 LEs                  ; Yes        ; |hello|pollard:pollard0|mul1_y[1]                      ;
; 4:1                ; 9 bits    ; 18 LEs        ; 18 LEs               ; 0 LEs                  ; Yes        ; |hello|pollard:pollard0|mul1_x[6]                      ;
; 4:1                ; 58 bits   ; 116 LEs       ; 116 LEs              ; 0 LEs                  ; Yes        ; |hello|pollard:pollard0|mul0_x[36]                     ;
; 6:1                ; 8 bits    ; 32 LEs        ; 8 LEs                ; 24 LEs                 ; Yes        ; |hello|send_number:senn|xx[60]                         ;
; 6:1                ; 56 bits   ; 224 LEs       ; 56 LEs               ; 168 LEs                ; Yes        ; |hello|send_number:senn|xx[33]                         ;
; 5:1                ; 6 bits    ; 18 LEs        ; 12 LEs               ; 6 LEs                  ; Yes        ; |hello|pollard:pollard0|mul0_y[4]                      ;
; 5:1                ; 128 bits  ; 384 LEs       ; 128 LEs              ; 256 LEs                ; Yes        ; |hello|pollard:pollard0|my[110]                        ;
; 7:1                ; 2 bits    ; 8 LEs         ; 4 LEs                ; 4 LEs                  ; Yes        ; |hello|send_number:senn|state[1]                       ;
; 6:1                ; 4 bits    ; 16 LEs        ; 8 LEs                ; 8 LEs                  ; Yes        ; |hello|pollard:pollard0|multiply:mul1|j[0]             ;
; 6:1                ; 4 bits    ; 16 LEs        ; 8 LEs                ; 8 LEs                  ; Yes        ; |hello|pollard:pollard0|multiply:mul0|j[0]             ;
; 6:1                ; 9 bits    ; 36 LEs        ; 18 LEs               ; 18 LEs                 ; Yes        ; |hello|pollard:pollard0|x[122]                         ;
; 6:1                ; 16 bits   ; 64 LEs        ; 16 LEs               ; 48 LEs                 ; Yes        ; |hello|pollard:pollard0|multiply:mul1|size[7]          ;
; 6:1                ; 16 bits   ; 64 LEs        ; 16 LEs               ; 48 LEs                 ; Yes        ; |hello|pollard:pollard0|multiply:mul0|size[5]          ;
; 6:1                ; 19 bits   ; 76 LEs        ; 19 LEs               ; 57 LEs                 ; Yes        ; |hello|pollard:pollard0|multiply:mul1|shifter[15]      ;
; 6:1                ; 19 bits   ; 76 LEs        ; 19 LEs               ; 57 LEs                 ; Yes        ; |hello|pollard:pollard0|multiply:mul0|shifter[14]      ;
; 7:1                ; 9 bits    ; 36 LEs        ; 36 LEs               ; 0 LEs                  ; Yes        ; |hello|pollard:pollard0|mul0_x[0]                      ;
; 5:1                ; 128 bits  ; 384 LEs       ; 128 LEs              ; 256 LEs                ; Yes        ; |hello|pollard:pollard0|ty[47]                         ;
; 7:1                ; 9 bits    ; 36 LEs        ; 18 LEs               ; 18 LEs                 ; Yes        ; |hello|pollard:pollard0|y[127]                         ;
; 7:1                ; 110 bits  ; 440 LEs       ; 220 LEs              ; 220 LEs                ; Yes        ; |hello|pollard:pollard0|x[53]                          ;
; 7:1                ; 8 bits    ; 32 LEs        ; 24 LEs               ; 8 LEs                  ; Yes        ; |hello|pollard:pollard0|x[5]                           ;
; 8:1                ; 110 bits  ; 550 LEs       ; 220 LEs              ; 330 LEs                ; Yes        ; |hello|pollard:pollard0|y[96]                          ;
; 8:1                ; 127 bits  ; 635 LEs       ; 254 LEs              ; 381 LEs                ; Yes        ; |hello|pollard:pollard0|multiply:mul1|res[59]          ;
; 8:1                ; 127 bits  ; 635 LEs       ; 254 LEs              ; 381 LEs                ; Yes        ; |hello|pollard:pollard0|multiply:mul0|res[46]          ;
; 9:1                ; 8 bits    ; 48 LEs        ; 24 LEs               ; 24 LEs                 ; Yes        ; |hello|pollard:pollard0|y[4]                           ;
; 9:1                ; 18 bits   ; 108 LEs       ; 18 LEs               ; 90 LEs                 ; Yes        ; |hello|pollard:pollard0|multiply:mul1|inter[25]        ;
; 9:1                ; 20 bits   ; 120 LEs       ; 40 LEs               ; 80 LEs                 ; Yes        ; |hello|pollard:pollard0|multiply:mul1|inter[5]         ;
; 9:1                ; 18 bits   ; 108 LEs       ; 18 LEs               ; 90 LEs                 ; Yes        ; |hello|pollard:pollard0|multiply:mul0|inter[25]        ;
; 9:1                ; 20 bits   ; 120 LEs       ; 40 LEs               ; 80 LEs                 ; Yes        ; |hello|pollard:pollard0|multiply:mul0|inter[1]         ;
; 5:1                ; 2 bits    ; 6 LEs         ; 6 LEs                ; 0 LEs                  ; Yes        ; |hello|pollard:pollard0|multiply:mul1|xx[16]           ;
; 5:1                ; 2 bits    ; 6 LEs         ; 6 LEs                ; 0 LEs                  ; Yes        ; |hello|pollard:pollard0|multiply:mul1|yy[17]           ;
; 5:1                ; 2 bits    ; 6 LEs         ; 6 LEs                ; 0 LEs                  ; Yes        ; |hello|pollard:pollard0|multiply:mul0|xx[16]           ;
; 5:1                ; 2 bits    ; 6 LEs         ; 6 LEs                ; 0 LEs                  ; Yes        ; |hello|pollard:pollard0|multiply:mul0|yy[16]           ;
; 8:1                ; 2 bits    ; 10 LEs        ; 10 LEs               ; 0 LEs                  ; Yes        ; |hello|pollard:pollard0|multiply:mul1|xx[0]            ;
; 8:1                ; 2 bits    ; 10 LEs        ; 10 LEs               ; 0 LEs                  ; Yes        ; |hello|pollard:pollard0|multiply:mul1|yy[1]            ;
; 8:1                ; 2 bits    ; 10 LEs        ; 10 LEs               ; 0 LEs                  ; Yes        ; |hello|pollard:pollard0|multiply:mul0|xx[0]            ;
; 8:1                ; 2 bits    ; 10 LEs        ; 10 LEs               ; 0 LEs                  ; Yes        ; |hello|pollard:pollard0|multiply:mul0|yy[1]            ;
; 9:1                ; 8 bits    ; 48 LEs        ; 40 LEs               ; 8 LEs                  ; Yes        ; |hello|pollard:pollard0|multiply:mul1|xx[11]           ;
; 9:1                ; 8 bits    ; 48 LEs        ; 40 LEs               ; 8 LEs                  ; Yes        ; |hello|pollard:pollard0|multiply:mul1|yy[8]            ;
; 9:1                ; 8 bits    ; 48 LEs        ; 40 LEs               ; 8 LEs                  ; Yes        ; |hello|pollard:pollard0|multiply:mul0|xx[15]           ;
; 9:1                ; 8 bits    ; 48 LEs        ; 40 LEs               ; 8 LEs                  ; Yes        ; |hello|pollard:pollard0|multiply:mul0|yy[8]            ;
; 10:1               ; 4 bits    ; 24 LEs        ; 24 LEs               ; 0 LEs                  ; Yes        ; |hello|pollard:pollard0|multiply:mul1|xx[4]            ;
; 10:1               ; 4 bits    ; 24 LEs        ; 24 LEs               ; 0 LEs                  ; Yes        ; |hello|pollard:pollard0|multiply:mul1|yy[4]            ;
; 10:1               ; 4 bits    ; 24 LEs        ; 24 LEs               ; 0 LEs                  ; Yes        ; |hello|pollard:pollard0|multiply:mul0|xx[6]            ;
; 10:1               ; 4 bits    ; 24 LEs        ; 24 LEs               ; 0 LEs                  ; Yes        ; |hello|pollard:pollard0|multiply:mul0|yy[7]            ;
; 11:1               ; 2 bits    ; 14 LEs        ; 14 LEs               ; 0 LEs                  ; Yes        ; |hello|pollard:pollard0|multiply:mul1|xx[2]            ;
; 11:1               ; 2 bits    ; 14 LEs        ; 14 LEs               ; 0 LEs                  ; Yes        ; |hello|pollard:pollard0|multiply:mul1|yy[2]            ;
; 11:1               ; 2 bits    ; 14 LEs        ; 14 LEs               ; 0 LEs                  ; Yes        ; |hello|pollard:pollard0|multiply:mul0|xx[3]            ;
; 11:1               ; 2 bits    ; 14 LEs        ; 14 LEs               ; 0 LEs                  ; Yes        ; |hello|pollard:pollard0|multiply:mul0|yy[2]            ;
; 3:1                ; 48 bits   ; 96 LEs        ; 48 LEs               ; 48 LEs                 ; No         ; |hello|pollard:pollard0|multiply:mul1|ShiftLeft1       ;
; 3:1                ; 64 bits   ; 128 LEs       ; 64 LEs               ; 64 LEs                 ; No         ; |hello|pollard:pollard0|multiply:mul1|ShiftLeft1       ;
; 3:1                ; 48 bits   ; 96 LEs        ; 48 LEs               ; 48 LEs                 ; No         ; |hello|pollard:pollard0|multiply:mul0|ShiftLeft1       ;
; 3:1                ; 64 bits   ; 128 LEs       ; 64 LEs               ; 64 LEs                 ; No         ; |hello|pollard:pollard0|multiply:mul0|ShiftLeft1       ;
; 4:1                ; 16 bits   ; 32 LEs        ; 32 LEs               ; 0 LEs                  ; No         ; |hello|pollard:pollard0|multiply:mul1|ShiftLeft1       ;
; 4:1                ; 16 bits   ; 32 LEs        ; 32 LEs               ; 0 LEs                  ; No         ; |hello|pollard:pollard0|multiply:mul0|ShiftLeft1       ;
; 8:1                ; 2 bits    ; 10 LEs        ; 6 LEs                ; 4 LEs                  ; No         ; |hello|pollard:pollard0|multiply:mul1|ls               ;
; 8:1                ; 2 bits    ; 10 LEs        ; 6 LEs                ; 4 LEs                  ; No         ; |hello|pollard:pollard0|multiply:mul0|ls               ;
; 8:1                ; 2 bits    ; 10 LEs        ; 8 LEs                ; 2 LEs                  ; No         ; |hello|pollard:pollard0|multiply:mul1|state            ;
; 8:1                ; 2 bits    ; 10 LEs        ; 4 LEs                ; 6 LEs                  ; No         ; |hello|pollard:pollard0|multiply:mul1|state            ;
; 8:1                ; 2 bits    ; 10 LEs        ; 8 LEs                ; 2 LEs                  ; No         ; |hello|pollard:pollard0|multiply:mul0|state            ;
; 8:1                ; 2 bits    ; 10 LEs        ; 4 LEs                ; 6 LEs                  ; No         ; |hello|pollard:pollard0|multiply:mul0|state            ;
; 10:1               ; 2 bits    ; 12 LEs        ; 6 LEs                ; 6 LEs                  ; No         ; |hello|pollard:pollard0|state                          ;
+--------------------+-----------+---------------+----------------------+------------------------+------------+--------------------------------------------------------+


+--------------------------------------------------------------------+
; Parameter Settings for User Entity Instance: altpll:PLL            ;
+-------------------------------+-------------------+----------------+
; Parameter Name                ; Value             ; Type           ;
+-------------------------------+-------------------+----------------+
; OPERATION_MODE                ; NORMAL            ; Untyped        ;
; PLL_TYPE                      ; AUTO              ; Untyped        ;
; LPM_HINT                      ; UNUSED            ; Untyped        ;
; QUALIFY_CONF_DONE             ; OFF               ; Untyped        ;
; COMPENSATE_CLOCK              ; CLK0              ; Untyped        ;
; SCAN_CHAIN                    ; LONG              ; Untyped        ;
; PRIMARY_CLOCK                 ; INCLK0            ; Untyped        ;
; INCLK0_INPUT_FREQUENCY        ; 20000             ; Signed Integer ;
; INCLK1_INPUT_FREQUENCY        ; 0                 ; Untyped        ;
; GATE_LOCK_SIGNAL              ; NO                ; Untyped        ;
; GATE_LOCK_COUNTER             ; 0                 ; Untyped        ;
; LOCK_HIGH                     ; 1                 ; Untyped        ;
; LOCK_LOW                      ; 1                 ; Untyped        ;
; VALID_LOCK_MULTIPLIER         ; 1                 ; Untyped        ;
; INVALID_LOCK_MULTIPLIER       ; 5                 ; Untyped        ;
; SWITCH_OVER_ON_LOSSCLK        ; OFF               ; Untyped        ;
; SWITCH_OVER_ON_GATED_LOCK     ; OFF               ; Untyped        ;
; ENABLE_SWITCH_OVER_COUNTER    ; OFF               ; Untyped        ;
; SKIP_VCO                      ; OFF               ; Untyped        ;
; SWITCH_OVER_COUNTER           ; 0                 ; Untyped        ;
; SWITCH_OVER_TYPE              ; AUTO              ; Untyped        ;
; FEEDBACK_SOURCE               ; EXTCLK0           ; Untyped        ;
; BANDWIDTH                     ; 0                 ; Untyped        ;
; BANDWIDTH_TYPE                ; AUTO              ; Untyped        ;
; SPREAD_FREQUENCY              ; 0                 ; Untyped        ;
; DOWN_SPREAD                   ; 0                 ; Untyped        ;
; SELF_RESET_ON_GATED_LOSS_LOCK ; OFF               ; Untyped        ;
; SELF_RESET_ON_LOSS_LOCK       ; OFF               ; Untyped        ;
; CLK9_MULTIPLY_BY              ; 0                 ; Untyped        ;
; CLK8_MULTIPLY_BY              ; 0                 ; Untyped        ;
; CLK7_MULTIPLY_BY              ; 0                 ; Untyped        ;
; CLK6_MULTIPLY_BY              ; 0                 ; Untyped        ;
; CLK5_MULTIPLY_BY              ; 1                 ; Untyped        ;
; CLK4_MULTIPLY_BY              ; 1                 ; Untyped        ;
; CLK3_MULTIPLY_BY              ; 1                 ; Untyped        ;
; CLK2_MULTIPLY_BY              ; 1                 ; Untyped        ;
; CLK1_MULTIPLY_BY              ; 2                 ; Signed Integer ;
; CLK0_MULTIPLY_BY              ; 1                 ; Signed Integer ;
; CLK9_DIVIDE_BY                ; 0                 ; Untyped        ;
; CLK8_DIVIDE_BY                ; 0                 ; Untyped        ;
; CLK7_DIVIDE_BY                ; 0                 ; Untyped        ;
; CLK6_DIVIDE_BY                ; 0                 ; Untyped        ;
; CLK5_DIVIDE_BY                ; 1                 ; Untyped        ;
; CLK4_DIVIDE_BY                ; 1                 ; Untyped        ;
; CLK3_DIVIDE_BY                ; 1                 ; Untyped        ;
; CLK2_DIVIDE_BY                ; 1                 ; Untyped        ;
; CLK1_DIVIDE_BY                ; 1                 ; Signed Integer ;
; CLK0_DIVIDE_BY                ; 2                 ; Signed Integer ;
; CLK9_PHASE_SHIFT              ; 0                 ; Untyped        ;
; CLK8_PHASE_SHIFT              ; 0                 ; Untyped        ;
; CLK7_PHASE_SHIFT              ; 0                 ; Untyped        ;
; CLK6_PHASE_SHIFT              ; 0                 ; Untyped        ;
; CLK5_PHASE_SHIFT              ; 0                 ; Untyped        ;
; CLK4_PHASE_SHIFT              ; 0                 ; Untyped        ;
; CLK3_PHASE_SHIFT              ; 0                 ; Untyped        ;
; CLK2_PHASE_SHIFT              ; 0                 ; Untyped        ;
; CLK1_PHASE_SHIFT              ; 0                 ; Untyped        ;
; CLK0_PHASE_SHIFT              ; 0                 ; Untyped        ;
; CLK5_TIME_DELAY               ; 0                 ; Untyped        ;
; CLK4_TIME_DELAY               ; 0                 ; Untyped        ;
; CLK3_TIME_DELAY               ; 0                 ; Untyped        ;
; CLK2_TIME_DELAY               ; 0                 ; Untyped        ;
; CLK1_TIME_DELAY               ; 0                 ; Untyped        ;
; CLK0_TIME_DELAY               ; 0                 ; Untyped        ;
; CLK9_DUTY_CYCLE               ; 50                ; Untyped        ;
; CLK8_DUTY_CYCLE               ; 50                ; Untyped        ;
; CLK7_DUTY_CYCLE               ; 50                ; Untyped        ;
; CLK6_DUTY_CYCLE               ; 50                ; Untyped        ;
; CLK5_DUTY_CYCLE               ; 50                ; Untyped        ;
; CLK4_DUTY_CYCLE               ; 50                ; Untyped        ;
; CLK3_DUTY_CYCLE               ; 50                ; Untyped        ;
; CLK2_DUTY_CYCLE               ; 50                ; Untyped        ;
; CLK1_DUTY_CYCLE               ; 50                ; Untyped        ;
; CLK0_DUTY_CYCLE               ; 50                ; Untyped        ;
; CLK9_USE_EVEN_COUNTER_MODE    ; OFF               ; Untyped        ;
; CLK8_USE_EVEN_COUNTER_MODE    ; OFF               ; Untyped        ;
; CLK7_USE_EVEN_COUNTER_MODE    ; OFF               ; Untyped        ;
; CLK6_USE_EVEN_COUNTER_MODE    ; OFF               ; Untyped        ;
; CLK5_USE_EVEN_COUNTER_MODE    ; OFF               ; Untyped        ;
; CLK4_USE_EVEN_COUNTER_MODE    ; OFF               ; Untyped        ;
; CLK3_USE_EVEN_COUNTER_MODE    ; OFF               ; Untyped        ;
; CLK2_USE_EVEN_COUNTER_MODE    ; OFF               ; Untyped        ;
; CLK1_USE_EVEN_COUNTER_MODE    ; OFF               ; Untyped        ;
; CLK0_USE_EVEN_COUNTER_MODE    ; OFF               ; Untyped        ;
; CLK9_USE_EVEN_COUNTER_VALUE   ; OFF               ; Untyped        ;
; CLK8_USE_EVEN_COUNTER_VALUE   ; OFF               ; Untyped        ;
; CLK7_USE_EVEN_COUNTER_VALUE   ; OFF               ; Untyped        ;
; CLK6_USE_EVEN_COUNTER_VALUE   ; OFF               ; Untyped        ;
; CLK5_USE_EVEN_COUNTER_VALUE   ; OFF               ; Untyped        ;
; CLK4_USE_EVEN_COUNTER_VALUE   ; OFF               ; Untyped        ;
; CLK3_USE_EVEN_COUNTER_VALUE   ; OFF               ; Untyped        ;
; CLK2_USE_EVEN_COUNTER_VALUE   ; OFF               ; Untyped        ;
; CLK1_USE_EVEN_COUNTER_VALUE   ; OFF               ; Untyped        ;
; CLK0_USE_EVEN_COUNTER_VALUE   ; OFF               ; Untyped        ;
; LOCK_WINDOW_UI                ;  0.05             ; Untyped        ;
; LOCK_WINDOW_UI_BITS           ; UNUSED            ; Untyped        ;
; VCO_RANGE_DETECTOR_LOW_BITS   ; UNUSED            ; Untyped        ;
; VCO_RANGE_DETECTOR_HIGH_BITS  ; UNUSED            ; Untyped        ;
; DPA_MULTIPLY_BY               ; 0                 ; Untyped        ;
; DPA_DIVIDE_BY                 ; 1                 ; Untyped        ;
; DPA_DIVIDER                   ; 0                 ; Untyped        ;
; EXTCLK3_MULTIPLY_BY           ; 1                 ; Untyped        ;
; EXTCLK2_MULTIPLY_BY           ; 1                 ; Untyped        ;
; EXTCLK1_MULTIPLY_BY           ; 1                 ; Untyped        ;
; EXTCLK0_MULTIPLY_BY           ; 1                 ; Untyped        ;
; EXTCLK3_DIVIDE_BY             ; 1                 ; Untyped        ;
; EXTCLK2_DIVIDE_BY             ; 1                 ; Untyped        ;
; EXTCLK1_DIVIDE_BY             ; 1                 ; Untyped        ;
; EXTCLK0_DIVIDE_BY             ; 1                 ; Untyped        ;
; EXTCLK3_PHASE_SHIFT           ; 0                 ; Untyped        ;
; EXTCLK2_PHASE_SHIFT           ; 0                 ; Untyped        ;
; EXTCLK1_PHASE_SHIFT           ; 0                 ; Untyped        ;
; EXTCLK0_PHASE_SHIFT           ; 0                 ; Untyped        ;
; EXTCLK3_TIME_DELAY            ; 0                 ; Untyped        ;
; EXTCLK2_TIME_DELAY            ; 0                 ; Untyped        ;
; EXTCLK1_TIME_DELAY            ; 0                 ; Untyped        ;
; EXTCLK0_TIME_DELAY            ; 0                 ; Untyped        ;
; EXTCLK3_DUTY_CYCLE            ; 50                ; Untyped        ;
; EXTCLK2_DUTY_CYCLE            ; 50                ; Untyped        ;
; EXTCLK1_DUTY_CYCLE            ; 50                ; Untyped        ;
; EXTCLK0_DUTY_CYCLE            ; 50                ; Untyped        ;
; VCO_MULTIPLY_BY               ; 0                 ; Untyped        ;
; VCO_DIVIDE_BY                 ; 0                 ; Untyped        ;
; SCLKOUT0_PHASE_SHIFT          ; 0                 ; Untyped        ;
; SCLKOUT1_PHASE_SHIFT          ; 0                 ; Untyped        ;
; VCO_MIN                       ; 0                 ; Untyped        ;
; VCO_MAX                       ; 0                 ; Untyped        ;
; VCO_CENTER                    ; 0                 ; Untyped        ;
; PFD_MIN                       ; 0                 ; Untyped        ;
; PFD_MAX                       ; 0                 ; Untyped        ;
; M_INITIAL                     ; 0                 ; Untyped        ;
; M                             ; 0                 ; Untyped        ;
; N                             ; 1                 ; Untyped        ;
; M2                            ; 1                 ; Untyped        ;
; N2                            ; 1                 ; Untyped        ;
; SS                            ; 1                 ; Untyped        ;
; C0_HIGH                       ; 0                 ; Untyped        ;
; C1_HIGH                       ; 0                 ; Untyped        ;
; C2_HIGH                       ; 0                 ; Untyped        ;
; C3_HIGH                       ; 0                 ; Untyped        ;
; C4_HIGH                       ; 0                 ; Untyped        ;
; C5_HIGH                       ; 0                 ; Untyped        ;
; C6_HIGH                       ; 0                 ; Untyped        ;
; C7_HIGH                       ; 0                 ; Untyped        ;
; C8_HIGH                       ; 0                 ; Untyped        ;
; C9_HIGH                       ; 0                 ; Untyped        ;
; C0_LOW                        ; 0                 ; Untyped        ;
; C1_LOW                        ; 0                 ; Untyped        ;
; C2_LOW                        ; 0                 ; Untyped        ;
; C3_LOW                        ; 0                 ; Untyped        ;
; C4_LOW                        ; 0                 ; Untyped        ;
; C5_LOW                        ; 0                 ; Untyped        ;
; C6_LOW                        ; 0                 ; Untyped        ;
; C7_LOW                        ; 0                 ; Untyped        ;
; C8_LOW                        ; 0                 ; Untyped        ;
; C9_LOW                        ; 0                 ; Untyped        ;
; C0_INITIAL                    ; 0                 ; Untyped        ;
; C1_INITIAL                    ; 0                 ; Untyped        ;
; C2_INITIAL                    ; 0                 ; Untyped        ;
; C3_INITIAL                    ; 0                 ; Untyped        ;
; C4_INITIAL                    ; 0                 ; Untyped        ;
; C5_INITIAL                    ; 0                 ; Untyped        ;
; C6_INITIAL                    ; 0                 ; Untyped        ;
; C7_INITIAL                    ; 0                 ; Untyped        ;
; C8_INITIAL                    ; 0                 ; Untyped        ;
; C9_INITIAL                    ; 0                 ; Untyped        ;
; C0_MODE                       ; BYPASS            ; Untyped        ;
; C1_MODE                       ; BYPASS            ; Untyped        ;
; C2_MODE                       ; BYPASS            ; Untyped        ;
; C3_MODE                       ; BYPASS            ; Untyped        ;
; C4_MODE                       ; BYPASS            ; Untyped        ;
; C5_MODE                       ; BYPASS            ; Untyped        ;
; C6_MODE                       ; BYPASS            ; Untyped        ;
; C7_MODE                       ; BYPASS            ; Untyped        ;
; C8_MODE                       ; BYPASS            ; Untyped        ;
; C9_MODE                       ; BYPASS            ; Untyped        ;
; C0_PH                         ; 0                 ; Untyped        ;
; C1_PH                         ; 0                 ; Untyped        ;
; C2_PH                         ; 0                 ; Untyped        ;
; C3_PH                         ; 0                 ; Untyped        ;
; C4_PH                         ; 0                 ; Untyped        ;
; C5_PH                         ; 0                 ; Untyped        ;
; C6_PH                         ; 0                 ; Untyped        ;
; C7_PH                         ; 0                 ; Untyped        ;
; C8_PH                         ; 0                 ; Untyped        ;
; C9_PH                         ; 0                 ; Untyped        ;
; L0_HIGH                       ; 1                 ; Untyped        ;
; L1_HIGH                       ; 1                 ; Untyped        ;
; G0_HIGH                       ; 1                 ; Untyped        ;
; G1_HIGH                       ; 1                 ; Untyped        ;
; G2_HIGH                       ; 1                 ; Untyped        ;
; G3_HIGH                       ; 1                 ; Untyped        ;
; E0_HIGH                       ; 1                 ; Untyped        ;
; E1_HIGH                       ; 1                 ; Untyped        ;
; E2_HIGH                       ; 1                 ; Untyped        ;
; E3_HIGH                       ; 1                 ; Untyped        ;
; L0_LOW                        ; 1                 ; Untyped        ;
; L1_LOW                        ; 1                 ; Untyped        ;
; G0_LOW                        ; 1                 ; Untyped        ;
; G1_LOW                        ; 1                 ; Untyped        ;
; G2_LOW                        ; 1                 ; Untyped        ;
; G3_LOW                        ; 1                 ; Untyped        ;
; E0_LOW                        ; 1                 ; Untyped        ;
; E1_LOW                        ; 1                 ; Untyped        ;
; E2_LOW                        ; 1                 ; Untyped        ;
; E3_LOW                        ; 1                 ; Untyped        ;
; L0_INITIAL                    ; 1                 ; Untyped        ;
; L1_INITIAL                    ; 1                 ; Untyped        ;
; G0_INITIAL                    ; 1                 ; Untyped        ;
; G1_INITIAL                    ; 1                 ; Untyped        ;
; G2_INITIAL                    ; 1                 ; Untyped        ;
; G3_INITIAL                    ; 1                 ; Untyped        ;
; E0_INITIAL                    ; 1                 ; Untyped        ;
; E1_INITIAL                    ; 1                 ; Untyped        ;
; E2_INITIAL                    ; 1                 ; Untyped        ;
; E3_INITIAL                    ; 1                 ; Untyped        ;
; L0_MODE                       ; BYPASS            ; Untyped        ;
; L1_MODE                       ; BYPASS            ; Untyped        ;
; G0_MODE                       ; BYPASS            ; Untyped        ;
; G1_MODE                       ; BYPASS            ; Untyped        ;
; G2_MODE                       ; BYPASS            ; Untyped        ;
; G3_MODE                       ; BYPASS            ; Untyped        ;
; E0_MODE                       ; BYPASS            ; Untyped        ;
; E1_MODE                       ; BYPASS            ; Untyped        ;
; E2_MODE                       ; BYPASS            ; Untyped        ;
; E3_MODE                       ; BYPASS            ; Untyped        ;
; L0_PH                         ; 0                 ; Untyped        ;
; L1_PH                         ; 0                 ; Untyped        ;
; G0_PH                         ; 0                 ; Untyped        ;
; G1_PH                         ; 0                 ; Untyped        ;
; G2_PH                         ; 0                 ; Untyped        ;
; G3_PH                         ; 0                 ; Untyped        ;
; E0_PH                         ; 0                 ; Untyped        ;
; E1_PH                         ; 0                 ; Untyped        ;
; E2_PH                         ; 0                 ; Untyped        ;
; E3_PH                         ; 0                 ; Untyped        ;
; M_PH                          ; 0                 ; Untyped        ;
; C1_USE_CASC_IN                ; OFF               ; Untyped        ;
; C2_USE_CASC_IN                ; OFF               ; Untyped        ;
; C3_USE_CASC_IN                ; OFF               ; Untyped        ;
; C4_USE_CASC_IN                ; OFF               ; Untyped        ;
; C5_USE_CASC_IN                ; OFF               ; Untyped        ;
; C6_USE_CASC_IN                ; OFF               ; Untyped        ;
; C7_USE_CASC_IN                ; OFF               ; Untyped        ;
; C8_USE_CASC_IN                ; OFF               ; Untyped        ;
; C9_USE_CASC_IN                ; OFF               ; Untyped        ;
; CLK0_COUNTER                  ; G0                ; Untyped        ;
; CLK1_COUNTER                  ; G0                ; Untyped        ;
; CLK2_COUNTER                  ; G0                ; Untyped        ;
; CLK3_COUNTER                  ; G0                ; Untyped        ;
; CLK4_COUNTER                  ; G0                ; Untyped        ;
; CLK5_COUNTER                  ; G0                ; Untyped        ;
; CLK6_COUNTER                  ; E0                ; Untyped        ;
; CLK7_COUNTER                  ; E1                ; Untyped        ;
; CLK8_COUNTER                  ; E2                ; Untyped        ;
; CLK9_COUNTER                  ; E3                ; Untyped        ;
; L0_TIME_DELAY                 ; 0                 ; Untyped        ;
; L1_TIME_DELAY                 ; 0                 ; Untyped        ;
; G0_TIME_DELAY                 ; 0                 ; Untyped        ;
; G1_TIME_DELAY                 ; 0                 ; Untyped        ;
; G2_TIME_DELAY                 ; 0                 ; Untyped        ;
; G3_TIME_DELAY                 ; 0                 ; Untyped        ;
; E0_TIME_DELAY                 ; 0                 ; Untyped        ;
; E1_TIME_DELAY                 ; 0                 ; Untyped        ;
; E2_TIME_DELAY                 ; 0                 ; Untyped        ;
; E3_TIME_DELAY                 ; 0                 ; Untyped        ;
; M_TIME_DELAY                  ; 0                 ; Untyped        ;
; N_TIME_DELAY                  ; 0                 ; Untyped        ;
; EXTCLK3_COUNTER               ; E3                ; Untyped        ;
; EXTCLK2_COUNTER               ; E2                ; Untyped        ;
; EXTCLK1_COUNTER               ; E1                ; Untyped        ;
; EXTCLK0_COUNTER               ; E0                ; Untyped        ;
; ENABLE0_COUNTER               ; L0                ; Untyped        ;
; ENABLE1_COUNTER               ; L0                ; Untyped        ;
; CHARGE_PUMP_CURRENT           ; 2                 ; Untyped        ;
; LOOP_FILTER_R                 ;  1.000000         ; Untyped        ;
; LOOP_FILTER_C                 ; 5                 ; Untyped        ;
; CHARGE_PUMP_CURRENT_BITS      ; 9999              ; Untyped        ;
; LOOP_FILTER_R_BITS            ; 9999              ; Untyped        ;
; LOOP_FILTER_C_BITS            ; 9999              ; Untyped        ;
; VCO_POST_SCALE                ; 0                 ; Untyped        ;
; CLK2_OUTPUT_FREQUENCY         ; 0                 ; Untyped        ;
; CLK1_OUTPUT_FREQUENCY         ; 0                 ; Untyped        ;
; CLK0_OUTPUT_FREQUENCY         ; 0                 ; Untyped        ;
; INTENDED_DEVICE_FAMILY        ; NONE              ; Untyped        ;
; PORT_CLKENA0                  ; PORT_CONNECTIVITY ; Untyped        ;
; PORT_CLKENA1                  ; PORT_CONNECTIVITY ; Untyped        ;
; PORT_CLKENA2                  ; PORT_CONNECTIVITY ; Untyped        ;
; PORT_CLKENA3                  ; PORT_CONNECTIVITY ; Untyped        ;
; PORT_CLKENA4                  ; PORT_CONNECTIVITY ; Untyped        ;
; PORT_CLKENA5                  ; PORT_CONNECTIVITY ; Untyped        ;
; PORT_EXTCLKENA0               ; PORT_CONNECTIVITY ; Untyped        ;
; PORT_EXTCLKENA1               ; PORT_CONNECTIVITY ; Untyped        ;
; PORT_EXTCLKENA2               ; PORT_CONNECTIVITY ; Untyped        ;
; PORT_EXTCLKENA3               ; PORT_CONNECTIVITY ; Untyped        ;
; PORT_EXTCLK0                  ; PORT_CONNECTIVITY ; Untyped        ;
; PORT_EXTCLK1                  ; PORT_CONNECTIVITY ; Untyped        ;
; PORT_EXTCLK2                  ; PORT_CONNECTIVITY ; Untyped        ;
; PORT_EXTCLK3                  ; PORT_CONNECTIVITY ; Untyped        ;
; PORT_CLKBAD0                  ; PORT_CONNECTIVITY ; Untyped        ;
; PORT_CLKBAD1                  ; PORT_CONNECTIVITY ; Untyped        ;
; PORT_CLK0                     ; PORT_CONNECTIVITY ; Untyped        ;
; PORT_CLK1                     ; PORT_CONNECTIVITY ; Untyped        ;
; PORT_CLK2                     ; PORT_CONNECTIVITY ; Untyped        ;
; PORT_CLK3                     ; PORT_CONNECTIVITY ; Untyped        ;
; PORT_CLK4                     ; PORT_CONNECTIVITY ; Untyped        ;
; PORT_CLK5                     ; PORT_CONNECTIVITY ; Untyped        ;
; PORT_CLK6                     ; PORT_UNUSED       ; Untyped        ;
; PORT_CLK7                     ; PORT_UNUSED       ; Untyped        ;
; PORT_CLK8                     ; PORT_UNUSED       ; Untyped        ;
; PORT_CLK9                     ; PORT_UNUSED       ; Untyped        ;
; PORT_SCANDATA                 ; PORT_CONNECTIVITY ; Untyped        ;
; PORT_SCANDATAOUT              ; PORT_CONNECTIVITY ; Untyped        ;
; PORT_SCANDONE                 ; PORT_CONNECTIVITY ; Untyped        ;
; PORT_SCLKOUT1                 ; PORT_CONNECTIVITY ; Untyped        ;
; PORT_SCLKOUT0                 ; PORT_CONNECTIVITY ; Untyped        ;
; PORT_ACTIVECLOCK              ; PORT_CONNECTIVITY ; Untyped        ;
; PORT_CLKLOSS                  ; PORT_CONNECTIVITY ; Untyped        ;
; PORT_INCLK1                   ; PORT_CONNECTIVITY ; Untyped        ;
; PORT_INCLK0                   ; PORT_CONNECTIVITY ; Untyped        ;
; PORT_FBIN                     ; PORT_CONNECTIVITY ; Untyped        ;
; PORT_PLLENA                   ; PORT_CONNECTIVITY ; Untyped        ;
; PORT_CLKSWITCH                ; PORT_CONNECTIVITY ; Untyped        ;
; PORT_ARESET                   ; PORT_CONNECTIVITY ; Untyped        ;
; PORT_PFDENA                   ; PORT_CONNECTIVITY ; Untyped        ;
; PORT_SCANCLK                  ; PORT_CONNECTIVITY ; Untyped        ;
; PORT_SCANACLR                 ; PORT_CONNECTIVITY ; Untyped        ;
; PORT_SCANREAD                 ; PORT_CONNECTIVITY ; Untyped        ;
; PORT_SCANWRITE                ; PORT_CONNECTIVITY ; Untyped        ;
; PORT_ENABLE0                  ; PORT_CONNECTIVITY ; Untyped        ;
; PORT_ENABLE1                  ; PORT_CONNECTIVITY ; Untyped        ;
; PORT_LOCKED                   ; PORT_CONNECTIVITY ; Untyped        ;
; PORT_CONFIGUPDATE             ; PORT_CONNECTIVITY ; Untyped        ;
; PORT_FBOUT                    ; PORT_CONNECTIVITY ; Untyped        ;
; PORT_PHASEDONE                ; PORT_CONNECTIVITY ; Untyped        ;
; PORT_PHASESTEP                ; PORT_CONNECTIVITY ; Untyped        ;
; PORT_PHASEUPDOWN              ; PORT_CONNECTIVITY ; Untyped        ;
; PORT_SCANCLKENA               ; PORT_CONNECTIVITY ; Untyped        ;
; PORT_PHASECOUNTERSELECT       ; PORT_CONNECTIVITY ; Untyped        ;
; PORT_VCOOVERRANGE             ; PORT_CONNECTIVITY ; Untyped        ;
; PORT_VCOUNDERRANGE            ; PORT_CONNECTIVITY ; Untyped        ;
; M_TEST_SOURCE                 ; 5                 ; Untyped        ;
; C0_TEST_SOURCE                ; 5                 ; Untyped        ;
; C1_TEST_SOURCE                ; 5                 ; Untyped        ;
; C2_TEST_SOURCE                ; 5                 ; Untyped        ;
; C3_TEST_SOURCE                ; 5                 ; Untyped        ;
; C4_TEST_SOURCE                ; 5                 ; Untyped        ;
; C5_TEST_SOURCE                ; 5                 ; Untyped        ;
; C6_TEST_SOURCE                ; 5                 ; Untyped        ;
; C7_TEST_SOURCE                ; 5                 ; Untyped        ;
; C8_TEST_SOURCE                ; 5                 ; Untyped        ;
; C9_TEST_SOURCE                ; 5                 ; Untyped        ;
; CBXI_PARAMETER                ; altpll_vbo        ; Untyped        ;
; VCO_FREQUENCY_CONTROL         ; AUTO              ; Untyped        ;
; VCO_PHASE_SHIFT_STEP          ; 0                 ; Untyped        ;
; WIDTH_CLOCK                   ; 6                 ; Untyped        ;
; WIDTH_PHASECOUNTERSELECT      ; 4                 ; Untyped        ;
; USING_FBMIMICBIDIR_PORT       ; OFF               ; Untyped        ;
; DEVICE_FAMILY                 ; Cyclone 10 LP     ; Untyped        ;
; SCAN_CHAIN_MIF_FILE           ; UNUSED            ; Untyped        ;
; SIM_GATE_LOCK_DEVICE_BEHAVIOR ; OFF               ; Untyped        ;
; AUTO_CARRY_CHAINS             ; ON                ; AUTO_CARRY     ;
; IGNORE_CARRY_BUFFERS          ; OFF               ; IGNORE_CARRY   ;
; AUTO_CASCADE_CHAINS           ; ON                ; AUTO_CASCADE   ;
; IGNORE_CASCADE_BUFFERS        ; OFF               ; IGNORE_CASCADE ;
+-------------------------------+-------------------+----------------+
Note: In order to hide this table in the UI and the text report file, please set the "Show Parameter Settings in Synthesis Report" option in "Analysis and Synthesis Settings -> More Settings" to "Off".


+-----------------------------------------------------------------------------------+
; Parameter Settings for User Entity Instance: send_number:senn|uart_transmit:send0 ;
+----------------+----------+-------------------------------------------------------+
; Parameter Name ; Value    ; Type                                                  ;
+----------------+----------+-------------------------------------------------------+
; FREQ           ; 25000000 ; Signed Integer                                        ;
; BAUD           ; 115200   ; Signed Integer                                        ;
+----------------+----------+-------------------------------------------------------+
Note: In order to hide this table in the UI and the text report file, please set the "Show Parameter Settings in Synthesis Report" option in "Analysis and Synthesis Settings -> More Settings" to "Off".


+-----------------------------------------------------------------------------------------------------+
; Parameter Settings for User Entity Instance: pollard:pollard0                                       ;
+----------------+------------------------------------------------------------------+-----------------+
; Parameter Name ; Value                                                            ; Type            ;
+----------------+------------------------------------------------------------------+-----------------+
; xs             ; 2                                                                ; Signed Integer  ;
; b              ; 7                                                                ; Signed Integer  ;
; n              ; 0000000000000000000000000000000000000000000000000000000101000011 ; Unsigned Binary ;
; np             ; 0000000000000000000000000000000000000000000000000000000010010101 ; Unsigned Binary ;
; r              ; 0000000000000000000000000000000000000000000000000000001000000000 ; Unsigned Binary ;
; rp             ; 0000000000000000000000000000000000000000000000000000000001011110 ; Unsigned Binary ;
; rm1            ; 0000000000000000000000000000000000000000000000000000000111111111 ; Unsigned Binary ;
; rs             ; 00001001                                                         ; Unsigned Binary ;
+----------------+------------------------------------------------------------------+-----------------+
Note: In order to hide this table in the UI and the text report file, please set the "Show Parameter Settings in Synthesis Report" option in "Analysis and Synthesis Settings -> More Settings" to "Off".


+-----------------------------------------------------------------------------------------------------+
; Parameter Settings for User Entity Instance: pollard:pollard0|gcd:gcd0                              ;
+----------------+------------------------------------------------------------------+-----------------+
; Parameter Name ; Value                                                            ; Type            ;
+----------------+------------------------------------------------------------------+-----------------+
; n              ; 0000000000000000000000000000000000000000000000000000000101000011 ; Unsigned Binary ;
+----------------+------------------------------------------------------------------+-----------------+
Note: In order to hide this table in the UI and the text report file, please set the "Show Parameter Settings in Synthesis Report" option in "Analysis and Synthesis Settings -> More Settings" to "Off".


+------------------------------------------------------------------------------------------------+
; Parameter Settings for Inferred Entity Instance: pollard:pollard0|multiply:mul1|lpm_mult:Mult0 ;
+------------------------------------------------+---------------+-------------------------------+
; Parameter Name                                 ; Value         ; Type                          ;
+------------------------------------------------+---------------+-------------------------------+
; AUTO_CARRY_CHAINS                              ; ON            ; AUTO_CARRY                    ;
; IGNORE_CARRY_BUFFERS                           ; OFF           ; IGNORE_CARRY                  ;
; AUTO_CASCADE_CHAINS                            ; ON            ; AUTO_CASCADE                  ;
; IGNORE_CASCADE_BUFFERS                         ; OFF           ; IGNORE_CASCADE                ;
; LPM_WIDTHA                                     ; 18            ; Untyped                       ;
; LPM_WIDTHB                                     ; 18            ; Untyped                       ;
; LPM_WIDTHP                                     ; 36            ; Untyped                       ;
; LPM_WIDTHR                                     ; 36            ; Untyped                       ;
; LPM_WIDTHS                                     ; 1             ; Untyped                       ;
; LPM_REPRESENTATION                             ; UNSIGNED      ; Untyped                       ;
; LPM_PIPELINE                                   ; 0             ; Untyped                       ;
; LATENCY                                        ; 0             ; Untyped                       ;
; INPUT_A_IS_CONSTANT                            ; NO            ; Untyped                       ;
; INPUT_B_IS_CONSTANT                            ; NO            ; Untyped                       ;
; USE_EAB                                        ; OFF           ; Untyped                       ;
; MAXIMIZE_SPEED                                 ; 5             ; Untyped                       ;
; DEVICE_FAMILY                                  ; Cyclone 10 LP ; Untyped                       ;
; CARRY_CHAIN                                    ; MANUAL        ; Untyped                       ;
; APEX20K_TECHNOLOGY_MAPPER                      ; LUT           ; TECH_MAPPER_APEX20K           ;
; DEDICATED_MULTIPLIER_CIRCUITRY                 ; AUTO          ; Untyped                       ;
; DEDICATED_MULTIPLIER_MIN_INPUT_WIDTH_FOR_AUTO  ; 0             ; Untyped                       ;
; DEDICATED_MULTIPLIER_MIN_OUTPUT_WIDTH_FOR_AUTO ; 0             ; Untyped                       ;
; CBXI_PARAMETER                                 ; mult_7dt      ; Untyped                       ;
; INPUT_A_FIXED_VALUE                            ; Bx            ; Untyped                       ;
; INPUT_B_FIXED_VALUE                            ; Bx            ; Untyped                       ;
; USE_AHDL_IMPLEMENTATION                        ; OFF           ; Untyped                       ;
+------------------------------------------------+---------------+-------------------------------+
Note: In order to hide this table in the UI and the text report file, please set the "Show Parameter Settings in Synthesis Report" option in "Analysis and Synthesis Settings -> More Settings" to "Off".


+------------------------------------------------------------------------------------------------+
; Parameter Settings for Inferred Entity Instance: pollard:pollard0|multiply:mul0|lpm_mult:Mult0 ;
+------------------------------------------------+---------------+-------------------------------+
; Parameter Name                                 ; Value         ; Type                          ;
+------------------------------------------------+---------------+-------------------------------+
; AUTO_CARRY_CHAINS                              ; ON            ; AUTO_CARRY                    ;
; IGNORE_CARRY_BUFFERS                           ; OFF           ; IGNORE_CARRY                  ;
; AUTO_CASCADE_CHAINS                            ; ON            ; AUTO_CASCADE                  ;
; IGNORE_CASCADE_BUFFERS                         ; OFF           ; IGNORE_CASCADE                ;
; LPM_WIDTHA                                     ; 18            ; Untyped                       ;
; LPM_WIDTHB                                     ; 18            ; Untyped                       ;
; LPM_WIDTHP                                     ; 36            ; Untyped                       ;
; LPM_WIDTHR                                     ; 36            ; Untyped                       ;
; LPM_WIDTHS                                     ; 1             ; Untyped                       ;
; LPM_REPRESENTATION                             ; UNSIGNED      ; Untyped                       ;
; LPM_PIPELINE                                   ; 0             ; Untyped                       ;
; LATENCY                                        ; 0             ; Untyped                       ;
; INPUT_A_IS_CONSTANT                            ; NO            ; Untyped                       ;
; INPUT_B_IS_CONSTANT                            ; NO            ; Untyped                       ;
; USE_EAB                                        ; OFF           ; Untyped                       ;
; MAXIMIZE_SPEED                                 ; 5             ; Untyped                       ;
; DEVICE_FAMILY                                  ; Cyclone 10 LP ; Untyped                       ;
; CARRY_CHAIN                                    ; MANUAL        ; Untyped                       ;
; APEX20K_TECHNOLOGY_MAPPER                      ; LUT           ; TECH_MAPPER_APEX20K           ;
; DEDICATED_MULTIPLIER_CIRCUITRY                 ; AUTO          ; Untyped                       ;
; DEDICATED_MULTIPLIER_MIN_INPUT_WIDTH_FOR_AUTO  ; 0             ; Untyped                       ;
; DEDICATED_MULTIPLIER_MIN_OUTPUT_WIDTH_FOR_AUTO ; 0             ; Untyped                       ;
; CBXI_PARAMETER                                 ; mult_7dt      ; Untyped                       ;
; INPUT_A_FIXED_VALUE                            ; Bx            ; Untyped                       ;
; INPUT_B_FIXED_VALUE                            ; Bx            ; Untyped                       ;
; USE_AHDL_IMPLEMENTATION                        ; OFF           ; Untyped                       ;
+------------------------------------------------+---------------+-------------------------------+
Note: In order to hide this table in the UI and the text report file, please set the "Show Parameter Settings in Synthesis Report" option in "Analysis and Synthesis Settings -> More Settings" to "Off".


+----------------------------------------------+
; altpll Parameter Settings by Entity Instance ;
+-------------------------------+--------------+
; Name                          ; Value        ;
+-------------------------------+--------------+
; Number of entity instances    ; 1            ;
; Entity Instance               ; altpll:PLL   ;
;     -- OPERATION_MODE         ; NORMAL       ;
;     -- PLL_TYPE               ; AUTO         ;
;     -- PRIMARY_CLOCK          ; INCLK0       ;
;     -- INCLK0_INPUT_FREQUENCY ; 20000        ;
;     -- INCLK1_INPUT_FREQUENCY ; 0            ;
;     -- VCO_MULTIPLY_BY        ; 0            ;
;     -- VCO_DIVIDE_BY          ; 0            ;
+-------------------------------+--------------+


+---------------------------------------------------------------------------------------+
; lpm_mult Parameter Settings by Entity Instance                                        ;
+---------------------------------------+-----------------------------------------------+
; Name                                  ; Value                                         ;
+---------------------------------------+-----------------------------------------------+
; Number of entity instances            ; 2                                             ;
; Entity Instance                       ; pollard:pollard0|multiply:mul1|lpm_mult:Mult0 ;
;     -- LPM_WIDTHA                     ; 18                                            ;
;     -- LPM_WIDTHB                     ; 18                                            ;
;     -- LPM_WIDTHP                     ; 36                                            ;
;     -- LPM_REPRESENTATION             ; UNSIGNED                                      ;
;     -- INPUT_A_IS_CONSTANT            ; NO                                            ;
;     -- INPUT_B_IS_CONSTANT            ; NO                                            ;
;     -- USE_EAB                        ; OFF                                           ;
;     -- DEDICATED_MULTIPLIER_CIRCUITRY ; AUTO                                          ;
;     -- INPUT_A_FIXED_VALUE            ; Bx                                            ;
;     -- INPUT_B_FIXED_VALUE            ; Bx                                            ;
; Entity Instance                       ; pollard:pollard0|multiply:mul0|lpm_mult:Mult0 ;
;     -- LPM_WIDTHA                     ; 18                                            ;
;     -- LPM_WIDTHB                     ; 18                                            ;
;     -- LPM_WIDTHP                     ; 36                                            ;
;     -- LPM_REPRESENTATION             ; UNSIGNED                                      ;
;     -- INPUT_A_IS_CONSTANT            ; NO                                            ;
;     -- INPUT_B_IS_CONSTANT            ; NO                                            ;
;     -- USE_EAB                        ; OFF                                           ;
;     -- DEDICATED_MULTIPLIER_CIRCUITRY ; AUTO                                          ;
;     -- INPUT_A_FIXED_VALUE            ; Bx                                            ;
;     -- INPUT_B_FIXED_VALUE            ; Bx                                            ;
+---------------------------------------+-----------------------------------------------+


+-----------------------------------------------------+
; Post-Synthesis Netlist Statistics for Top Partition ;
+-----------------------+-----------------------------+
; Type                  ; Count                       ;
+-----------------------+-----------------------------+
; boundary_port         ; 7                           ;
; cycloneiii_ff         ; 1803                        ;
;     ENA               ; 880                         ;
;     ENA SCLR          ; 584                         ;
;     ENA SCLR SLD      ; 80                          ;
;     ENA SLD           ; 201                         ;
;     SCLR              ; 14                          ;
;     SLD               ; 2                           ;
;     plain             ; 42                          ;
; cycloneiii_lcell_comb ; 5168                        ;
;     arith             ; 1701                        ;
;         2 data inputs ; 500                         ;
;         3 data inputs ; 1201                        ;
;     normal            ; 3467                        ;
;         0 data inputs ; 1                           ;
;         1 data inputs ; 23                          ;
;         2 data inputs ; 170                         ;
;         3 data inputs ; 1634                        ;
;         4 data inputs ; 1639                        ;
; cycloneiii_mac_mult   ; 2                           ;
; cycloneiii_mac_out    ; 2                           ;
; cycloneiii_pll        ; 1                           ;
;                       ;                             ;
; Max LUT depth         ; 17.70                       ;
; Average LUT depth     ; 8.66                        ;
+-----------------------+-----------------------------+


+-------------------------------+
; Elapsed Time Per Partition    ;
+----------------+--------------+
; Partition Name ; Elapsed Time ;
+----------------+--------------+
; Top            ; 00:00:03     ;
+----------------+--------------+


+-------------------------------+
; Analysis & Synthesis Messages ;
+-------------------------------+
Info: *******************************************************************
Info: Running Quartus Prime Analysis & Synthesis
    Info: Version 24.1std.0 Build 1077 03/04/2025 SC Lite Edition
    Info: Processing started: Sun Mar 29 22:34:31 2026
Info: Command: quartus_map --read_settings_files=on --write_settings_files=off hello -c hello
Warning (18236): Number of processors has not been specified which may cause overloading on shared machines.  Set the global assignment NUM_PARALLEL_PROCESSORS in your QSF to an appropriate value for best performance.
Info (20030): Parallel compilation is enabled and will use 12 of the 12 processors detected
Info (12021): Found 3 design units, including 3 entities, in source file hello.v
    Info (12023): Found entity 1: pollard File: /home/sorin/misc/verilog_beginning/verilog_pollard/hello.v Line: 3
    Info (12023): Found entity 2: hello File: /home/sorin/misc/verilog_beginning/verilog_pollard/hello.v Line: 368
    Info (12023): Found entity 3: test_pollard File: /home/sorin/misc/verilog_beginning/verilog_pollard/hello.v Line: 463
Warning (10463): Verilog HDL Declaration warning at uart.v(17): "bit" is SystemVerilog-2005 keyword File: /home/sorin/misc/verilog_beginning/verilog_pollard/uart.v Line: 17
Info (12021): Found 2 design units, including 2 entities, in source file uart.v
    Info (12023): Found entity 1: uart_transmit File: /home/sorin/misc/verilog_beginning/verilog_pollard/uart.v Line: 4
    Info (12023): Found entity 2: send_number File: /home/sorin/misc/verilog_beginning/verilog_pollard/uart.v Line: 66
Info (12021): Found 2 design units, including 2 entities, in source file math.v
    Info (12023): Found entity 1: gcd File: /home/sorin/misc/verilog_beginning/verilog_pollard/math.v Line: 5
    Info (12023): Found entity 2: multiply File: /home/sorin/misc/verilog_beginning/verilog_pollard/math.v Line: 82
Warning (10236): Verilog HDL Implicit Net warning at hello.v(417): created implicit net for "reste" File: /home/sorin/misc/verilog_beginning/verilog_pollard/hello.v Line: 417
Info (12127): Elaborating entity "hello" for the top level hierarchy
Warning (10036): Verilog HDL or VHDL warning at hello.v(386): object "s" assigned a value but never read File: /home/sorin/misc/verilog_beginning/verilog_pollard/hello.v Line: 386
Info (12128): Elaborating entity "altpll" for hierarchy "altpll:PLL" File: /home/sorin/misc/verilog_beginning/verilog_pollard/hello.v Line: 413
Info (12130): Elaborated megafunction instantiation "altpll:PLL" File: /home/sorin/misc/verilog_beginning/verilog_pollard/hello.v Line: 413
Info (12133): Instantiated megafunction "altpll:PLL" with the following parameter: File: /home/sorin/misc/verilog_beginning/verilog_pollard/hello.v Line: 413
    Info (12134): Parameter "operation_mode" = "NORMAL"
    Info (12134): Parameter "inclk0_input_frequency" = "20000"
    Info (12134): Parameter "clk0_multiply_by" = "1"
    Info (12134): Parameter "clk0_divide_by" = "2"
    Info (12134): Parameter "clk1_multiply_by" = "2"
    Info (12134): Parameter "clk1_divide_by" = "1"
Info (12021): Found 1 design units, including 1 entities, in source file db/altpll_vbo.tdf
    Info (12023): Found entity 1: altpll_vbo File: /home/sorin/misc/verilog_beginning/verilog_pollard/db/altpll_vbo.tdf Line: 28
Info (12128): Elaborating entity "altpll_vbo" for hierarchy "altpll:PLL|altpll_vbo:auto_generated" File: /home/sorin/intelFPGA_lite/24.1std/quartus/libraries/megafunctions/altpll.tdf Line: 898
Info (12128): Elaborating entity "send_number" for hierarchy "send_number:senn" File: /home/sorin/misc/verilog_beginning/verilog_pollard/hello.v Line: 421
Warning (10230): Verilog HDL assignment warning at uart.v(105): truncated value with size 32 to match size of target (2) File: /home/sorin/misc/verilog_beginning/verilog_pollard/uart.v Line: 105
Warning (10230): Verilog HDL assignment warning at uart.v(123): truncated value with size 32 to match size of target (2) File: /home/sorin/misc/verilog_beginning/verilog_pollard/uart.v Line: 123
Info (12128): Elaborating entity "uart_transmit" for hierarchy "send_number:senn|uart_transmit:send0" File: /home/sorin/misc/verilog_beginning/verilog_pollard/uart.v Line: 91
Warning (10230): Verilog HDL assignment warning at uart.v(42): truncated value with size 32 to match size of target (8) File: /home/sorin/misc/verilog_beginning/verilog_pollard/uart.v Line: 42
Warning (10230): Verilog HDL assignment warning at uart.v(49): truncated value with size 32 to match size of target (4) File: /home/sorin/misc/verilog_beginning/verilog_pollard/uart.v Line: 49
Warning (10230): Verilog HDL assignment warning at uart.v(53): truncated value with size 32 to match size of target (4) File: /home/sorin/misc/verilog_beginning/verilog_pollard/uart.v Line: 53
Info (12128): Elaborating entity "pollard" for hierarchy "pollard:pollard0" File: /home/sorin/misc/verilog_beginning/verilog_pollard/hello.v Line: 438
Warning (10230): Verilog HDL assignment warning at hello.v(147): truncated value with size 128 to match size of target (64) File: /home/sorin/misc/verilog_beginning/verilog_pollard/hello.v Line: 147
Warning (10230): Verilog HDL assignment warning at hello.v(148): truncated value with size 128 to match size of target (64) File: /home/sorin/misc/verilog_beginning/verilog_pollard/hello.v Line: 148
Warning (10230): Verilog HDL assignment warning at hello.v(149): truncated value with size 128 to match size of target (64) File: /home/sorin/misc/verilog_beginning/verilog_pollard/hello.v Line: 149
Warning (10230): Verilog HDL assignment warning at hello.v(150): truncated value with size 128 to match size of target (64) File: /home/sorin/misc/verilog_beginning/verilog_pollard/hello.v Line: 150
Warning (10230): Verilog HDL assignment warning at hello.v(175): truncated value with size 128 to match size of target (64) File: /home/sorin/misc/verilog_beginning/verilog_pollard/hello.v Line: 175
Warning (10230): Verilog HDL assignment warning at hello.v(177): truncated value with size 128 to match size of target (64) File: /home/sorin/misc/verilog_beginning/verilog_pollard/hello.v Line: 177
Warning (10230): Verilog HDL assignment warning at hello.v(203): truncated value with size 128 to match size of target (64) File: /home/sorin/misc/verilog_beginning/verilog_pollard/hello.v Line: 203
Warning (10230): Verilog HDL assignment warning at hello.v(205): truncated value with size 128 to match size of target (64) File: /home/sorin/misc/verilog_beginning/verilog_pollard/hello.v Line: 205
Warning (10230): Verilog HDL assignment warning at hello.v(244): truncated value with size 128 to match size of target (64) File: /home/sorin/misc/verilog_beginning/verilog_pollard/hello.v Line: 244
Warning (10230): Verilog HDL assignment warning at hello.v(245): truncated value with size 128 to match size of target (64) File: /home/sorin/misc/verilog_beginning/verilog_pollard/hello.v Line: 245
Warning (10230): Verilog HDL assignment warning at hello.v(266): truncated value with size 128 to match size of target (64) File: /home/sorin/misc/verilog_beginning/verilog_pollard/hello.v Line: 266
Warning (10230): Verilog HDL assignment warning at hello.v(287): truncated value with size 128 to match size of target (64) File: /home/sorin/misc/verilog_beginning/verilog_pollard/hello.v Line: 287
Warning (10230): Verilog HDL assignment warning at hello.v(329): truncated value with size 128 to match size of target (64) File: /home/sorin/misc/verilog_beginning/verilog_pollard/hello.v Line: 329
Warning (10230): Verilog HDL assignment warning at hello.v(332): truncated value with size 128 to match size of target (64) File: /home/sorin/misc/verilog_beginning/verilog_pollard/hello.v Line: 332
Info (12128): Elaborating entity "gcd" for hierarchy "pollard:pollard0|gcd:gcd0" File: /home/sorin/misc/verilog_beginning/verilog_pollard/hello.v Line: 97
Warning (10230): Verilog HDL assignment warning at math.v(55): truncated value with size 2 to match size of target (1) File: /home/sorin/misc/verilog_beginning/verilog_pollard/math.v Line: 55
Info (12128): Elaborating entity "multiply" for hierarchy "pollard:pollard0|multiply:mul0" File: /home/sorin/misc/verilog_beginning/verilog_pollard/hello.v Line: 110
Warning (10036): Verilog HDL or VHDL warning at math.v(111): object "carry" assigned a value but never read File: /home/sorin/misc/verilog_beginning/verilog_pollard/math.v Line: 111
Warning (10230): Verilog HDL assignment warning at math.v(150): truncated value with size 32 to match size of target (8) File: /home/sorin/misc/verilog_beginning/verilog_pollard/math.v Line: 150
Warning (10230): Verilog HDL assignment warning at math.v(153): truncated value with size 32 to match size of target (4) File: /home/sorin/misc/verilog_beginning/verilog_pollard/math.v Line: 153
Warning (10230): Verilog HDL assignment warning at math.v(169): truncated value with size 32 to match size of target (4) File: /home/sorin/misc/verilog_beginning/verilog_pollard/math.v Line: 169
Warning (10230): Verilog HDL assignment warning at math.v(179): truncated value with size 32 to match size of target (4) File: /home/sorin/misc/verilog_beginning/verilog_pollard/math.v Line: 179
Warning (10230): Verilog HDL assignment warning at math.v(200): truncated value with size 64 to match size of target (18) File: /home/sorin/misc/verilog_beginning/verilog_pollard/math.v Line: 200
Warning (10230): Verilog HDL assignment warning at math.v(201): truncated value with size 64 to match size of target (18) File: /home/sorin/misc/verilog_beginning/verilog_pollard/math.v Line: 201
Warning (10230): Verilog HDL assignment warning at math.v(206): truncated value with size 32 to match size of target (4) File: /home/sorin/misc/verilog_beginning/verilog_pollard/math.v Line: 206
Warning (12030): Port "clk" on the entity instantiation of "PLL" is connected to a signal of width 2. The formal width of the signal in the module is 6.  The extra bits will be left dangling without any fan-out logic. File: /home/sorin/misc/verilog_beginning/verilog_pollard/hello.v Line: 413
Warning (12010): Port "inclk" on the entity instantiation of "PLL" is connected to a signal of width 1. The formal width of the signal in the module is 2.  The extra bits will be driven by GND. File: /home/sorin/misc/verilog_beginning/verilog_pollard/hello.v Line: 413
Info (278001): Inferred 2 megafunctions from design logic
    Info (278003): Inferred multiplier megafunction ("lpm_mult") from the following logic: "pollard:pollard0|multiply:mul1|Mult0" File: /home/sorin/misc/verilog_beginning/verilog_pollard/math.v Line: 205
    Info (278003): Inferred multiplier megafunction ("lpm_mult") from the following logic: "pollard:pollard0|multiply:mul0|Mult0" File: /home/sorin/misc/verilog_beginning/verilog_pollard/math.v Line: 205
Info (12130): Elaborated megafunction instantiation "pollard:pollard0|multiply:mul1|lpm_mult:Mult0" File: /home/sorin/misc/verilog_beginning/verilog_pollard/math.v Line: 205
Info (12133): Instantiated megafunction "pollard:pollard0|multiply:mul1|lpm_mult:Mult0" with the following parameter: File: /home/sorin/misc/verilog_beginning/verilog_pollard/math.v Line: 205
    Info (12134): Parameter "LPM_WIDTHA" = "18"
    Info (12134): Parameter "LPM_WIDTHB" = "18"
    Info (12134): Parameter "LPM_WIDTHP" = "36"
    Info (12134): Parameter "LPM_WIDTHR" = "36"
    Info (12134): Parameter "LPM_WIDTHS" = "1"
    Info (12134): Parameter "LPM_REPRESENTATION" = "UNSIGNED"
    Info (12134): Parameter "INPUT_A_IS_CONSTANT" = "NO"
    Info (12134): Parameter "INPUT_B_IS_CONSTANT" = "NO"
    Info (12134): Parameter "MAXIMIZE_SPEED" = "5"
Info (12021): Found 1 design units, including 1 entities, in source file db/mult_7dt.tdf
    Info (12023): Found entity 1: mult_7dt File: /home/sorin/misc/verilog_beginning/verilog_pollard/db/mult_7dt.tdf Line: 29
Info (286030): Timing-Driven Synthesis is running
Info (17049): 19 registers lost all their fanouts during netlist optimizations.
Info (16010): Generating hard_block partition "hard_block:auto_generated_inst"
    Info (16011): Adding 1 node(s), including 0 DDIO, 1 PLL, 0 transceiver and 0 LCELL
Info (21057): Implemented 5461 device resources after synthesis - the final resource count might be different
    Info (21058): Implemented 2 input pins
    Info (21059): Implemented 5 output pins
    Info (21061): Implemented 5449 logic cells
    Info (21065): Implemented 1 PLLs
    Info (21062): Implemented 4 DSP elements
Info: Quartus Prime Analysis & Synthesis was successful. 0 errors, 34 warnings
    Info: Peak virtual memory: 496 megabytes
    Info: Processing ended: Sun Mar 29 22:34:38 2026
    Info: Elapsed time: 00:00:07
    Info: Total CPU time (on all processors): 00:00:14


